<?xml version='1.0' encoding='UTF-8'?>
<osm version="0.6" upload="true" generator="commonroad-scenario-designer">
  <node id="1" action="modify" visible="true" version="1" lat="25.012337485049677" lon="121.4668445933732"/>
  <node id="2" action="modify" visible="true" version="1" lat="25.01165243727931" lon="121.4672199328551"/>
  <node id="3" action="modify" visible="true" version="1" lat="25.01096738894383" lon="121.46759526874375"/>
  <node id="4" action="modify" visible="true" version="1" lat="25.012321355097942" lon="121.46680913956389"/>
  <node id="5" action="modify" visible="true" version="1" lat="25.011636308051674" lon="121.46718447904577"/>
  <node id="6" action="modify" visible="true" version="1" lat="25.010951258812142" lon="121.46755981403612"/>
  <node id="10" action="modify" visible="true" version="1" lat="25.01230522514409" lon="121.46677368485624"/>
  <node id="11" action="modify" visible="true" version="1" lat="25.01162017800784" lon="121.46714902523645"/>
  <node id="12" action="modify" visible="true" version="1" lat="25.01093512949241" lon="121.46752436022678"/>
  <node id="15" action="modify" visible="true" version="1" lat="25.015645303930253" lon="121.46404852147435"/>
  <node id="16" action="modify" visible="true" version="1" lat="25.014720333666016" lon="121.46538723762313"/>
  <node id="17" action="modify" visible="true" version="1" lat="25.014689800992375" lon="121.46542372090177"/>
  <node id="18" action="modify" visible="true" version="1" lat="25.014644888064446" lon="121.46547738715519"/>
  <node id="19" action="modify" visible="true" version="1" lat="25.014644201817713" lon="121.46547803124723"/>
  <node id="20" action="modify" visible="true" version="1" lat="25.0156165306414" lon="121.46402457777879"/>
  <node id="21" action="modify" visible="true" version="1" lat="25.014691560160408" lon="121.46536329392757"/>
  <node id="22" action="modify" visible="true" version="1" lat="25.01466320588533" lon="121.46539691427539"/>
  <node id="23" action="modify" visible="true" version="1" lat="25.01462139286241" lon="121.46544729449148"/>
  <node id="24" action="modify" visible="true" version="1" lat="25.01462070661554" lon="121.46544793858354"/>
  <node id="28" action="modify" visible="true" version="1" lat="25.015587757345806" lon="121.4640006340832"/>
  <node id="29" action="modify" visible="true" version="1" lat="25.01466278664806" lon="121.46533935023199"/>
  <node id="30" action="modify" visible="true" version="1" lat="25.01463661158658" lon="121.4653701085473"/>
  <node id="31" action="modify" visible="true" version="1" lat="25.014597896841824" lon="121.46541720182776"/>
  <node id="32" action="modify" visible="true" version="1" lat="25.014597211408873" lon="121.46541784681816"/>
  <node id="35" action="modify" visible="true" version="1" lat="25.016207068767212" lon="121.46325801749906"/>
  <node id="36" action="modify" visible="true" version="1" lat="25.015982330904702" lon="121.46357633462168"/>
  <node id="37" action="modify" visible="true" version="1" lat="25.015757586932523" lon="121.46389465982912"/>
  <node id="38" action="modify" visible="true" version="1" lat="25.0161785251701" lon="121.46323374502009"/>
  <node id="39" action="modify" visible="true" version="1" lat="25.015953786441308" lon="121.463552063041"/>
  <node id="40" action="modify" visible="true" version="1" lat="25.015729042416876" lon="121.46387038735016"/>
  <node id="44" action="modify" visible="true" version="1" lat="25.016149980752317" lon="121.46320947343942"/>
  <node id="45" action="modify" visible="true" version="1" lat="25.01592524278532" lon="121.46352779146035"/>
  <node id="46" action="modify" visible="true" version="1" lat="25.015700498708643" lon="121.46384611576948"/>
  <node id="49" action="modify" visible="true" version="1" lat="25.011415105489856" lon="121.46480841176309"/>
  <node id="50" action="modify" visible="true" version="1" lat="25.01112457743027" lon="121.464970501078"/>
  <node id="51" action="modify" visible="true" version="1" lat="25.01083404868337" lon="121.46513259039294"/>
  <node id="52" action="modify" visible="true" version="1" lat="25.01139874096349" lon="121.46477308731119"/>
  <node id="53" action="modify" visible="true" version="1" lat="25.011108212865185" lon="121.4649351766261"/>
  <node id="54" action="modify" visible="true" version="1" lat="25.010817684079576" lon="121.46509726594101"/>
  <node id="58" action="modify" visible="true" version="1" lat="25.01138237643494" lon="121.46473776285926"/>
  <node id="59" action="modify" visible="true" version="1" lat="25.011091848297923" lon="121.46489985307248"/>
  <node id="60" action="modify" visible="true" version="1" lat="25.0108013194736" lon="121.46506194148908"/>
  <node id="63" action="modify" visible="true" version="1" lat="25.010705278518785" lon="121.46520443495442"/>
  <node id="64" action="modify" visible="true" version="1" lat="25.010378358534656" lon="121.46538684236441"/>
  <node id="65" action="modify" visible="true" version="1" lat="25.010051437680282" lon="121.46556924797781"/>
  <node id="66" action="modify" visible="true" version="1" lat="25.010688913083754" lon="121.4651691114008"/>
  <node id="67" action="modify" visible="true" version="1" lat="25.010361992241975" lon="121.46535151881082"/>
  <node id="68" action="modify" visible="true" version="1" lat="25.01003507134403" lon="121.4655339244242"/>
  <node id="72" action="modify" visible="true" version="1" lat="25.01067254764654" lon="121.46513378784721"/>
  <node id="73" action="modify" visible="true" version="1" lat="25.010345626761197" lon="121.46531619525723"/>
  <node id="74" action="modify" visible="true" version="1" lat="25.010018705819693" lon="121.46549860176893"/>
  <node id="77" action="modify" visible="true" version="1" lat="25.009254664686637" lon="121.46363166724993"/>
  <node id="78" action="modify" visible="true" version="1" lat="25.00933951957571" lon="121.46342709211363"/>
  <node id="79" action="modify" visible="true" version="1" lat="25.00934086770583" lon="121.46342304430497"/>
  <node id="80" action="modify" visible="true" version="1" lat="25.00936320058631" lon="121.46337959459132"/>
  <node id="81" action="modify" visible="true" version="1" lat="25.009367863682773" lon="121.46337250778203"/>
  <node id="82" action="modify" visible="true" version="1" lat="25.00939764057793" lon="121.46333588077295"/>
  <node id="83" action="modify" visible="true" version="1" lat="25.00941336142753" lon="121.46332000035535"/>
  <node id="84" action="modify" visible="true" version="1" lat="25.009448878442875" lon="121.46329059400452"/>
  <node id="85" action="modify" visible="true" version="1" lat="25.009488324233118" lon="121.46326490488234"/>
  <node id="86" action="modify" visible="true" version="1" lat="25.009488651496195" lon="121.46326471803278"/>
  <node id="87" action="modify" visible="true" version="1" lat="25.00953079922835" lon="121.46324323122951"/>
  <node id="88" action="modify" visible="true" version="1" lat="25.00953965649431" lon="121.46323925708266"/>
  <node id="89" action="modify" visible="true" version="1" lat="25.009583771856352" lon="121.4632231538829"/>
  <node id="90" action="modify" visible="true" version="1" lat="25.009600588442584" lon="121.46321716481489"/>
  <node id="91" action="modify" visible="true" version="1" lat="25.009643332861536" lon="121.46320125295627"/>
  <node id="92" action="modify" visible="true" version="1" lat="25.0105395481656" lon="121.46286762494795"/>
  <node id="93" action="modify" visible="true" version="1" lat="25.009283421556212" lon="121.46364603220962"/>
  <node id="94" action="modify" visible="true" version="1" lat="25.009368278867683" lon="121.46344145078513"/>
  <node id="95" action="modify" visible="true" version="1" lat="25.009369942863646" lon="121.4634366178489"/>
  <node id="96" action="modify" visible="true" version="1" lat="25.009389143942673" lon="121.46339938537533"/>
  <node id="97" action="modify" visible="true" version="1" lat="25.00939291235557" lon="121.4633936415474"/>
  <node id="98" action="modify" visible="true" version="1" lat="25.009419594897302" lon="121.4633608162086"/>
  <node id="99" action="modify" visible="true" version="1" lat="25.009433740484557" lon="121.46334649796131"/>
  <node id="100" action="modify" visible="true" version="1" lat="25.009466168846448" lon="121.4633196140798"/>
  <node id="101" action="modify" visible="true" version="1" lat="25.009502937098496" lon="121.46329564792632"/>
  <node id="102" action="modify" visible="true" version="1" lat="25.00950319597821" lon="121.4632954997043"/>
  <node id="103" action="modify" visible="true" version="1" lat="25.009543145670783" lon="121.46327514747321"/>
  <node id="104" action="modify" visible="true" version="1" lat="25.00955106266556" lon="121.46327159194134"/>
  <node id="105" action="modify" visible="true" version="1" lat="25.009593347142843" lon="121.46325619661398"/>
  <node id="106" action="modify" visible="true" version="1" lat="25.00961073847279" lon="121.46325000093348"/>
  <node id="107" action="modify" visible="true" version="1" lat="25.009653483702298" lon="121.46323408817652"/>
  <node id="108" action="modify" visible="true" version="1" lat="25.010549698118208" lon="121.46290046016821"/>
  <node id="112" action="modify" visible="true" version="1" lat="25.00931217841905" lon="121.46366039627102"/>
  <node id="113" action="modify" visible="true" version="1" lat="25.009397038152915" lon="121.46345580945663"/>
  <node id="114" action="modify" visible="true" version="1" lat="25.00939901720049" lon="121.46345019049454"/>
  <node id="115" action="modify" visible="true" version="1" lat="25.009415087293558" lon="121.46341917705767"/>
  <node id="116" action="modify" visible="true" version="1" lat="25.009417961023253" lon="121.46341477531276"/>
  <node id="117" action="modify" visible="true" version="1" lat="25.00944154921274" lon="121.46338575164425"/>
  <node id="118" action="modify" visible="true" version="1" lat="25.009454118724115" lon="121.46337299556723"/>
  <node id="119" action="modify" visible="true" version="1" lat="25.00948345924758" lon="121.46334863505335"/>
  <node id="120" action="modify" visible="true" version="1" lat="25.00951754914804" lon="121.46332639007198"/>
  <node id="121" action="modify" visible="true" version="1" lat="25.009517739644412" lon="121.46332628137581"/>
  <node id="122" action="modify" visible="true" version="1" lat="25.00955549292607" lon="121.46330706371694"/>
  <node id="123" action="modify" visible="true" version="1" lat="25.009562468835746" lon="121.46330392769829"/>
  <node id="124" action="modify" visible="true" version="1" lat="25.009602921614498" lon="121.46328924024341"/>
  <node id="125" action="modify" visible="true" version="1" lat="25.009620888502162" lon="121.46328283615374"/>
  <node id="126" action="modify" visible="true" version="1" lat="25.009663633728138" lon="121.46326692429511"/>
  <node id="127" action="modify" visible="true" version="1" lat="25.01055984888406" lon="121.46293329628678"/>
  <node id="130" action="modify" visible="true" version="1" lat="25.00888278510127" lon="121.46484630988829"/>
  <node id="131" action="modify" visible="true" version="1" lat="25.009045758738516" lon="121.46430345975874"/>
  <node id="132" action="modify" visible="true" version="1" lat="25.009208727274974" lon="121.46376061861233"/>
  <node id="133" action="modify" visible="true" version="1" lat="25.00891279494408" lon="121.4648571597403"/>
  <node id="134" action="modify" visible="true" version="1" lat="25.009075767727417" lon="121.46431430961073"/>
  <node id="135" action="modify" visible="true" version="1" lat="25.009238737038142" lon="121.46377146756602"/>
  <node id="139" action="modify" visible="true" version="1" lat="25.008942803965468" lon="121.46486800959231"/>
  <node id="140" action="modify" visible="true" version="1" lat="25.009105777523068" lon="121.46432515946273"/>
  <node id="141" action="modify" visible="true" version="1" lat="25.009268745979885" lon="121.46378231741801"/>
  <node id="144" action="modify" visible="true" version="1" lat="25.01096764456415" lon="121.46759512860655"/>
  <node id="145" action="modify" visible="true" version="1" lat="25.01165256346061" lon="121.46721986368483"/>
  <node id="146" action="modify" visible="true" version="1" lat="25.01233747446679" lon="121.46684459966141"/>
  <node id="147" action="modify" visible="true" version="1" lat="25.010983773879616" lon="121.46763058241586"/>
  <node id="148" action="modify" visible="true" version="1" lat="25.01166869350019" lon="121.46725531839245"/>
  <node id="149" action="modify" visible="true" version="1" lat="25.012353604416408" lon="121.46688005436904"/>
  <node id="153" action="modify" visible="true" version="1" lat="25.010999904007033" lon="121.46766603622521"/>
  <node id="154" action="modify" visible="true" version="1" lat="25.01168482353765" lon="121.46729077220178"/>
  <node id="155" action="modify" visible="true" version="1" lat="25.012369734363908" lon="121.46691550817836"/>
  <node id="158" action="modify" visible="true" version="1" lat="25.010720916164946" lon="121.46506142855105"/>
  <node id="159" action="modify" visible="true" version="1" lat="25.010435268506846" lon="121.46441165195324"/>
  <node id="160" action="modify" visible="true" version="1" lat="25.010418165478367" lon="121.46436821661261"/>
  <node id="161" action="modify" visible="true" version="1" lat="25.01040050561596" lon="121.46431694975935"/>
  <node id="162" action="modify" visible="true" version="1" lat="25.01039053719114" lon="121.46428360968589"/>
  <node id="163" action="modify" visible="true" version="1" lat="25.010381122340828" lon="121.4642480390956"/>
  <node id="164" action="modify" visible="true" version="1" lat="25.010753438620107" lon="121.465044210542"/>
  <node id="165" action="modify" visible="true" version="1" lat="25.010467791037662" lon="121.4643944339442"/>
  <node id="166" action="modify" visible="true" version="1" lat="25.010451673051563" lon="121.46435344651272"/>
  <node id="167" action="modify" visible="true" version="1" lat="25.010434552115587" lon="121.46430374542301"/>
  <node id="168" action="modify" visible="true" version="1" lat="25.010425213792264" lon="121.46427255681465"/>
  <node id="169" action="modify" visible="true" version="1" lat="25.01041579894461" lon="121.46423698532602"/>
  <node id="173" action="modify" visible="true" version="1" lat="25.010403569817587" lon="121.46419547507507"/>
  <node id="174" action="modify" visible="true" version="1" lat="25.010528074517488" lon="121.46413072720433"/>
  <node id="175" action="modify" visible="true" version="1" lat="25.010652579091158" lon="121.4640659793336"/>
  <node id="176" action="modify" visible="true" version="1" lat="25.01041903328881" lon="121.46423128461721"/>
  <node id="177" action="modify" visible="true" version="1" lat="25.010543537973025" lon="121.4641665367465"/>
  <node id="178" action="modify" visible="true" version="1" lat="25.010668042531023" lon="121.46410178887577"/>
  <node id="182" action="modify" visible="true" version="1" lat="25.00929005393597" lon="121.46372231175366"/>
  <node id="183" action="modify" visible="true" version="1" lat="25.0092908851204" lon="121.46372269892757"/>
  <node id="184" action="modify" visible="true" version="1" lat="25.00933384700871" lon="121.46374209984275"/>
  <node id="185" action="modify" visible="true" version="1" lat="25.009351684495712" lon="121.46375007867908"/>
  <node id="186" action="modify" visible="true" version="1" lat="25.010150343089958" lon="121.4641091317049"/>
  <node id="187" action="modify" visible="true" version="1" lat="25.01019414399677" lon="121.46412882277592"/>
  <node id="188" action="modify" visible="true" version="1" lat="25.01022923583534" lon="121.46414459629398"/>
  <node id="189" action="modify" visible="true" version="1" lat="25.01025061119361" lon="121.46415420377596"/>
  <node id="190" action="modify" visible="true" version="1" lat="25.00927593031255" lon="121.46375878155757"/>
  <node id="191" action="modify" visible="true" version="1" lat="25.009276761497077" lon="121.46375916873146"/>
  <node id="192" action="modify" visible="true" version="1" lat="25.009320234637823" lon="121.46377880320863"/>
  <node id="193" action="modify" visible="true" version="1" lat="25.009337994788428" lon="121.463786747909"/>
  <node id="194" action="modify" visible="true" version="1" lat="25.01013665347169" lon="121.46414580093479"/>
  <node id="195" action="modify" visible="true" version="1" lat="25.01018045682563" lon="121.46416549200583"/>
  <node id="196" action="modify" visible="true" version="1" lat="25.01021554866811" lon="121.46418126552389"/>
  <node id="197" action="modify" visible="true" version="1" lat="25.010236924028764" lon="121.46419087390417"/>
  <node id="201" action="modify" visible="true" version="1" lat="25.010294381129544" lon="121.4641738786773"/>
  <node id="202" action="modify" visible="true" version="1" lat="25.010338146979475" lon="121.46419355088372"/>
  <node id="203" action="modify" visible="true" version="1" lat="25.01028069478366" lon="121.46421054880554"/>
  <node id="204" action="modify" visible="true" version="1" lat="25.01032446063847" lon="121.46423022101192"/>
  <node id="208" action="modify" visible="true" version="1" lat="25.01464348219478" lon="121.46547870767864"/>
  <node id="209" action="modify" visible="true" version="1" lat="25.014644168441535" lon="121.46547806358657"/>
  <node id="210" action="modify" visible="true" version="1" lat="25.014675380860673" lon="121.46544441718761"/>
  <node id="211" action="modify" visible="true" version="1" lat="25.014708056938552" lon="121.46540404240717"/>
  <node id="212" action="modify" visible="true" version="1" lat="25.014720332851965" lon="121.46538723762313"/>
  <node id="213" action="modify" visible="true" version="1" lat="25.01564434416949" lon="121.46404991116809"/>
  <node id="214" action="modify" visible="true" version="1" lat="25.014666977392597" lon="121.46550880034233"/>
  <node id="215" action="modify" visible="true" version="1" lat="25.014667663639216" lon="121.46550815625027"/>
  <node id="216" action="modify" visible="true" version="1" lat="25.014701685348268" lon="121.46547156607213"/>
  <node id="217" action="modify" visible="true" version="1" lat="25.014735777870452" lon="121.46542943688195"/>
  <node id="218" action="modify" visible="true" version="1" lat="25.014749106350827" lon="121.46541118221705"/>
  <node id="219" action="modify" visible="true" version="1" lat="25.01567311745183" lon="121.46407385486368"/>
  <node id="223" action="modify" visible="true" version="1" lat="25.01469047339997" lon="121.46553889300604"/>
  <node id="224" action="modify" visible="true" version="1" lat="25.0146911588324" lon="121.46553824801568"/>
  <node id="225" action="modify" visible="true" version="1" lat="25.014727989830227" lon="121.46549871495664"/>
  <node id="226" action="modify" visible="true" version="1" lat="25.01476349798205" lon="121.46545483225502"/>
  <node id="227" action="modify" visible="true" version="1" lat="25.0147778790289" lon="121.46543512591263"/>
  <node id="228" action="modify" visible="true" version="1" lat="25.01570189072742" lon="121.46409779855927"/>
  <node id="231" action="modify" visible="true" version="1" lat="25.015757612167935" lon="121.46389462389652"/>
  <node id="232" action="modify" visible="true" version="1" lat="25.015982400912502" lon="121.46357623580698"/>
  <node id="233" action="modify" visible="true" version="1" lat="25.01620718843149" lon="121.46325784771747"/>
  <node id="234" action="modify" visible="true" version="1" lat="25.015786156676945" lon="121.46391889547718"/>
  <node id="235" action="modify" visible="true" version="1" lat="25.01601094536925" lon="121.46360050828598"/>
  <node id="236" action="modify" visible="true" version="1" lat="25.01623573283597" lon="121.46328211929816"/>
  <node id="240" action="modify" visible="true" version="1" lat="25.01581470036526" lon="121.46394316705783"/>
  <node id="241" action="modify" visible="true" version="1" lat="25.01603948900532" lon="121.46362477986665"/>
  <node id="242" action="modify" visible="true" version="1" lat="25.016264277233827" lon="121.46330639177711"/>
  <node id="245" action="modify" visible="true" version="1" lat="25.009941616135702" lon="121.46553807284418"/>
  <node id="246" action="modify" visible="true" version="1" lat="25.009918568594298" lon="121.46550114579782"/>
  <node id="247" action="modify" visible="true" version="1" lat="25.009891912211675" lon="121.46546056260823"/>
  <node id="248" action="modify" visible="true" version="1" lat="25.009890940194687" lon="121.46545913518524"/>
  <node id="249" action="modify" visible="true" version="1" lat="25.00986271750697" lon="121.46541851696135"/>
  <node id="250" action="modify" visible="true" version="1" lat="25.009853556610665" lon="121.46540589293666"/>
  <node id="251" action="modify" visible="true" version="1" lat="25.0098443729193" lon="121.46539362105155"/>
  <node id="252" action="modify" visible="true" version="1" lat="25.009971408359355" lon="121.46551567964077"/>
  <node id="253" action="modify" visible="true" version="1" lat="25.009948360009453" lon="121.46547875259441"/>
  <node id="254" action="modify" visible="true" version="1" lat="25.00992086349821" lon="121.46543687942405"/>
  <node id="255" action="modify" visible="true" version="1" lat="25.009919841822303" lon="121.46543538013587"/>
  <node id="256" action="modify" visible="true" version="1" lat="25.009891175465135" lon="121.46539412320979"/>
  <node id="257" action="modify" visible="true" version="1" lat="25.00988146180747" lon="121.46538074370196"/>
  <node id="258" action="modify" visible="true" version="1" lat="25.009872278118188" lon="121.46536847181687"/>
  <node id="262" action="modify" visible="true" version="1" lat="25.01000119976169" lon="121.4654932873357"/>
  <node id="263" action="modify" visible="true" version="1" lat="25.009978151417386" lon="121.46545636028931"/>
  <node id="264" action="modify" visible="true" version="1" lat="25.009949813963843" lon="121.46541319623992"/>
  <node id="265" action="modify" visible="true" version="1" lat="25.009948743443115" lon="121.46541162418815"/>
  <node id="266" action="modify" visible="true" version="1" lat="25.009919632602614" lon="121.46536973035658"/>
  <node id="267" action="modify" visible="true" version="1" lat="25.00990936781202" lon="121.46535559446728"/>
  <node id="268" action="modify" visible="true" version="1" lat="25.00990018412482" lon="121.46534332258217"/>
  <node id="271" action="modify" visible="true" version="1" lat="25.00973081535058" lon="121.46526731522766"/>
  <node id="272" action="modify" visible="true" version="1" lat="25.009706151809294" lon="121.4652491207499"/>
  <node id="273" action="modify" visible="true" version="1" lat="25.009664665175215" lon="121.46523152994"/>
  <node id="274" action="modify" visible="true" version="1" lat="25.009640612185333" lon="121.4652242535862"/>
  <node id="275" action="modify" visible="true" version="1" lat="25.00959775542149" lon="121.46521015452782"/>
  <node id="276" action="modify" visible="true" version="1" lat="25.009577593752816" lon="121.46520334889122"/>
  <node id="277" action="modify" visible="true" version="1" lat="25.00953733471841" lon="121.4651893827835"/>
  <node id="278" action="modify" visible="true" version="1" lat="25.00949399760707" lon="121.46517402159215"/>
  <node id="279" action="modify" visible="true" version="1" lat="25.00949264947863" lon="121.46517353290862"/>
  <node id="280" action="modify" visible="true" version="1" lat="25.009450668621316" lon="121.46515818519201"/>
  <node id="281" action="modify" visible="true" version="1" lat="25.00940490549775" lon="121.4651412995596"/>
  <node id="282" action="modify" visible="true" version="1" lat="25.009393343822143" lon="121.46513697686646"/>
  <node id="283" action="modify" visible="true" version="1" lat="25.009352127359673" lon="121.46512144319856"/>
  <node id="284" action="modify" visible="true" version="1" lat="25.00930540031865" lon="121.46510354785978"/>
  <node id="285" action="modify" visible="true" version="1" lat="25.009283299442917" lon="121.46509477581104"/>
  <node id="286" action="modify" visible="true" version="1" lat="25.008930301157214" lon="121.46495071837882"/>
  <node id="287" action="modify" visible="true" version="1" lat="25.00975096071239" lon="121.46523442790512"/>
  <node id="288" action="modify" visible="true" version="1" lat="25.009726297175146" lon="121.46521623342734"/>
  <node id="289" action="modify" visible="true" version="1" lat="25.009674408971204" lon="121.4651933731"/>
  <node id="290" action="modify" visible="true" version="1" lat="25.009650696271244" lon="121.46518620364573"/>
  <node id="291" action="modify" visible="true" version="1" lat="25.00960830272612" lon="121.46517225550431"/>
  <node id="292" action="modify" visible="true" version="1" lat="25.009588337254055" lon="121.46516551724136"/>
  <node id="293" action="modify" visible="true" version="1" lat="25.009548336288702" lon="121.46515163916852"/>
  <node id="294" action="modify" visible="true" version="1" lat="25.009505316675234" lon="121.46513639206321"/>
  <node id="295" action="modify" visible="true" version="1" lat="25.00950401657806" lon="121.4651359204477"/>
  <node id="296" action="modify" visible="true" version="1" lat="25.009462119575637" lon="121.4651206041721"/>
  <node id="297" action="modify" visible="true" version="1" lat="25.00941650217804" lon="121.4651037715403"/>
  <node id="298" action="modify" visible="true" version="1" lat="25.009405053661737" lon="121.46509949106796"/>
  <node id="299" action="modify" visible="true" version="1" lat="25.009363904772503" lon="121.46508398345122"/>
  <node id="300" action="modify" visible="true" version="1" lat="25.009317482205013" lon="121.46506620489343"/>
  <node id="301" action="modify" visible="true" version="1" lat="25.00929588606635" lon="121.4650576340673"/>
  <node id="302" action="modify" visible="true" version="1" lat="25.00894288781682" lon="121.46491357753341"/>
  <node id="306" action="modify" visible="true" version="1" lat="25.00977110688498" lon="121.4652015414809"/>
  <node id="307" action="modify" visible="true" version="1" lat="25.009746442537693" lon="121.4651833470031"/>
  <node id="308" action="modify" visible="true" version="1" lat="25.00968415195233" lon="121.46515521625999"/>
  <node id="309" action="modify" visible="true" version="1" lat="25.00966077954226" lon="121.46514815370524"/>
  <node id="310" action="modify" visible="true" version="1" lat="25.009618850029856" lon="121.46513435737909"/>
  <node id="311" action="modify" visible="true" version="1" lat="25.009599081568435" lon="121.46512768559148"/>
  <node id="312" action="modify" visible="true" version="1" lat="25.00955933704392" lon="121.46511389645187"/>
  <node id="313" action="modify" visible="true" version="1" lat="25.00951663655644" lon="121.4650987634326"/>
  <node id="314" action="modify" visible="true" version="1" lat="25.009515383676437" lon="121.46509830888505"/>
  <node id="315" action="modify" visible="true" version="1" lat="25.009473569714803" lon="121.46508302225385"/>
  <node id="316" action="modify" visible="true" version="1" lat="25.009428098857235" lon="121.4650662444193"/>
  <node id="317" action="modify" visible="true" version="1" lat="25.00941676350021" lon="121.4650620061678"/>
  <node id="318" action="modify" visible="true" version="1" lat="25.009375681370116" lon="121.46504652370388"/>
  <node id="319" action="modify" visible="true" version="1" lat="25.009329564904284" lon="121.46502886282539"/>
  <node id="320" action="modify" visible="true" version="1" lat="25.00930847268849" lon="121.46502049322187"/>
  <node id="321" action="modify" visible="true" version="1" lat="25.008955474475144" lon="121.46487643578968"/>
  <node id="324" action="modify" visible="true" version="1" lat="25.011746867258438" lon="121.4694451379673"/>
  <node id="325" action="modify" visible="true" version="1" lat="25.011338117627698" lon="121.46858694683365"/>
  <node id="326" action="modify" visible="true" version="1" lat="25.010929361752016" lon="121.46772876108992"/>
  <node id="327" action="modify" visible="true" version="1" lat="25.011778869249856" lon="121.46942678179278"/>
  <node id="328" action="modify" visible="true" version="1" lat="25.011370118911557" lon="121.46856859065915"/>
  <node id="329" action="modify" visible="true" version="1" lat="25.010961363956465" lon="121.46771040401708"/>
  <node id="333" action="modify" visible="true" version="1" lat="25.011810871232935" lon="121.46940842561827"/>
  <node id="334" action="modify" visible="true" version="1" lat="25.01140212100115" lon="121.46855023358629"/>
  <node id="335" action="modify" visible="true" version="1" lat="25.010993366152576" lon="121.46769204784255"/>
  <node id="338" action="modify" visible="true" version="1" lat="25.01043832538089" lon="121.46670117104989"/>
  <node id="339" action="modify" visible="true" version="1" lat="25.01021989098375" lon="121.46619572946369"/>
  <node id="340" action="modify" visible="true" version="1" lat="25.010001450499516" lon="121.4656902815893"/>
  <node id="341" action="modify" visible="true" version="1" lat="25.010470952113224" lon="121.46668419019608"/>
  <node id="342" action="modify" visible="true" version="1" lat="25.010252517774113" lon="121.4661787495082"/>
  <node id="343" action="modify" visible="true" version="1" lat="25.010034077347914" lon="121.46567330073547"/>
  <node id="347" action="modify" visible="true" version="1" lat="25.010503578836893" lon="121.46666720934225"/>
  <node id="348" action="modify" visible="true" version="1" lat="25.01028514374173" lon="121.46616176865439"/>
  <node id="349" action="modify" visible="true" version="1" lat="25.010066704187643" lon="121.46565632077998"/>
  <node id="352" action="modify" visible="true" version="1" lat="25.01084469031491" lon="121.46755381598496"/>
  <node id="353" action="modify" visible="true" version="1" lat="25.010778136142388" lon="121.46741262417848"/>
  <node id="354" action="modify" visible="true" version="1" lat="25.01071158193379" lon="121.46727143237203"/>
  <node id="355" action="modify" visible="true" version="1" lat="25.010876763366223" lon="121.46753560893077"/>
  <node id="356" action="modify" visible="true" version="1" lat="25.010810209211076" lon="121.4673944171243"/>
  <node id="357" action="modify" visible="true" version="1" lat="25.010743654205783" lon="121.46725322531785"/>
  <node id="361" action="modify" visible="true" version="1" lat="25.010908836409147" lon="121.4675174018766"/>
  <node id="362" action="modify" visible="true" version="1" lat="25.010842281457304" lon="121.46737621007014"/>
  <node id="363" action="modify" visible="true" version="1" lat="25.01077572728347" lon="121.46723501916199"/>
  <node id="366" action="modify" visible="true" version="1" lat="25.010050457523718" lon="121.46556979505182"/>
  <node id="367" action="modify" visible="true" version="1" lat="25.01073257459097" lon="121.46518922108676"/>
  <node id="368" action="modify" visible="true" version="1" lat="25.011414682985205" lon="121.46480864802001"/>
  <node id="369" action="modify" visible="true" version="1" lat="25.01006682304382" lon="121.46560511860541"/>
  <node id="370" action="modify" visible="true" version="1" lat="25.01074894002019" lon="121.46522454464035"/>
  <node id="371" action="modify" visible="true" version="1" lat="25.011431047509447" lon="121.4648439715736"/>
  <node id="375" action="modify" visible="true" version="1" lat="25.01008318774767" lon="121.46564044215901"/>
  <node id="376" action="modify" visible="true" version="1" lat="25.01076530463315" lon="121.46525986819395"/>
  <node id="377" action="modify" visible="true" version="1" lat="25.011447412845584" lon="121.46487929512722"/>
  <node id="380" action="modify" visible="true" version="1" lat="25.011727261139967" lon="121.46963873748744"/>
  <node id="381" action="modify" visible="true" version="1" lat="25.010154207541273" lon="121.47065569686438"/>
  <node id="382" action="modify" visible="true" version="1" lat="25.010121894146767" lon="121.47067511035598"/>
  <node id="383" action="modify" visible="true" version="1" lat="25.01008055581629" lon="121.47069508259972"/>
  <node id="384" action="modify" visible="true" version="1" lat="25.01007142831365" lon="121.47069839019657"/>
  <node id="385" action="modify" visible="true" version="1" lat="25.010026573938788" lon="121.4706987153867"/>
  <node id="386" action="modify" visible="true" version="1" lat="25.0100185299776" lon="121.47069620998539"/>
  <node id="387" action="modify" visible="true" version="1" lat="25.009980310368164" lon="121.4706693108325"/>
  <node id="388" action="modify" visible="true" version="1" lat="25.009978806755008" lon="121.47066767679702"/>
  <node id="389" action="modify" visible="true" version="1" lat="25.009952103982663" lon="121.47062859559058"/>
  <node id="390" action="modify" visible="true" version="1" lat="25.009940712502182" lon="121.4706106122169"/>
  <node id="391" action="modify" visible="true" version="1" lat="25.009929699569856" lon="121.47059238360316"/>
  <node id="392" action="modify" visible="true" version="1" lat="25.00990755403182" lon="121.47054953665905"/>
  <node id="393" action="modify" visible="true" version="1" lat="25.009884974582686" lon="121.4705052290543"/>
  <node id="394" action="modify" visible="true" version="1" lat="25.009883458757102" lon="121.47050225113914"/>
  <node id="395" action="modify" visible="true" version="1" lat="25.00986244478857" lon="121.47046093851753"/>
  <node id="396" action="modify" visible="true" version="1" lat="25.00983816796406" lon="121.47041304573646"/>
  <node id="397" action="modify" visible="true" version="1" lat="25.00982252939143" lon="121.4703819846889"/>
  <node id="398" action="modify" visible="true" version="1" lat="25.00980080797245" lon="121.47033856461964"/>
  <node id="399" action="modify" visible="true" version="1" lat="25.009747373851557" lon="121.47023175044079"/>
  <node id="400" action="modify" visible="true" version="1" lat="25.00972674410818" lon="121.47019020335891"/>
  <node id="401" action="modify" visible="true" version="1" lat="25.00970296384921" lon="121.47014201143882"/>
  <node id="402" action="modify" visible="true" version="1" lat="25.009687596349977" lon="121.47011079947428"/>
  <node id="403" action="modify" visible="true" version="1" lat="25.009665676270124" lon="121.4700659959995"/>
  <node id="404" action="modify" visible="true" version="1" lat="25.00965501092793" lon="121.47004405914028"/>
  <node id="405" action="modify" visible="true" version="1" lat="25.009634795538954" lon="121.47000226951324"/>
  <node id="406" action="modify" visible="true" version="1" lat="25.009611435330786" lon="121.46995383055648"/>
  <node id="407" action="modify" visible="true" version="1" lat="25.009596393454714" lon="121.46992241736933"/>
  <node id="408" action="modify" visible="true" version="1" lat="25.009575510505027" lon="121.46987850502329"/>
  <node id="409" action="modify" visible="true" version="1" lat="25.00952324368691" lon="121.46976859974154"/>
  <node id="410" action="modify" visible="true" version="1" lat="25.0095034312494" lon="121.46972657745086"/>
  <node id="411" action="modify" visible="true" version="1" lat="25.0094806571591" lon="121.46967780342251"/>
  <node id="412" action="modify" visible="true" version="1" lat="25.00946601986845" lon="121.46964616116495"/>
  <node id="413" action="modify" visible="true" version="1" lat="25.00938578420181" lon="121.46947144782533"/>
  <node id="414" action="modify" visible="true" version="1" lat="25.009366566026408" lon="121.46942909495463"/>
  <node id="415" action="modify" visible="true" version="1" lat="25.009344545756417" lon="121.46937990590463"/>
  <node id="416" action="modify" visible="true" version="1" lat="25.009330437606945" lon="121.46934797618616"/>
  <node id="417" action="modify" visible="true" version="1" lat="25.009233042486088" lon="121.46912529640365"/>
  <node id="418" action="modify" visible="true" version="1" lat="25.00921465465763" lon="121.46908250066352"/>
  <node id="419" action="modify" visible="true" version="1" lat="25.009193707329988" lon="121.46903275106474"/>
  <node id="420" action="modify" visible="true" version="1" lat="25.00918036522122" lon="121.46900043776569"/>
  <node id="421" action="modify" visible="true" version="1" lat="25.00907303482728" lon="121.46873646871775"/>
  <node id="422" action="modify" visible="true" version="1" lat="25.00905581112376" lon="121.46869309356426"/>
  <node id="423" action="modify" visible="true" version="1" lat="25.0090363112215" lon="121.46864264058465"/>
  <node id="424" action="modify" visible="true" version="1" lat="25.00902397124084" lon="121.46860986285654"/>
  <node id="425" action="modify" visible="true" version="1" lat="25.009007040603006" lon="121.46856394636913"/>
  <node id="426" action="modify" visible="true" version="1" lat="25.00896448564574" lon="121.46844853980458"/>
  <node id="427" action="modify" visible="true" version="1" lat="25.00894889336504" lon="121.46840442893085"/>
  <node id="428" action="modify" visible="true" version="1" lat="25.00893158742092" lon="121.46835302104209"/>
  <node id="429" action="modify" visible="true" version="1" lat="25.00892086747087" lon="121.46831959562869"/>
  <node id="430" action="modify" visible="true" version="1" lat="25.008906396188095" lon="121.46827267841803"/>
  <node id="431" action="modify" visible="true" version="1" lat="25.008831170075748" lon="121.46802879929312"/>
  <node id="432" action="modify" visible="true" version="1" lat="25.008818390464953" lon="121.46798361762761"/>
  <node id="433" action="modify" visible="true" version="1" lat="25.008804528924856" lon="121.46793096647048"/>
  <node id="434" action="modify" visible="true" version="1" lat="25.00879567811862" lon="121.46789693649087"/>
  <node id="435" action="modify" visible="true" version="1" lat="25.008784926407127" lon="121.46784883350404"/>
  <node id="436" action="modify" visible="true" version="1" lat="25.00876483217466" lon="121.46775518144072"/>
  <node id="437" action="modify" visible="true" version="1" lat="25.00876464574758" lon="121.46775421215854"/>
  <node id="438" action="modify" visible="true" version="1" lat="25.011708932298177" lon="121.46960459432012"/>
  <node id="439" action="modify" visible="true" version="1" lat="25.01013588009288" lon="121.4706215545954"/>
  <node id="440" action="modify" visible="true" version="1" lat="25.010105636092973" lon="121.47063972661529"/>
  <node id="441" action="modify" visible="true" version="1" lat="25.010068510638742" lon="121.47065772526031"/>
  <node id="442" action="modify" visible="true" version="1" lat="25.010061330422854" lon="121.47066034384935"/>
  <node id="443" action="modify" visible="true" version="1" lat="25.010035517461866" lon="121.47066032318811"/>
  <node id="444" action="modify" visible="true" version="1" lat="25.01002965931593" lon="121.4706585121845"/>
  <node id="445" action="modify" visible="true" version="1" lat="25.010004993392403" lon="121.47064038777533"/>
  <node id="446" action="modify" visible="true" version="1" lat="25.01000509352472" lon="121.47064050814957"/>
  <node id="447" action="modify" visible="true" version="1" lat="25.009981576268764" lon="121.47060569933062"/>
  <node id="448" action="modify" visible="true" version="1" lat="25.009970516123225" lon="121.47058823967475"/>
  <node id="449" action="modify" visible="true" version="1" lat="25.0099609376098" lon="121.47057250658087"/>
  <node id="450" action="modify" visible="true" version="1" lat="25.009939044443527" lon="121.47053014293037"/>
  <node id="451" action="modify" visible="true" version="1" lat="25.009916499191725" lon="121.47048590180097"/>
  <node id="452" action="modify" visible="true" version="1" lat="25.009914978482026" lon="121.47048291580094"/>
  <node id="453" action="modify" visible="true" version="1" lat="25.009893984871006" lon="121.47044164450186"/>
  <node id="454" action="modify" visible="true" version="1" lat="25.009869744686544" lon="121.47039382358604"/>
  <node id="455" action="modify" visible="true" version="1" lat="25.009854182641902" lon="121.47036291525204"/>
  <node id="456" action="modify" visible="true" version="1" lat="25.009832462042606" lon="121.47031949518279"/>
  <node id="457" action="modify" visible="true" version="1" lat="25.009779027935487" lon="121.47021268100393"/>
  <node id="458" action="modify" visible="true" version="1" lat="25.009758481234147" lon="121.47017130280531"/>
  <node id="459" action="modify" visible="true" version="1" lat="25.009734727846144" lon="121.47012316568251"/>
  <node id="460" action="modify" visible="true" version="1" lat="25.009719369305824" lon="121.47009196988763"/>
  <node id="461" action="modify" visible="true" version="1" lat="25.00969751680078" lon="121.47004730565169"/>
  <node id="462" action="modify" visible="true" version="1" lat="25.00968689949241" lon="121.47002546670882"/>
  <node id="463" action="modify" visible="true" version="1" lat="25.009666697134072" lon="121.46998370492958"/>
  <node id="464" action="modify" visible="true" version="1" lat="25.00964337193767" lon="121.46993533693974"/>
  <node id="465" action="modify" visible="true" version="1" lat="25.009628406589623" lon="121.4699040836527"/>
  <node id="466" action="modify" visible="true" version="1" lat="25.009607522831292" lon="121.46986017130666"/>
  <node id="467" action="modify" visible="true" version="1" lat="25.00955525684089" lon="121.4697502660249"/>
  <node id="468" action="modify" visible="true" version="1" lat="25.009535538842623" lon="121.46970844495685"/>
  <node id="469" action="modify" visible="true" version="1" lat="25.009512824186647" lon="121.46965979759095"/>
  <node id="470" action="modify" visible="true" version="1" lat="25.00949826586628" lon="121.46962832780993"/>
  <node id="471" action="modify" visible="true" version="1" lat="25.009418031034798" lon="121.46945361447031"/>
  <node id="472" action="modify" visible="true" version="1" lat="25.009398938233968" lon="121.46941153828072"/>
  <node id="473" action="modify" visible="true" version="1" lat="25.00937699612223" lon="121.46936252260556"/>
  <node id="474" action="modify" visible="true" version="1" lat="25.009362991365673" lon="121.46933082914401"/>
  <node id="475" action="modify" visible="true" version="1" lat="25.009265596270627" lon="121.4691081493615"/>
  <node id="476" action="modify" visible="true" version="1" lat="25.009247382662068" lon="121.46906575606661"/>
  <node id="477" action="modify" visible="true" version="1" lat="25.009226541985658" lon="121.46901625889446"/>
  <node id="478" action="modify" visible="true" version="1" lat="25.009213341531957" lon="121.46898429144674"/>
  <node id="479" action="modify" visible="true" version="1" lat="25.009106011166832" lon="121.46872032239884"/>
  <node id="480" action="modify" visible="true" version="1" lat="25.009088993432687" lon="121.46867746287832"/>
  <node id="481" action="modify" visible="true" version="1" lat="25.009069618091473" lon="121.46862733419051"/>
  <node id="482" action="modify" visible="true" version="1" lat="25.009057444188535" lon="121.46859499933184"/>
  <node id="483" action="modify" visible="true" version="1" lat="25.009040513555313" lon="121.46854908284443"/>
  <node id="484" action="modify" visible="true" version="1" lat="25.00899795942374" lon="121.46843367627989"/>
  <node id="485" action="modify" visible="true" version="1" lat="25.00898267568763" lon="121.46839043228043"/>
  <node id="486" action="modify" visible="true" version="1" lat="25.008965553732775" lon="121.46833956966903"/>
  <node id="487" action="modify" visible="true" version="1" lat="25.0089550715002" lon="121.4683068907556"/>
  <node id="488" action="modify" visible="true" version="1" lat="25.00894059940736" lon="121.46825997354495"/>
  <node id="489" action="modify" visible="true" version="1" lat="25.008865374130053" lon="121.46801609352174"/>
  <node id="490" action="modify" visible="true" version="1" lat="25.008853020292662" lon="121.46797238868655"/>
  <node id="491" action="modify" visible="true" version="1" lat="25.008839256447462" lon="121.467920106737"/>
  <node id="492" action="modify" visible="true" version="1" lat="25.00883037470824" lon="121.4678859590781"/>
  <node id="493" action="modify" visible="true" version="1" lat="25.00882007482067" lon="121.46783975153653"/>
  <node id="494" action="modify" visible="true" version="1" lat="25.0088001645787" lon="121.46774700138175"/>
  <node id="495" action="modify" visible="true" version="1" lat="25.008799978151682" lon="121.46774603209956"/>
  <node id="499" action="modify" visible="true" version="1" lat="25.01169060345365" lon="121.46957045115278"/>
  <node id="500" action="modify" visible="true" version="1" lat="25.010117551827662" lon="121.47058741142808"/>
  <node id="501" action="modify" visible="true" version="1" lat="25.010089378851106" lon="121.47060434377288"/>
  <node id="502" action="modify" visible="true" version="1" lat="25.010056465460018" lon="121.4706203679209"/>
  <node id="503" action="modify" visible="true" version="1" lat="25.010051232531232" lon="121.47062229840044"/>
  <node id="504" action="modify" visible="true" version="1" lat="25.010044460170203" lon="121.47062193098948"/>
  <node id="505" action="modify" visible="true" version="1" lat="25.01004078865325" lon="121.47062081438361"/>
  <node id="506" action="modify" visible="true" version="1" lat="25.010029676411683" lon="121.47061146381978"/>
  <node id="507" action="modify" visible="true" version="1" lat="25.01003138028879" lon="121.47061333950211"/>
  <node id="508" action="modify" visible="true" version="1" lat="25.010011047733705" lon="121.47058280217234"/>
  <node id="509" action="modify" visible="true" version="1" lat="25.010000320551125" lon="121.4705658662343"/>
  <node id="510" action="modify" visible="true" version="1" lat="25.00999217564181" lon="121.47055262866027"/>
  <node id="511" action="modify" visible="true" version="1" lat="25.009970534033076" lon="121.47051075010003"/>
  <node id="512" action="modify" visible="true" version="1" lat="25.009948022978598" lon="121.47046657544594"/>
  <node id="513" action="modify" visible="true" version="1" lat="25.00994649819886" lon="121.4704635813611"/>
  <node id="514" action="modify" visible="true" version="1" lat="25.009925524945338" lon="121.47042234958788"/>
  <node id="515" action="modify" visible="true" version="1" lat="25.009901322214983" lon="121.47037460233388"/>
  <node id="516" action="modify" visible="true" version="1" lat="25.009885836698302" lon="121.4703438458152"/>
  <node id="517" action="modify" visible="true" version="1" lat="25.00986411529052" lon="121.47030042574593"/>
  <node id="518" action="modify" visible="true" version="1" lat="25.00981068119717" lon="121.47019361156708"/>
  <node id="519" action="modify" visible="true" version="1" lat="25.009790219165996" lon="121.47015240225174"/>
  <node id="520" action="modify" visible="true" version="1" lat="25.00976649264895" lon="121.47010431992615"/>
  <node id="521" action="modify" visible="true" version="1" lat="25.009751142253457" lon="121.47007314030094"/>
  <node id="522" action="modify" visible="true" version="1" lat="25.00972935813726" lon="121.47002861530392"/>
  <node id="523" action="modify" visible="true" version="1" lat="25.009718788048616" lon="121.47000687517573"/>
  <node id="524" action="modify" visible="true" version="1" lat="25.009698598720895" lon="121.4699651394476"/>
  <node id="525" action="modify" visible="true" version="1" lat="25.009675308536252" lon="121.4699168442213"/>
  <node id="526" action="modify" visible="true" version="1" lat="25.009660418902108" lon="121.46988574993607"/>
  <node id="527" action="modify" visible="true" version="1" lat="25.009639535963302" lon="121.46984183759002"/>
  <node id="528" action="modify" visible="true" version="1" lat="25.00958726917244" lon="121.46973193230826"/>
  <node id="529" action="modify" visible="true" version="1" lat="25.009567646427463" lon="121.46969031246286"/>
  <node id="530" action="modify" visible="true" version="1" lat="25.009544991205757" lon="121.4696417917594"/>
  <node id="531" action="modify" visible="true" version="1" lat="25.009530512669738" lon="121.46961049445493"/>
  <node id="532" action="modify" visible="true" version="1" lat="25.00945027704523" lon="121.46943578021698"/>
  <node id="533" action="modify" visible="true" version="1" lat="25.009431310433005" lon="121.46939398160683"/>
  <node id="534" action="modify" visible="true" version="1" lat="25.00940944566538" lon="121.4693451393065"/>
  <node id="535" action="modify" visible="true" version="1" lat="25.009395545929856" lon="121.46931368300018"/>
  <node id="536" action="modify" visible="true" version="1" lat="25.009298150860623" lon="121.46909100321767"/>
  <node id="537" action="modify" visible="true" version="1" lat="25.009280110657777" lon="121.46904901236803"/>
  <node id="538" action="modify" visible="true" version="1" lat="25.009259375818463" lon="121.46899976762248"/>
  <node id="539" action="modify" visible="true" version="1" lat="25.009246317833842" lon="121.46896814422952"/>
  <node id="540" action="modify" visible="true" version="1" lat="25.00913898668345" lon="121.46870417518161"/>
  <node id="541" action="modify" visible="true" version="1" lat="25.00912217573265" lon="121.46866183219237"/>
  <node id="542" action="modify" visible="true" version="1" lat="25.0091029257665" lon="121.46861202779638"/>
  <node id="543" action="modify" visible="true" version="1" lat="25.009090917941204" lon="121.46858013490886"/>
  <node id="544" action="modify" visible="true" version="1" lat="25.00907398731259" lon="121.46853421842142"/>
  <node id="545" action="modify" visible="true" version="1" lat="25.009031432378524" lon="121.46841881275519"/>
  <node id="546" action="modify" visible="true" version="1" lat="25.00901645800092" lon="121.46837643562998"/>
  <node id="547" action="modify" visible="true" version="1" lat="25.00899951922114" lon="121.46832611829595"/>
  <node id="548" action="modify" visible="true" version="1" lat="25.008989274705915" lon="121.46829418498425"/>
  <node id="549" action="modify" visible="true" version="1" lat="25.008974803431197" lon="121.4682472686719"/>
  <node id="550" action="modify" visible="true" version="1" lat="25.008899577360747" lon="121.46800338864868"/>
  <node id="551" action="modify" visible="true" version="1" lat="25.008887650110605" lon="121.46796116064381"/>
  <node id="552" action="modify" visible="true" version="1" lat="25.00887398396024" lon="121.46790924700353"/>
  <node id="553" action="modify" visible="true" version="1" lat="25.008865071288056" lon="121.46787498166535"/>
  <node id="554" action="modify" visible="true" version="1" lat="25.008855223224153" lon="121.467830669569"/>
  <node id="555" action="modify" visible="true" version="1" lat="25.008835496972587" lon="121.46773882222108"/>
  <node id="556" action="modify" visible="true" version="1" lat="25.008835310545617" lon="121.46773785204059"/>
  <node id="559" action="modify" visible="true" version="1" lat="25.00872156561677" lon="121.46751813130862"/>
  <node id="560" action="modify" visible="true" version="1" lat="25.008711301540153" lon="121.4674579639475"/>
  <node id="561" action="modify" visible="true" version="1" lat="25.008703800492487" lon="121.46741137192699"/>
  <node id="562" action="modify" visible="true" version="1" lat="25.00869567259314" lon="121.46735729873679"/>
  <node id="563" action="modify" visible="true" version="1" lat="25.00869076117293" lon="121.46732224647438"/>
  <node id="564" action="modify" visible="true" version="1" lat="25.00866273196349" lon="121.46711030605108"/>
  <node id="565" action="modify" visible="true" version="1" lat="25.0086571529859" lon="121.4670633924337"/>
  <node id="566" action="modify" visible="true" version="1" lat="25.008651214993126" lon="121.46700897698535"/>
  <node id="567" action="modify" visible="true" version="1" lat="25.008647382244142" lon="121.46697377111107"/>
  <node id="568" action="modify" visible="true" version="1" lat="25.008643665910313" lon="121.4669270946489"/>
  <node id="569" action="modify" visible="true" version="1" lat="25.00863942530056" lon="121.4668723701801"/>
  <node id="570" action="modify" visible="true" version="1" lat="25.008636364311286" lon="121.46683141149474"/>
  <node id="571" action="modify" visible="true" version="1" lat="25.008633114452373" lon="121.4667804770181"/>
  <node id="572" action="modify" visible="true" version="1" lat="25.008632184758252" lon="121.46676284578403"/>
  <node id="573" action="modify" visible="true" version="1" lat="25.00863018616009" lon="121.46671558002703"/>
  <node id="574" action="modify" visible="true" version="1" lat="25.008628115107623" lon="121.46666082501552"/>
  <node id="575" action="modify" visible="true" version="1" lat="25.008626975377474" lon="121.46662540354556"/>
  <node id="576" action="modify" visible="true" version="1" lat="25.008625981369967" lon="121.46657696638543"/>
  <node id="577" action="modify" visible="true" version="1" lat="25.008625313813717" lon="121.46652373312001"/>
  <node id="578" action="modify" visible="true" version="1" lat="25.008625234846704" lon="121.46650859201588"/>
  <node id="579" action="modify" visible="true" version="1" lat="25.008625418017623" lon="121.4664612777499"/>
  <node id="580" action="modify" visible="true" version="1" lat="25.008625965902194" lon="121.46640647872093"/>
  <node id="581" action="modify" visible="true" version="1" lat="25.008626514600856" lon="121.46637104736948"/>
  <node id="582" action="modify" visible="true" version="1" lat="25.00862790832801" lon="121.4663217361486"/>
  <node id="583" action="modify" visible="true" version="1" lat="25.0086298271451" lon="121.46627133616958"/>
  <node id="584" action="modify" visible="true" version="1" lat="25.008629938675835" lon="121.46626891341327"/>
  <node id="585" action="modify" visible="true" version="1" lat="25.008632266981635" lon="121.46622166562256"/>
  <node id="586" action="modify" visible="true" version="1" lat="25.008635309246877" lon="121.46616696450998"/>
  <node id="587" action="modify" visible="true" version="1" lat="25.008637713263216" lon="121.46613162029513"/>
  <node id="588" action="modify" visible="true" version="1" lat="25.00864165103048" lon="121.46608227673488"/>
  <node id="589" action="modify" visible="true" version="1" lat="25.008650877958704" lon="121.4659666446932"/>
  <node id="590" action="modify" visible="true" version="1" lat="25.00865510472848" lon="121.46591955949758"/>
  <node id="591" action="modify" visible="true" version="1" lat="25.008660449247458" lon="121.4658650703874"/>
  <node id="592" action="modify" visible="true" version="1" lat="25.008664005204512" lon="121.46582982049566"/>
  <node id="593" action="modify" visible="true" version="1" lat="25.00866955568855" lon="121.46577913305573"/>
  <node id="594" action="modify" visible="true" version="1" lat="25.00867170814958" lon="121.46576113081744"/>
  <node id="595" action="modify" visible="true" version="1" lat="25.008677785351203" lon="121.46571428996359"/>
  <node id="596" action="modify" visible="true" version="1" lat="25.008685015307623" lon="121.46566006495809"/>
  <node id="597" action="modify" visible="true" version="1" lat="25.008689752512264" lon="121.46562499203445"/>
  <node id="598" action="modify" visible="true" version="1" lat="25.00869708748591" lon="121.46557934055004"/>
  <node id="599" action="modify" visible="true" version="1" lat="25.00870610193184" lon="121.46552713405897"/>
  <node id="600" action="modify" visible="true" version="1" lat="25.00871500566054" lon="121.46547626515938"/>
  <node id="601" action="modify" visible="true" version="1" lat="25.008717297330577" lon="121.46546339140305"/>
  <node id="602" action="modify" visible="true" version="1" lat="25.008726718821173" lon="121.46541506024413"/>
  <node id="603" action="modify" visible="true" version="1" lat="25.00873678181573" lon="121.46536889941494"/>
  <node id="604" action="modify" visible="true" version="1" lat="25.008748599992174" lon="121.46531567423436"/>
  <node id="605" action="modify" visible="true" version="1" lat="25.008756290720562" lon="121.46528172959471"/>
  <node id="606" action="modify" visible="true" version="1" lat="25.00876838894278" lon="121.46523245969634"/>
  <node id="607" action="modify" visible="true" version="1" lat="25.00877125129032" lon="121.46522167542133"/>
  <node id="608" action="modify" visible="true" version="1" lat="25.00878373783291" lon="121.46517637966977"/>
  <node id="609" action="modify" visible="true" version="1" lat="25.008798587682843" lon="121.46512405729605"/>
  <node id="610" action="modify" visible="true" version="1" lat="25.00880879395167" lon="121.4650904881522"/>
  <node id="611" action="modify" visible="true" version="1" lat="25.008823921403824" lon="121.46504381977486"/>
  <node id="612" action="modify" visible="true" version="1" lat="25.008838969073143" lon="121.46499739394268"/>
  <node id="613" action="modify" visible="true" version="1" lat="25.008757059223502" lon="121.46751083968346"/>
  <node id="614" action="modify" visible="true" version="1" lat="25.008746795149843" lon="121.46745067232233"/>
  <node id="615" action="modify" visible="true" version="1" lat="25.008739399122245" lon="121.46740472619052"/>
  <node id="616" action="modify" visible="true" version="1" lat="25.008731332282174" lon="121.46735105724218"/>
  <node id="617" action="modify" visible="true" version="1" lat="25.00872649657397" lon="121.46731655474873"/>
  <node id="618" action="modify" visible="true" version="1" lat="25.00869846737269" lon="121.46710461432544"/>
  <node id="619" action="modify" visible="true" version="1" lat="25.00869299422875" lon="121.4670585621924"/>
  <node id="620" action="modify" visible="true" version="1" lat="25.008687074961845" lon="121.46700432191555"/>
  <node id="621" action="modify" visible="true" version="1" lat="25.008683223489843" lon="121.46696894985293"/>
  <node id="622" action="modify" visible="true" version="1" lat="25.008679643924665" lon="121.46692371339017"/>
  <node id="623" action="modify" visible="true" version="1" lat="25.00867540820071" lon="121.46686905270175"/>
  <node id="624" action="modify" visible="true" version="1" lat="25.00867236349418" lon="121.46682831140868"/>
  <node id="625" action="modify" visible="true" version="1" lat="25.008669152712674" lon="121.46677799407466"/>
  <node id="626" action="modify" visible="true" version="1" lat="25.00866824988388" lon="121.46676086589714"/>
  <node id="627" action="modify" visible="true" version="1" lat="25.008666261869507" lon="121.46671384088867"/>
  <node id="628" action="modify" visible="true" version="1" lat="25.008664198144487" lon="121.46665929338798"/>
  <node id="629" action="modify" visible="true" version="1" lat="25.00866306899788" lon="121.46662421597276"/>
  <node id="630" action="modify" visible="true" version="1" lat="25.008662085573864" lon="121.46657625761468"/>
  <node id="631" action="modify" visible="true" version="1" lat="25.008661422088284" lon="121.46652339535348"/>
  <node id="632" action="modify" visible="true" version="1" lat="25.008661344749473" lon="121.46650851296417"/>
  <node id="633" action="modify" visible="true" version="1" lat="25.00866152629216" lon="121.46646159755012"/>
  <node id="634" action="modify" visible="true" version="1" lat="25.00866207254838" lon="121.46640703208314"/>
  <node id="635" action="modify" visible="true" version="1" lat="25.008662616362322" lon="121.46637190076902"/>
  <node id="636" action="modify" visible="true" version="1" lat="25.00866399380721" lon="121.46632318602947"/>
  <node id="637" action="modify" visible="true" version="1" lat="25.008665893085517" lon="121.46627330348005"/>
  <node id="638" action="modify" visible="true" version="1" lat="25.00866600135985" lon="121.46627094450412"/>
  <node id="639" action="modify" visible="true" version="1" lat="25.008668319081757" lon="121.46622391230909"/>
  <node id="640" action="modify" visible="true" version="1" lat="25.008671338551512" lon="121.46616960376029"/>
  <node id="641" action="modify" visible="true" version="1" lat="25.00867368558066" lon="121.46613507701235"/>
  <node id="642" action="modify" visible="true" version="1" lat="25.008677623346777" lon="121.4660857334521"/>
  <node id="643" action="modify" visible="true" version="1" lat="25.008686850272287" lon="121.46597010141043"/>
  <node id="644" action="modify" visible="true" version="1" lat="25.00869101842617" lon="121.4659236800698"/>
  <node id="645" action="modify" visible="true" version="1" lat="25.008696342591268" lon="121.46586939847043"/>
  <node id="646" action="modify" visible="true" version="1" lat="25.008699893662726" lon="121.46583420068099"/>
  <node id="647" action="modify" visible="true" version="1" lat="25.008705378203658" lon="121.46578412229881"/>
  <node id="648" action="modify" visible="true" version="1" lat="25.008707479376245" lon="121.46576654586198"/>
  <node id="649" action="modify" visible="true" version="1" lat="25.008713522384213" lon="121.46571997180777"/>
  <node id="650" action="modify" visible="true" version="1" lat="25.008720738498962" lon="121.46566584651528"/>
  <node id="651" action="modify" visible="true" version="1" lat="25.00872546756129" lon="121.4656308364737"/>
  <node id="652" action="modify" visible="true" version="1" lat="25.00873257295879" lon="121.46558667619264"/>
  <node id="653" action="modify" visible="true" version="1" lat="25.008741573562542" lon="121.46553455144829"/>
  <node id="654" action="modify" visible="true" version="1" lat="25.008750452865915" lon="121.46548382268587"/>
  <node id="655" action="modify" visible="true" version="1" lat="25.00875272825344" lon="121.46547104415096"/>
  <node id="656" action="modify" visible="true" version="1" lat="25.008761866437276" lon="121.46542414849986"/>
  <node id="657" action="modify" visible="true" version="1" lat="25.008771882211622" lon="121.46537820506295"/>
  <node id="658" action="modify" visible="true" version="1" lat="25.008783664564643" lon="121.4653251406808"/>
  <node id="659" action="modify" visible="true" version="1" lat="25.00879129993259" lon="121.46529143678968"/>
  <node id="660" action="modify" visible="true" version="1" lat="25.008803122174243" lon="121.46524329517528"/>
  <node id="661" action="modify" visible="true" version="1" lat="25.008805825773074" lon="121.46523310648332"/>
  <node id="662" action="modify" visible="true" version="1" lat="25.008818274863938" lon="121.4651879472757"/>
  <node id="663" action="modify" visible="true" version="1" lat="25.00883297491684" lon="121.46513614951809"/>
  <node id="664" action="modify" visible="true" version="1" lat="25.0088428156557" lon="121.46510376794704"/>
  <node id="665" action="modify" visible="true" version="1" lat="25.008857943103667" lon="121.46505709956973"/>
  <node id="666" action="modify" visible="true" version="1" lat="25.00887299076882" lon="121.4650106737375"/>
  <node id="670" action="modify" visible="true" version="1" lat="25.008792552005886" lon="121.46750354895659"/>
  <node id="671" action="modify" visible="true" version="1" lat="25.008782288749277" lon="121.46744338069719"/>
  <node id="672" action="modify" visible="true" version="1" lat="25.00877499774169" lon="121.46739808045403"/>
  <node id="673" action="modify" visible="true" version="1" lat="25.008766991146764" lon="121.46734481574758"/>
  <node id="674" action="modify" visible="true" version="1" lat="25.00876223196462" lon="121.46731086392143"/>
  <node id="675" action="modify" visible="true" version="1" lat="25.008734203585586" lon="121.46709892349813"/>
  <node id="676" action="modify" visible="true" version="1" lat="25.008728834647055" lon="121.46705373284944"/>
  <node id="677" action="modify" visible="true" version="1" lat="25.00872293492008" lon="121.46699966684575"/>
  <node id="678" action="modify" visible="true" version="1" lat="25.008719065539175" lon="121.4669641285948"/>
  <node id="679" action="modify" visible="true" version="1" lat="25.008715622742564" lon="121.46692033213142"/>
  <node id="680" action="modify" visible="true" version="1" lat="25.008711391904406" lon="121.46686573522341"/>
  <node id="681" action="modify" visible="true" version="1" lat="25.008708362666525" lon="121.46682521042432"/>
  <node id="682" action="modify" visible="true" version="1" lat="25.008705191776485" lon="121.4667755102329"/>
  <node id="683" action="modify" visible="true" version="1" lat="25.008704314184826" lon="121.46675888690856"/>
  <node id="684" action="modify" visible="true" version="1" lat="25.008702336754244" lon="121.46671210175025"/>
  <node id="685" action="modify" visible="true" version="1" lat="25.008700281170753" lon="121.4666577608621"/>
  <node id="686" action="modify" visible="true" version="1" lat="25.008699162607677" lon="121.46662302750163"/>
  <node id="687" action="modify" visible="true" version="1" lat="25.008698189767152" lon="121.4665755479456"/>
  <node id="688" action="modify" visible="true" version="1" lat="25.00869753116632" lon="121.46652305668863"/>
  <node id="689" action="modify" visible="true" version="1" lat="25.008697454641627" lon="121.46650843391242"/>
  <node id="690" action="modify" visible="true" version="1" lat="25.008697635370158" lon="121.46646191735037"/>
  <node id="691" action="modify" visible="true" version="1" lat="25.008698178369855" lon="121.46640758544535"/>
  <node id="692" action="modify" visible="true" version="1" lat="25.008698718113177" lon="121.46637275416853"/>
  <node id="693" action="modify" visible="true" version="1" lat="25.008700079275815" lon="121.46632463591033"/>
  <node id="694" action="modify" visible="true" version="1" lat="25.008701958201247" lon="121.46627527079052"/>
  <node id="695" action="modify" visible="true" version="1" lat="25.008702064033265" lon="121.46627297559496"/>
  <node id="696" action="modify" visible="true" version="1" lat="25.008704371171298" lon="121.4662261580973"/>
  <node id="697" action="modify" visible="true" version="1" lat="25.008707368659667" lon="121.46617224211228"/>
  <node id="698" action="modify" visible="true" version="1" lat="25.00870965788757" lon="121.46613853372953"/>
  <node id="699" action="modify" visible="true" version="1" lat="25.008713595652527" lon="121.46608919016931"/>
  <node id="700" action="modify" visible="true" version="1" lat="25.00872282257534" lon="121.46597355812763"/>
  <node id="701" action="modify" visible="true" version="1" lat="25.008726932927445" lon="121.46592780154032"/>
  <node id="702" action="modify" visible="true" version="1" lat="25.008732236738684" lon="121.46587372655347"/>
  <node id="703" action="modify" visible="true" version="1" lat="25.008735782110456" lon="121.46583858086629"/>
  <node id="704" action="modify" visible="true" version="1" lat="25.008741200708318" lon="121.46578911244023"/>
  <node id="705" action="modify" visible="true" version="1" lat="25.00874325059248" lon="121.46577196090651"/>
  <node id="706" action="modify" visible="true" version="1" lat="25.008749258592733" lon="121.46572565365192"/>
  <node id="707" action="modify" visible="true" version="1" lat="25.008756461679905" lon="121.46567162897075"/>
  <node id="708" action="modify" visible="true" version="1" lat="25.008761182599937" lon="121.46563668091294"/>
  <node id="709" action="modify" visible="true" version="1" lat="25.008768058421417" lon="121.46559401183526"/>
  <node id="710" action="modify" visible="true" version="1" lat="25.00877704518301" lon="121.46554196973588"/>
  <node id="711" action="modify" visible="true" version="1" lat="25.008785900061056" lon="121.46549137931403"/>
  <node id="712" action="modify" visible="true" version="1" lat="25.008788158351997" lon="121.46547869600056"/>
  <node id="713" action="modify" visible="true" version="1" lat="25.008797014043335" lon="121.4654332376539"/>
  <node id="714" action="modify" visible="true" version="1" lat="25.008806982597488" lon="121.46538750981269"/>
  <node id="715" action="modify" visible="true" version="1" lat="25.008818729127107" lon="121.46533460622896"/>
  <node id="716" action="modify" visible="true" version="1" lat="25.008826309948724" lon="121.46530114398465"/>
  <node id="717" action="modify" visible="true" version="1" lat="25.008837856209972" lon="121.46525413065424"/>
  <node id="718" action="modify" visible="true" version="1" lat="25.0088404002461" lon="121.46524453754532"/>
  <node id="719" action="modify" visible="true" version="1" lat="25.008852811885248" lon="121.4651995148816"/>
  <node id="720" action="modify" visible="true" version="1" lat="25.008867362955293" lon="121.4651482408418"/>
  <node id="721" action="modify" visible="true" version="1" lat="25.008876837350314" lon="121.46511704774188"/>
  <node id="722" action="modify" visible="true" version="1" lat="25.008891964794085" lon="121.46507038026287"/>
  <node id="723" action="modify" visible="true" version="1" lat="25.008907012455072" lon="121.46502395353237"/>
  <node id="726" action="modify" visible="true" version="1" lat="25.011084642091408" lon="121.46697359054969"/>
  <node id="727" action="modify" visible="true" version="1" lat="25.01159247183999" lon="121.46669024843433"/>
  <node id="728" action="modify" visible="true" version="1" lat="25.012100300302667" lon="121.46640690542068"/>
  <node id="729" action="modify" visible="true" version="1" lat="25.012143970262866" lon="121.46639660354101"/>
  <node id="730" action="modify" visible="true" version="1" lat="25.0121787310321" lon="121.46641940098628"/>
  <node id="731" action="modify" visible="true" version="1" lat="25.01219324995938" lon="121.46644425647187"/>
  <node id="732" action="modify" visible="true" version="1" lat="25.01110100747371" lon="121.46700891410327"/>
  <node id="733" action="modify" visible="true" version="1" lat="25.011608837154615" lon="121.46672557288628"/>
  <node id="734" action="modify" visible="true" version="1" lat="25.01211666636369" lon="121.46644222897429"/>
  <node id="735" action="modify" visible="true" version="1" lat="25.0121394310104" lon="121.46643091828655"/>
  <node id="736" action="modify" visible="true" version="1" lat="25.012154600383926" lon="121.46644178430822"/>
  <node id="737" action="modify" visible="true" version="1" lat="25.01216497651438" lon="121.46645973354593"/>
  <node id="741" action="modify" visible="true" version="1" lat="25.01446461832128" lon="121.46561880893034"/>
  <node id="742" action="modify" visible="true" version="1" lat="25.012554424309734" lon="121.46672520547531"/>
  <node id="743" action="modify" visible="true" version="1" lat="25.012475953930938" lon="121.46676976101509"/>
  <node id="744" action="modify" visible="true" version="1" lat="25.012475144747892" lon="121.46677019849463"/>
  <node id="745" action="modify" visible="true" version="1" lat="25.014447763326505" lon="121.46558376295616"/>
  <node id="746" action="modify" visible="true" version="1" lat="25.01253783118235" lon="121.46669000948248"/>
  <node id="747" action="modify" visible="true" version="1" lat="25.012459360792946" lon="121.46673456592059"/>
  <node id="748" action="modify" visible="true" version="1" lat="25.012459192280964" lon="121.46673464766725"/>
  <node id="752" action="modify" visible="true" version="1" lat="25.014430908329416" lon="121.46554871608367"/>
  <node id="753" action="modify" visible="true" version="1" lat="25.01252123723866" lon="121.46665481438795"/>
  <node id="754" action="modify" visible="true" version="1" lat="25.01244276683865" lon="121.46669936992772"/>
  <node id="755" action="modify" visible="true" version="1" lat="25.012443240626034" lon="121.4666990968399"/>
  <node id="758" action="modify" visible="true" version="1" lat="25.014414053330015" lon="121.46551367010949"/>
  <node id="759" action="modify" visible="true" version="1" lat="25.01250464329272" lon="121.46661961839514"/>
  <node id="760" action="modify" visible="true" version="1" lat="25.012426172882112" lon="121.46666417483323"/>
  <node id="761" action="modify" visible="true" version="1" lat="25.01242728815497" lon="121.4666635460125"/>
  <node id="764" action="modify" visible="true" version="1" lat="25.015272410668935" lon="121.46765563822576"/>
  <node id="765" action="modify" visible="true" version="1" lat="25.015161930342966" lon="121.46748627794695"/>
  <node id="766" action="modify" visible="true" version="1" lat="25.01505144910353" lon="121.46731691766811"/>
  <node id="767" action="modify" visible="true" version="1" lat="25.015033249377893" lon="121.4672695045874"/>
  <node id="768" action="modify" visible="true" version="1" lat="25.01504394437287" lon="121.46722735832925"/>
  <node id="769" action="modify" visible="true" version="1" lat="25.01506504374408" lon="121.46720391050368"/>
  <node id="770" action="modify" visible="true" version="1" lat="25.01530177178161" lon="121.4676325703876"/>
  <node id="771" action="modify" visible="true" version="1" lat="25.01519129148205" lon="121.46746321010876"/>
  <node id="772" action="modify" visible="true" version="1" lat="25.015080811083088" lon="121.46729384982994"/>
  <node id="773" action="modify" visible="true" version="1" lat="25.01506920761123" lon="121.46726587449537"/>
  <node id="774" action="modify" visible="true" version="1" lat="25.015073549755243" lon="121.46725004797668"/>
  <node id="775" action="modify" visible="true" version="1" lat="25.015087031240373" lon="121.46723534525042"/>
  <node id="779" action="modify" visible="true" version="1" lat="25.012879531277274" lon="121.46348888183215"/>
  <node id="780" action="modify" visible="true" version="1" lat="25.012794290524965" lon="121.46361703010068"/>
  <node id="781" action="modify" visible="true" version="1" lat="25.012768649906235" lon="121.46365506746476"/>
  <node id="782" action="modify" visible="true" version="1" lat="25.01273873625131" lon="121.46369895375965"/>
  <node id="783" action="modify" visible="true" version="1" lat="25.012719319968532" lon="121.46372733064116"/>
  <node id="784" action="modify" visible="true" version="1" lat="25.01269124853302" lon="121.46376793808525"/>
  <node id="785" action="modify" visible="true" version="1" lat="25.012679237802306" lon="121.4637850491948"/>
  <node id="786" action="modify" visible="true" version="1" lat="25.01265255027032" lon="121.46382242809378"/>
  <node id="787" action="modify" visible="true" version="1" lat="25.012621692269995" lon="121.4638653478014"/>
  <node id="788" action="modify" visible="true" version="1" lat="25.012603499510824" lon="121.46389046020516"/>
  <node id="789" action="modify" visible="true" version="1" lat="25.012574982754302" lon="121.46392912100005"/>
  <node id="790" action="modify" visible="true" version="1" lat="25.012548343229607" lon="121.46396466284426"/>
  <node id="791" action="modify" visible="true" version="1" lat="25.012520027534862" lon="121.46400164289126"/>
  <node id="792" action="modify" visible="true" version="1" lat="25.0124883871825" lon="121.46404240215064"/>
  <node id="793" action="modify" visible="true" version="1" lat="25.012477928858562" lon="121.46405561277521"/>
  <node id="794" action="modify" visible="true" version="1" lat="25.01244908970209" lon="121.46409111329693"/>
  <node id="795" action="modify" visible="true" version="1" lat="25.012415656754058" lon="121.464131555451"/>
  <node id="796" action="modify" visible="true" version="1" lat="25.01239668490132" lon="121.46415408609667"/>
  <node id="797" action="modify" visible="true" version="1" lat="25.012364765291785" lon="121.46419014357383"/>
  <node id="798" action="modify" visible="true" version="1" lat="25.01234098635769" lon="121.46421600517256"/>
  <node id="799" action="modify" visible="true" version="1" lat="25.012307269270288" lon="121.46425059480259"/>
  <node id="800" action="modify" visible="true" version="1" lat="25.01228709013692" lon="121.46427009992236"/>
  <node id="801" action="modify" visible="true" version="1" lat="25.01225217553932" lon="121.46430062198073"/>
  <node id="802" action="modify" visible="true" version="1" lat="25.01221464532754" lon="121.46433198126901"/>
  <node id="803" action="modify" visible="true" version="1" lat="25.012209458078594" lon="121.464336178198"/>
  <node id="804" action="modify" visible="true" version="1" lat="25.012172066245565" lon="121.46436473204764"/>
  <node id="805" action="modify" visible="true" version="1" lat="25.012140484416562" lon="121.46438779719087"/>
  <node id="806" action="modify" visible="true" version="1" lat="25.01210342388899" lon="121.46441362016203"/>
  <node id="807" action="modify" visible="true" version="1" lat="25.012061783391395" lon="121.46444197997555"/>
  <node id="808" action="modify" visible="true" version="1" lat="25.012046508991325" lon="121.46445219292201"/>
  <node id="809" action="modify" visible="true" version="1" lat="25.012008177671273" lon="121.46447696666091"/>
  <node id="810" action="modify" visible="true" version="1" lat="25.011966871724482" lon="121.46450305822835"/>
  <node id="811" action="modify" visible="true" version="1" lat="25.01195930493592" lon="121.46450777168863"/>
  <node id="812" action="modify" visible="true" version="1" lat="25.011920565739015" lon="121.46453142971997"/>
  <node id="813" action="modify" visible="true" version="1" lat="25.01187839114856" lon="121.46455675322781"/>
  <node id="814" action="modify" visible="true" version="1" lat="25.011868764753725" lon="121.46456245573326"/>
  <node id="815" action="modify" visible="true" version="1" lat="25.011828609043423" lon="121.46458562687768"/>
  <node id="816" action="modify" visible="true" version="1" lat="25.011792017327203" lon="121.46460634921465"/>
  <node id="817" action="modify" visible="true" version="1" lat="25.011753593123473" lon="121.46462781445835"/>
  <node id="818" action="modify" visible="true" version="1" lat="25.011709003936563" lon="121.46465249567079"/>
  <node id="819" action="modify" visible="true" version="1" lat="25.01168003353381" lon="121.46466823415459"/>
  <node id="820" action="modify" visible="true" version="1" lat="25.011553162675856" lon="121.46473593029606"/>
  <node id="821" action="modify" visible="true" version="1" lat="25.01285036577507" lon="121.46346551754992"/>
  <node id="822" action="modify" visible="true" version="1" lat="25.012765125002517" lon="121.46359366581845"/>
  <node id="823" action="modify" visible="true" version="1" lat="25.012739695220713" lon="121.46363138877219"/>
  <node id="824" action="modify" visible="true" version="1" lat="25.01270984994027" lon="121.46367517535408"/>
  <node id="825" action="modify" visible="true" version="1" lat="25.012690452376443" lon="121.46370352438781"/>
  <node id="826" action="modify" visible="true" version="1" lat="25.0126625673555" lon="121.463743861439"/>
  <node id="827" action="modify" visible="true" version="1" lat="25.012650753626023" lon="121.4637606940708"/>
  <node id="828" action="modify" visible="true" version="1" lat="25.01262416621802" lon="121.46379793103597"/>
  <node id="829" action="modify" visible="true" version="1" lat="25.012593383918762" lon="121.46384074564071"/>
  <node id="830" action="modify" visible="true" version="1" lat="25.012575299426285" lon="121.46386570982247"/>
  <node id="831" action="modify" visible="true" version="1" lat="25.012547000833163" lon="121.46390407237666"/>
  <node id="832" action="modify" visible="true" version="1" lat="25.012520617733546" lon="121.46393927465772"/>
  <node id="833" action="modify" visible="true" version="1" lat="25.012492447750468" lon="121.46397606426186"/>
  <node id="834" action="modify" visible="true" version="1" lat="25.01246103451584" lon="121.46401653156877"/>
  <node id="835" action="modify" visible="true" version="1" lat="25.012450801686306" lon="121.46402945652909"/>
  <node id="836" action="modify" visible="true" version="1" lat="25.012422246633136" lon="121.46406460670784"/>
  <node id="837" action="modify" visible="true" version="1" lat="25.012389024521415" lon="121.46410479463871"/>
  <node id="838" action="modify" visible="true" version="1" lat="25.012370334332132" lon="121.46412699111107"/>
  <node id="839" action="modify" visible="true" version="1" lat="25.01233913353812" lon="121.46416223022302"/>
  <node id="840" action="modify" visible="true" version="1" lat="25.0123159171204" lon="121.46418748366229"/>
  <node id="841" action="modify" visible="true" version="1" lat="25.012282979089896" lon="121.4642212728934"/>
  <node id="842" action="modify" visible="true" version="1" lat="25.012263986050865" lon="121.4642396461359"/>
  <node id="843" action="modify" visible="true" version="1" lat="25.01223002634974" lon="121.46426932467625"/>
  <node id="844" action="modify" visible="true" version="1" lat="25.012193127034916" lon="121.46430015845004"/>
  <node id="845" action="modify" visible="true" version="1" lat="25.01218813760391" lon="121.46430419458063"/>
  <node id="846" action="modify" visible="true" version="1" lat="25.01215181626592" lon="121.46433192198019"/>
  <node id="847" action="modify" visible="true" version="1" lat="25.01212083114488" lon="121.46435455323714"/>
  <node id="848" action="modify" visible="true" version="1" lat="25.01208424602829" lon="121.46438004383165"/>
  <node id="849" action="modify" visible="true" version="1" lat="25.012042897775437" lon="121.4644082042192"/>
  <node id="850" action="modify" visible="true" version="1" lat="25.012027852940886" lon="121.46441826355372"/>
  <node id="851" action="modify" visible="true" version="1" lat="25.01199003773581" lon="121.46444270222104"/>
  <node id="852" action="modify" visible="true" version="1" lat="25.01194900368262" lon="121.46446862310856"/>
  <node id="853" action="modify" visible="true" version="1" lat="25.01194153539554" lon="121.4644732745851"/>
  <node id="854" action="modify" visible="true" version="1" lat="25.01190313077631" lon="121.46449672780055"/>
  <node id="855" action="modify" visible="true" version="1" lat="25.01186118656212" lon="121.46452191296785"/>
  <node id="856" action="modify" visible="true" version="1" lat="25.0118516814626" lon="121.46452754360803"/>
  <node id="857" action="modify" visible="true" version="1" lat="25.011811951506296" lon="121.46455046771578"/>
  <node id="858" action="modify" visible="true" version="1" lat="25.011775593423796" lon="121.4645710580004"/>
  <node id="859" action="modify" visible="true" version="1" lat="25.01173725713474" lon="121.46459247383676"/>
  <node id="860" action="modify" visible="true" version="1" lat="25.011692842967523" lon="121.46461705803114"/>
  <node id="861" action="modify" visible="true" version="1" lat="25.011664243778164" lon="121.46463259619063"/>
  <node id="862" action="modify" visible="true" version="1" lat="25.011537372903902" lon="121.46470029233213"/>
  <node id="866" action="modify" visible="true" version="1" lat="25.012821199451878" lon="121.46344215236938"/>
  <node id="867" action="modify" visible="true" version="1" lat="25.01273595865908" lon="121.46357030153622"/>
  <node id="868" action="modify" visible="true" version="1" lat="25.012710741342428" lon="121.46360770918129"/>
  <node id="869" action="modify" visible="true" version="1" lat="25.012680962808368" lon="121.4636513969485"/>
  <node id="870" action="modify" visible="true" version="1" lat="25.01266158477757" lon="121.46367971813446"/>
  <node id="871" action="modify" visible="true" version="1" lat="25.01263388698534" lon="121.46371978479276"/>
  <node id="872" action="modify" visible="true" version="1" lat="25.01262226944313" lon="121.4637363380485"/>
  <node id="873" action="modify" visible="true" version="1" lat="25.012595782159156" lon="121.46377343487649"/>
  <node id="874" action="modify" visible="true" version="1" lat="25.012565076375072" lon="121.46381614348005"/>
  <node id="875" action="modify" visible="true" version="1" lat="25.0125470985212" lon="121.46384095943976"/>
  <node id="876" action="modify" visible="true" version="1" lat="25.012519019719715" lon="121.4638790237533"/>
  <node id="877" action="modify" visible="true" version="1" lat="25.012492892231236" lon="121.46391388736947"/>
  <node id="878" action="modify" visible="true" version="1" lat="25.012464867145816" lon="121.46395048563245"/>
  <node id="879" action="modify" visible="true" version="1" lat="25.01243368102903" lon="121.46399066188522"/>
  <node id="880" action="modify" visible="true" version="1" lat="25.012423675322133" lon="121.46400330028294"/>
  <node id="881" action="modify" visible="true" version="1" lat="25.01239540437238" lon="121.46403810011874"/>
  <node id="882" action="modify" visible="true" version="1" lat="25.012362392282988" lon="121.4640780338264"/>
  <node id="883" action="modify" visible="true" version="1" lat="25.0123439837573" lon="121.46409989702377"/>
  <node id="884" action="modify" visible="true" version="1" lat="25.012313501779104" lon="121.46413431777053"/>
  <node id="885" action="modify" visible="true" version="1" lat="25.012290847063927" lon="121.46415896305034"/>
  <node id="886" action="modify" visible="true" version="1" lat="25.01225868971877" lon="121.46419195008589"/>
  <node id="887" action="modify" visible="true" version="1" lat="25.01224088196047" lon="121.46420919145113"/>
  <node id="888" action="modify" visible="true" version="1" lat="25.01220787715616" lon="121.46423802647345"/>
  <node id="889" action="modify" visible="true" version="1" lat="25.012171608738523" lon="121.46426833563112"/>
  <node id="890" action="modify" visible="true" version="1" lat="25.012166817125532" lon="121.46427221186158"/>
  <node id="891" action="modify" visible="true" version="1" lat="25.012131566282942" lon="121.46429911281108"/>
  <node id="892" action="modify" visible="true" version="1" lat="25.012101177870054" lon="121.46432130928343"/>
  <node id="893" action="modify" visible="true" version="1" lat="25.012065067350523" lon="121.46434646750127"/>
  <node id="894" action="modify" visible="true" version="1" lat="25.012024012156573" lon="121.46437442846282"/>
  <node id="895" action="modify" visible="true" version="1" lat="25.01200919770167" lon="121.46438433508376"/>
  <node id="896" action="modify" visible="true" version="1" lat="25.011971897797665" lon="121.46440843778115"/>
  <node id="897" action="modify" visible="true" version="1" lat="25.01193113563815" lon="121.46443418709046"/>
  <node id="898" action="modify" visible="true" version="1" lat="25.011923765852593" lon="121.46443877658324"/>
  <node id="899" action="modify" visible="true" version="1" lat="25.01188569581113" lon="121.46446202498281"/>
  <node id="900" action="modify" visible="true" version="1" lat="25.01184398115919" lon="121.46448707270787"/>
  <node id="901" action="modify" visible="true" version="1" lat="25.011834598983167" lon="121.46449263058453"/>
  <node id="902" action="modify" visible="true" version="1" lat="25.011795293966898" lon="121.46451530855387"/>
  <node id="903" action="modify" visible="true" version="1" lat="25.01175916951819" lon="121.46453576768447"/>
  <node id="904" action="modify" visible="true" version="1" lat="25.011720920329758" lon="121.46455713411349"/>
  <node id="905" action="modify" visible="true" version="1" lat="25.011676681182276" lon="121.46458162128982"/>
  <node id="906" action="modify" visible="true" version="1" lat="25.01164845320642" lon="121.46459695822668"/>
  <node id="907" action="modify" visible="true" version="1" lat="25.011521583129912" lon="121.46466465436815"/>
  <node id="910" action="modify" visible="true" version="1" lat="25.01279203393582" lon="121.46341878808715"/>
  <node id="911" action="modify" visible="true" version="1" lat="25.01270679312277" lon="121.463546937254"/>
  <node id="912" action="modify" visible="true" version="1" lat="25.012681786643256" lon="121.46358403048872"/>
  <node id="913" action="modify" visible="true" version="1" lat="25.01265207648374" lon="121.46362761944125"/>
  <node id="914" action="modify" visible="true" version="1" lat="25.01263271717191" lon="121.4636559118811"/>
  <node id="915" action="modify" visible="true" version="1" lat="25.012605205794422" lon="121.46369570814653"/>
  <node id="916" action="modify" visible="true" version="1" lat="25.012593785253628" lon="121.46371198202623"/>
  <node id="917" action="modify" visible="true" version="1" lat="25.01256739809374" lon="121.46374893871702"/>
  <node id="918" action="modify" visible="true" version="1" lat="25.012536768010797" lon="121.46379154131934"/>
  <node id="919" action="modify" visible="true" version="1" lat="25.012518898423707" lon="121.46381620905704"/>
  <node id="920" action="modify" visible="true" version="1" lat="25.012491038599887" lon="121.4638539751299"/>
  <node id="921" action="modify" visible="true" version="1" lat="25.01246516590859" lon="121.4638884991829"/>
  <node id="922" action="modify" visible="true" version="1" lat="25.012437287349027" lon="121.46392490700308"/>
  <node id="923" action="modify" visible="true" version="1" lat="25.01240632753613" lon="121.46396479130335"/>
  <node id="924" action="modify" visible="true" version="1" lat="25.012396548951966" lon="121.46397714403685"/>
  <node id="925" action="modify" visible="true" version="1" lat="25.012368562105756" lon="121.46401159352965"/>
  <node id="926" action="modify" visible="true" version="1" lat="25.01233576003879" lon="121.46405127301406"/>
  <node id="927" action="modify" visible="true" version="1" lat="25.012317633176814" lon="121.46407280203816"/>
  <node id="928" action="modify" visible="true" version="1" lat="25.012287870014735" lon="121.464106405318"/>
  <node id="929" action="modify" visible="true" version="1" lat="25.012265777816413" lon="121.46413044243839"/>
  <node id="930" action="modify" visible="true" version="1" lat="25.01223440034284" lon="121.4641626281767"/>
  <node id="931" action="modify" visible="true" version="1" lat="25.01221777786572" lon="121.46417873766468"/>
  <node id="932" action="modify" visible="true" version="1" lat="25.01218572877265" lon="121.46420672916895"/>
  <node id="933" action="modify" visible="true" version="1" lat="25.012150090438357" lon="121.46423651281219"/>
  <node id="934" action="modify" visible="true" version="1" lat="25.01214549664345" lon="121.4642402291425"/>
  <node id="935" action="modify" visible="true" version="1" lat="25.012111315482557" lon="121.46426630274364"/>
  <node id="936" action="modify" visible="true" version="1" lat="25.012081524592087" lon="121.46428806532973"/>
  <node id="937" action="modify" visible="true" version="1" lat="25.012045889483833" lon="121.46431289117089"/>
  <node id="938" action="modify" visible="true" version="1" lat="25.012005126534806" lon="121.46434065360476"/>
  <node id="939" action="modify" visible="true" version="1" lat="25.011990541645556" lon="121.46435040571548"/>
  <node id="940" action="modify" visible="true" version="1" lat="25.011953757856844" lon="121.46437417423958"/>
  <node id="941" action="modify" visible="true" version="1" lat="25.01191326677701" lon="121.46439975107236"/>
  <node id="942" action="modify" visible="true" version="1" lat="25.01190599630707" lon="121.46440427947971"/>
  <node id="943" action="modify" visible="true" version="1" lat="25.01186826084348" lon="121.46442732306336"/>
  <node id="944" action="modify" visible="true" version="1" lat="25.01182677656792" lon="121.46445223334621"/>
  <node id="945" action="modify" visible="true" version="1" lat="25.011817515687287" lon="121.4644577184593"/>
  <node id="946" action="modify" visible="true" version="1" lat="25.01177863642524" lon="121.46448014939199"/>
  <node id="947" action="modify" visible="true" version="1" lat="25.011742745610388" lon="121.4645004764702"/>
  <node id="948" action="modify" visible="true" version="1" lat="25.011704584336684" lon="121.46452179349193"/>
  <node id="949" action="modify" visible="true" version="1" lat="25.011660520208974" lon="121.4645461845485"/>
  <node id="950" action="modify" visible="true" version="1" lat="25.011632663446708" lon="121.46456132026272"/>
  <node id="951" action="modify" visible="true" version="1" lat="25.011505793353898" lon="121.46462901640422"/>
  <node id="954" action="modify" visible="true" version="1" lat="25.013613343355356" lon="121.46239169122221"/>
  <node id="955" action="modify" visible="true" version="1" lat="25.013318391185834" lon="121.46282004298398"/>
  <node id="956" action="modify" visible="true" version="1" lat="25.013023437493782" lon="121.4632483929491"/>
  <node id="957" action="modify" visible="true" version="1" lat="25.013584533771706" lon="121.46236780052725"/>
  <node id="958" action="modify" visible="true" version="1" lat="25.013289581532987" lon="121.46279615228899"/>
  <node id="959" action="modify" visible="true" version="1" lat="25.01299462777173" lon="121.4632245022541"/>
  <node id="963" action="modify" visible="true" version="1" lat="25.013555724181302" lon="121.46234390893393"/>
  <node id="964" action="modify" visible="true" version="1" lat="25.01326077187337" lon="121.46277226069569"/>
  <node id="965" action="modify" visible="true" version="1" lat="25.012965818856987" lon="121.46320061066083"/>
  <node id="968" action="modify" visible="true" version="1" lat="25.01352691539819" lon="121.46232001823894"/>
  <node id="969" action="modify" visible="true" version="1" lat="25.01323196302107" lon="121.46274837000072"/>
  <node id="970" action="modify" visible="true" version="1" lat="25.01293700912142" lon="121.46317671996584"/>
  <node id="973" action="modify" visible="true" version="1" lat="25.010404154327887" lon="121.46680518787495"/>
  <node id="974" action="modify" visible="true" version="1" lat="25.009633011875895" lon="121.46719971626963"/>
  <node id="975" action="modify" visible="true" version="1" lat="25.008861867838405" lon="121.46759424017274"/>
  <node id="976" action="modify" visible="true" version="1" lat="25.01038889600328" lon="121.46676927233156"/>
  <node id="977" action="modify" visible="true" version="1" lat="25.009617753455483" lon="121.46716380162457"/>
  <node id="978" action="modify" visible="true" version="1" lat="25.008846610136285" lon="121.4675583255277"/>
  <node id="982" action="modify" visible="true" version="1" lat="25.01037363767678" lon="121.4667333567882"/>
  <node id="983" action="modify" visible="true" version="1" lat="25.009602495847265" lon="121.4671278860812"/>
  <node id="984" action="modify" visible="true" version="1" lat="25.008831351618177" lon="121.46752240998431"/>
  <node id="987" action="modify" visible="true" version="1" lat="25.0132792926022" lon="121.46874287370574"/>
  <node id="988" action="modify" visible="true" version="1" lat="25.01399794942858" lon="121.47027889941677"/>
  <node id="989" action="modify" visible="true" version="1" lat="25.01471658983818" lon="121.47181494309416"/>
  <node id="990" action="modify" visible="true" version="1" lat="25.013251185475955" lon="121.4687587110042"/>
  <node id="991" action="modify" visible="true" version="1" lat="25.013969841652774" lon="121.47029473761354"/>
  <node id="992" action="modify" visible="true" version="1" lat="25.01468848222687" lon="121.47183078129093"/>
  <node id="996" action="modify" visible="true" version="1" lat="25.013223077529215" lon="121.46877454920097"/>
  <node id="997" action="modify" visible="true" version="1" lat="25.013941733870524" lon="121.470310574912"/>
  <node id="998" action="modify" visible="true" version="1" lat="25.01466037379508" lon="121.47184661858938"/>
  <node id="1001" action="modify" visible="true" version="1" lat="25.011519944399385" lon="121.46488512699004"/>
  <node id="1002" action="modify" visible="true" version="1" lat="25.011756592979637" lon="121.46540581208828"/>
  <node id="1003" action="modify" visible="true" version="1" lat="25.011993239475725" lon="121.46592649988146"/>
  <node id="1004" action="modify" visible="true" version="1" lat="25.01149166998529" lon="121.46490060316574"/>
  <node id="1005" action="modify" visible="true" version="1" lat="25.011728318620023" lon="121.46542128826398"/>
  <node id="1006" action="modify" visible="true" version="1" lat="25.0119649651706" lon="121.46594197605718"/>
  <node id="1010" action="modify" visible="true" version="1" lat="25.011463395564686" lon="121.46491607844317"/>
  <node id="1011" action="modify" visible="true" version="1" lat="25.011700044253903" lon="121.4654367644397"/>
  <node id="1012" action="modify" visible="true" version="1" lat="25.01193669085896" lon="121.46595745133457"/>
  <node id="1015" action="modify" visible="true" version="1" lat="25.01205831463823" lon="121.46606968415124"/>
  <node id="1016" action="modify" visible="true" version="1" lat="25.01211574239442" lon="121.46619604207741"/>
  <node id="1017" action="modify" visible="true" version="1" lat="25.01217316523934" lon="121.46632239191875"/>
  <node id="1018" action="modify" visible="true" version="1" lat="25.01219429278219" lon="121.46636887614146"/>
  <node id="1019" action="modify" visible="true" version="1" lat="25.012211224608784" lon="121.46640612208975"/>
  <node id="1020" action="modify" visible="true" version="1" lat="25.0122215176994" lon="121.46642876592314"/>
  <node id="1021" action="modify" visible="true" version="1" lat="25.01203004034809" lon="121.46608515942863"/>
  <node id="1022" action="modify" visible="true" version="1" lat="25.012087468117503" lon="121.46621151825312"/>
  <node id="1023" action="modify" visible="true" version="1" lat="25.012144890975637" lon="121.46633786719615"/>
  <node id="1024" action="modify" visible="true" version="1" lat="25.012166019337418" lon="121.4663843541138"/>
  <node id="1025" action="modify" visible="true" version="1" lat="25.01218295116791" lon="121.46642160096042"/>
  <node id="1026" action="modify" visible="true" version="1" lat="25.012193244260896" lon="121.46644424479376"/>
  <node id="1030" action="modify" visible="true" version="1" lat="25.012001766051434" lon="121.46610063560433"/>
  <node id="1031" action="modify" visible="true" version="1" lat="25.012059193019997" lon="121.46622699353051"/>
  <node id="1032" action="modify" visible="true" version="1" lat="25.012116616705427" lon="121.46635334337188"/>
  <node id="1033" action="modify" visible="true" version="1" lat="25.012137745886147" lon="121.46639983118783"/>
  <node id="1034" action="modify" visible="true" version="1" lat="25.012154677720535" lon="121.4664370798311"/>
  <node id="1037" action="modify" visible="true" version="1" lat="25.01228459990073" lon="121.46656753676989"/>
  <node id="1038" action="modify" visible="true" version="1" lat="25.01234767881338" lon="121.46670630043016"/>
  <node id="1039" action="modify" visible="true" version="1" lat="25.01225632647675" lon="121.46658301474226"/>
  <node id="1040" action="modify" visible="true" version="1" lat="25.012319405403925" lon="121.4667217784025"/>
  <node id="1044" action="modify" visible="true" version="1" lat="25.012228053046268" lon="121.4665984936129"/>
  <node id="1045" action="modify" visible="true" version="1" lat="25.012291132802034" lon="121.46673725727317"/>
  <node id="1048" action="modify" visible="true" version="1" lat="25.011077225038605" lon="121.46390763060352"/>
  <node id="1049" action="modify" visible="true" version="1" lat="25.011251777617517" lon="121.46428918912213"/>
  <node id="1050" action="modify" visible="true" version="1" lat="25.01142632913426" lon="121.46467074853906"/>
  <node id="1051" action="modify" visible="true" version="1" lat="25.011048987156038" lon="121.4639231876276"/>
  <node id="1052" action="modify" visible="true" version="1" lat="25.01122353977509" lon="121.4643047452479"/>
  <node id="1053" action="modify" visible="true" version="1" lat="25.011398091331966" lon="121.46468630466484"/>
  <node id="1057" action="modify" visible="true" version="1" lat="25.01102075008106" lon="121.46393874465168"/>
  <node id="1058" action="modify" visible="true" version="1" lat="25.011195302740244" lon="121.46432030227199"/>
  <node id="1059" action="modify" visible="true" version="1" lat="25.011369853523178" lon="121.46470186168892"/>
  <node id="1062" action="modify" visible="true" version="1" lat="25.012443097350125" lon="121.46691979224394"/>
  <node id="1063" action="modify" visible="true" version="1" lat="25.01244350112769" lon="121.46692067798283"/>
  <node id="1064" action="modify" visible="true" version="1" lat="25.01246455942829" lon="121.46696617765195"/>
  <node id="1065" action="modify" visible="true" version="1" lat="25.012472515309973" lon="121.46698329774466"/>
  <node id="1066" action="modify" visible="true" version="1" lat="25.013186109317452" lon="121.4685229203101"/>
  <node id="1067" action="modify" visible="true" version="1" lat="25.012414836987727" lon="121.46693529896238"/>
  <node id="1068" action="modify" visible="true" version="1" lat="25.012415240765385" lon="121.46693618470124"/>
  <node id="1069" action="modify" visible="true" version="1" lat="25.012436417924715" lon="121.46698194218688"/>
  <node id="1070" action="modify" visible="true" version="1" lat="25.01244435264246" lon="121.46699901826213"/>
  <node id="1071" action="modify" visible="true" version="1" lat="25.0131579468136" lon="121.46853864082757"/>
  <node id="1075" action="modify" visible="true" version="1" lat="25.012386576618827" lon="121.4669508047825"/>
  <node id="1076" action="modify" visible="true" version="1" lat="25.012386980396577" lon="121.4669516914197"/>
  <node id="1077" action="modify" visible="true" version="1" lat="25.012408276414693" lon="121.4669977067218"/>
  <node id="1078" action="modify" visible="true" version="1" lat="25.012416189968498" lon="121.46701473788129"/>
  <node id="1079" action="modify" visible="true" version="1" lat="25.013129784303285" lon="121.46855436044672"/>
  <node id="1082" action="modify" visible="true" version="1" lat="25.01063613061298" lon="121.46292704401242"/>
  <node id="1083" action="modify" visible="true" version="1" lat="25.010834525733273" lon="121.4633685686695"/>
  <node id="1084" action="modify" visible="true" version="1" lat="25.01103291483453" lon="121.46381008614009"/>
  <node id="1085" action="modify" visible="true" version="1" lat="25.010607792497176" lon="121.46294237915264"/>
  <node id="1086" action="modify" visible="true" version="1" lat="25.01080618684917" lon="121.46338390380971"/>
  <node id="1087" action="modify" visible="true" version="1" lat="25.011004576810286" lon="121.46382542128028"/>
  <node id="1091" action="modify" visible="true" version="1" lat="25.01057945437483" lon="121.46295771339453"/>
  <node id="1092" action="modify" visible="true" version="1" lat="25.0107778487726" lon="121.46339923805162"/>
  <node id="1093" action="modify" visible="true" version="1" lat="25.01097623877949" lon="121.46384075552218"/>
  <node id="1096" action="modify" visible="true" version="1" lat="25.014634928124696" lon="121.46564143659404"/>
  <node id="1097" action="modify" visible="true" version="1" lat="25.01500060106427" lon="121.46616469177232"/>
  <node id="1098" action="modify" visible="true" version="1" lat="25.015366272100785" lon="121.46668795054383"/>
  <node id="1099" action="modify" visible="true" version="1" lat="25.01460985609951" lon="121.46566253802006"/>
  <node id="1100" action="modify" visible="true" version="1" lat="25.014975529113748" lon="121.46618579409665"/>
  <node id="1101" action="modify" visible="true" version="1" lat="25.01534120103898" lon="121.46670905286817"/>
  <node id="1105" action="modify" visible="true" version="1" lat="25.014584784883258" lon="121.46568364034441"/>
  <node id="1106" action="modify" visible="true" version="1" lat="25.014950457972162" lon="121.46620689552269"/>
  <node id="1107" action="modify" visible="true" version="1" lat="25.01531612915801" lon="121.4667301542942"/>
  <node id="1110" action="modify" visible="true" version="1" lat="25.014559712847838" lon="121.46570474177042"/>
  <node id="1111" action="modify" visible="true" version="1" lat="25.014925386011402" lon="121.46622799784701"/>
  <node id="1112" action="modify" visible="true" version="1" lat="25.01529105727192" lon="121.46675125572024"/>
  <node id="1115" action="modify" visible="true" version="1" lat="25.0130380841292" lon="121.46347749568592"/>
  <node id="1116" action="modify" visible="true" version="1" lat="25.013087176232332" lon="121.46353381466436"/>
  <node id="1117" action="modify" visible="true" version="1" lat="25.013116306673574" lon="121.46356869714513"/>
  <node id="1118" action="modify" visible="true" version="1" lat="25.01314915737582" lon="121.46360997652906"/>
  <node id="1119" action="modify" visible="true" version="1" lat="25.013169805267733" lon="121.46363715146474"/>
  <node id="1120" action="modify" visible="true" version="1" lat="25.013198091506396" lon="121.4636757529708"/>
  <node id="1121" action="modify" visible="true" version="1" lat="25.0144947065774" lon="121.46544523285787"/>
  <node id="1122" action="modify" visible="true" version="1" lat="25.013015252081775" lon="121.46350146453432"/>
  <node id="1123" action="modify" visible="true" version="1" lat="25.013064344194035" lon="121.46355778351274"/>
  <node id="1124" action="modify" visible="true" version="1" lat="25.013092729772723" lon="121.46359178115299"/>
  <node id="1125" action="modify" visible="true" version="1" lat="25.013125129490295" lon="121.46363249280166"/>
  <node id="1126" action="modify" visible="true" version="1" lat="25.013145183120244" lon="121.46365888171145"/>
  <node id="1127" action="modify" visible="true" version="1" lat="25.013173469364574" lon="121.46369748231922"/>
  <node id="1128" action="modify" visible="true" version="1" lat="25.014470083881516" lon="121.46546696220629"/>
  <node id="1132" action="modify" visible="true" version="1" lat="25.012992420030105" lon="121.46352543338273"/>
  <node id="1133" action="modify" visible="true" version="1" lat="25.013041512151492" lon="121.46358175236114"/>
  <node id="1134" action="modify" visible="true" version="1" lat="25.01306915286734" lon="121.46361486426252"/>
  <node id="1135" action="modify" visible="true" version="1" lat="25.01310110160006" lon="121.46365500907427"/>
  <node id="1136" action="modify" visible="true" version="1" lat="25.01312056096782" lon="121.46368061105987"/>
  <node id="1137" action="modify" visible="true" version="1" lat="25.013148847217817" lon="121.46371921256593"/>
  <node id="1138" action="modify" visible="true" version="1" lat="25.014445461180703" lon="121.4654886915547"/>
  <node id="1141" action="modify" visible="true" version="1" lat="25.01296958878826" lon="121.46354940133284"/>
  <node id="1142" action="modify" visible="true" version="1" lat="25.013018680918776" lon="121.46360572031125"/>
  <node id="1143" action="modify" visible="true" version="1" lat="25.013045575957428" lon="121.4636379482704"/>
  <node id="1144" action="modify" visible="true" version="1" lat="25.013077073705126" lon="121.46367752534685"/>
  <node id="1145" action="modify" visible="true" version="1" lat="25.013095938810455" lon="121.46370234040826"/>
  <node id="1146" action="modify" visible="true" version="1" lat="25.013124225066132" lon="121.46374094191432"/>
  <node id="1147" action="modify" visible="true" version="1" lat="25.01442083847494" lon="121.46551042090312"/>
  <node id="1150" action="modify" visible="true" version="1" lat="25.010637926472672" lon="121.46278619626071"/>
  <node id="1151" action="modify" visible="true" version="1" lat="25.0112764180543" lon="121.4620025509226"/>
  <node id="1152" action="modify" visible="true" version="1" lat="25.011280837669585" lon="121.46199811144845"/>
  <node id="1153" action="modify" visible="true" version="1" lat="25.0112929397135" lon="121.46198709450982"/>
  <node id="1154" action="modify" visible="true" version="1" lat="25.011312254462403" lon="121.46197213756035"/>
  <node id="1155" action="modify" visible="true" version="1" lat="25.011352148209426" lon="121.46194933831842"/>
  <node id="1156" action="modify" visible="true" version="1" lat="25.011368499716802" lon="121.46194261083527"/>
  <node id="1157" action="modify" visible="true" version="1" lat="25.011403793924384" lon="121.46193389268542"/>
  <node id="1158" action="modify" visible="true" version="1" lat="25.011442612249517" lon="121.46193329620411"/>
  <node id="1159" action="modify" visible="true" version="1" lat="25.01148597146732" lon="121.46194436704167"/>
  <node id="1160" action="modify" visible="true" version="1" lat="25.011526805413094" lon="121.46196727857297"/>
  <node id="1161" action="modify" visible="true" version="1" lat="25.01152746969726" lon="121.46196776815479"/>
  <node id="1162" action="modify" visible="true" version="1" lat="25.011563183921087" lon="121.46200044347493"/>
  <node id="1163" action="modify" visible="true" version="1" lat="25.011571706456287" lon="121.46200888045209"/>
  <node id="1164" action="modify" visible="true" version="1" lat="25.011605220227334" lon="121.46204206152375"/>
  <node id="1165" action="modify" visible="true" version="1" lat="25.012792284667952" lon="121.46321736154594"/>
  <node id="1166" action="modify" visible="true" version="1" lat="25.012845039347855" lon="121.46327026153638"/>
  <node id="1167" action="modify" visible="true" version="1" lat="25.01284567757482" lon="121.46327096132401"/>
  <node id="1168" action="modify" visible="true" version="1" lat="25.010661480236514" lon="121.46280930721801"/>
  <node id="1169" action="modify" visible="true" version="1" lat="25.01129996762531" lon="121.46202566816812"/>
  <node id="1170" action="modify" visible="true" version="1" lat="25.011301336085793" lon="121.46202449766332"/>
  <node id="1171" action="modify" visible="true" version="1" lat="25.011311951626443" lon="121.46201478867171"/>
  <node id="1172" action="modify" visible="true" version="1" lat="25.011329040691173" lon="121.46200151247012"/>
  <node id="1173" action="modify" visible="true" version="1" lat="25.011364180235876" lon="121.4619813991909"/>
  <node id="1174" action="modify" visible="true" version="1" lat="25.011377820872827" lon="121.46197574160126"/>
  <node id="1175" action="modify" visible="true" version="1" lat="25.011407388877583" lon="121.46196834127996"/>
  <node id="1176" action="modify" visible="true" version="1" lat="25.011439154875912" lon="121.4619677618666"/>
  <node id="1177" action="modify" visible="true" version="1" lat="25.011474405103186" lon="121.46197663452664"/>
  <node id="1178" action="modify" visible="true" version="1" lat="25.011509333761165" lon="121.46199616929083"/>
  <node id="1179" action="modify" visible="true" version="1" lat="25.0115097155618" lon="121.46199645046349"/>
  <node id="1180" action="modify" visible="true" version="1" lat="25.011542066852613" lon="121.46202623590337"/>
  <node id="1181" action="modify" visible="true" version="1" lat="25.011550541358936" lon="121.46203462526982"/>
  <node id="1182" action="modify" visible="true" version="1" lat="25.011584055135764" lon="121.46206780634145"/>
  <node id="1183" action="modify" visible="true" version="1" lat="25.01277097162105" lon="121.46324295903996"/>
  <node id="1184" action="modify" visible="true" version="1" lat="25.012822696517706" lon="121.46329477835712"/>
  <node id="1185" action="modify" visible="true" version="1" lat="25.012823334744777" lon="121.46329547814472"/>
  <node id="1189" action="modify" visible="true" version="1" lat="25.01068503399584" lon="121.46283241907365"/>
  <node id="1190" action="modify" visible="true" version="1" lat="25.011323517191805" lon="121.46204878541364"/>
  <node id="1191" action="modify" visible="true" version="1" lat="25.01132183449858" lon="121.46205088477646"/>
  <node id="1192" action="modify" visible="true" version="1" lat="25.011330963536437" lon="121.46204248283361"/>
  <node id="1193" action="modify" visible="true" version="1" lat="25.011345827731727" lon="121.46203088827822"/>
  <node id="1194" action="modify" visible="true" version="1" lat="25.01137621307523" lon="121.46201346006342"/>
  <node id="1195" action="modify" visible="true" version="1" lat="25.01138714202815" lon="121.46200887236725"/>
  <node id="1196" action="modify" visible="true" version="1" lat="25.01141098464475" lon="121.46200278987448"/>
  <node id="1197" action="modify" visible="true" version="1" lat="25.01143569750221" lon="121.4620022275291"/>
  <node id="1198" action="modify" visible="true" version="1" lat="25.011462837923883" lon="121.46200890111334"/>
  <node id="1199" action="modify" visible="true" version="1" lat="25.011491862920817" lon="121.46202506000868"/>
  <node id="1200" action="modify" visible="true" version="1" lat="25.011491961423776" lon="121.4620251327722"/>
  <node id="1201" action="modify" visible="true" version="1" lat="25.011520949780518" lon="121.46205202833183"/>
  <node id="1202" action="modify" visible="true" version="1" lat="25.011529376257947" lon="121.46206037008757"/>
  <node id="1203" action="modify" visible="true" version="1" lat="25.011562889226475" lon="121.46209355026087"/>
  <node id="1204" action="modify" visible="true" version="1" lat="25.012749658570446" lon="121.46326855653399"/>
  <node id="1205" action="modify" visible="true" version="1" lat="25.012800352869412" lon="121.46331929517787"/>
  <node id="1206" action="modify" visible="true" version="1" lat="25.012800991096608" lon="121.46331999496546"/>
  <node id="1209" action="modify" visible="true" version="1" lat="25.01070858775065" lon="121.46285553092928"/>
  <node id="1210" action="modify" visible="true" version="1" lat="25.011347066753782" lon="121.46207190265915"/>
  <node id="1211" action="modify" visible="true" version="1" lat="25.011342332907944" lon="121.4620772709913"/>
  <node id="1212" action="modify" visible="true" version="1" lat="25.011349976257566" lon="121.4620701769955"/>
  <node id="1213" action="modify" visible="true" version="1" lat="25.011362613955907" lon="121.46206026318804"/>
  <node id="1214" action="modify" visible="true" version="1" lat="25.0113882459134" lon="121.4620455209359"/>
  <node id="1215" action="modify" visible="true" version="1" lat="25.01139646318276" lon="121.46204200223495"/>
  <node id="1216" action="modify" visible="true" version="1" lat="25.011414579597744" lon="121.46203723846898"/>
  <node id="1217" action="modify" visible="true" version="1" lat="25.01143224094248" lon="121.4620366931916"/>
  <node id="1218" action="modify" visible="true" version="1" lat="25.01145127155756" lon="121.46204116770005"/>
  <node id="1219" action="modify" visible="true" version="1" lat="25.011474392077993" lon="121.46205395072653"/>
  <node id="1220" action="modify" visible="true" version="1" lat="25.011474207283182" lon="121.46205381418261"/>
  <node id="1221" action="modify" visible="true" version="1" lat="25.011499832704782" lon="121.46207781986193"/>
  <node id="1222" action="modify" visible="true" version="1" lat="25.011508211153302" lon="121.46208611490528"/>
  <node id="1223" action="modify" visible="true" version="1" lat="25.011541724127607" lon="121.46211929507862"/>
  <node id="1224" action="modify" visible="true" version="1" lat="25.012728345516148" lon="121.463294154028"/>
  <node id="1225" action="modify" visible="true" version="1" lat="25.01277801003112" lon="121.4633438119986"/>
  <node id="1226" action="modify" visible="true" version="1" lat="25.012778648258436" lon="121.4633445117862"/>
  <node id="1229" action="modify" visible="true" version="1" lat="25.013757085900117" lon="121.46238675767466"/>
  <node id="1230" action="modify" visible="true" version="1" lat="25.01469510861636" lon="121.46314869432562"/>
  <node id="1231" action="modify" visible="true" version="1" lat="25.015633128237038" lon="121.46391064265465"/>
  <node id="1232" action="modify" visible="true" version="1" lat="25.01373560369638" lon="121.46241860923969"/>
  <node id="1233" action="modify" visible="true" version="1" lat="25.01467362576267" lon="121.46318054678896"/>
  <node id="1234" action="modify" visible="true" version="1" lat="25.015611644733422" lon="121.463942495118"/>
  <node id="1238" action="modify" visible="true" version="1" lat="25.013714120674823" lon="121.46245046170306"/>
  <node id="1239" action="modify" visible="true" version="1" lat="25.014652142905224" lon="121.46321239925228"/>
  <node id="1240" action="modify" visible="true" version="1" lat="25.01559016204009" lon="121.46397434758136"/>
  <node id="1243" action="modify" visible="true" version="1" lat="25.01315615913139" lon="121.46868392446017"/>
  <node id="1244" action="modify" visible="true" version="1" lat="25.012533694093577" lon="121.4690987224409"/>
  <node id="1245" action="modify" visible="true" version="1" lat="25.011911227528685" lon="121.46951351682841"/>
  <node id="1246" action="modify" visible="true" version="1" lat="25.013137416958834" lon="121.46865005258404"/>
  <node id="1247" action="modify" visible="true" version="1" lat="25.012514951826017" lon="121.4690648505648"/>
  <node id="1248" action="modify" visible="true" version="1" lat="25.011892485980194" lon="121.4694796449523"/>
  <node id="1252" action="modify" visible="true" version="1" lat="25.01311867478342" lon="121.46861618070794"/>
  <node id="1253" action="modify" visible="true" version="1" lat="25.0124962095556" lon="121.46903097868869"/>
  <node id="1254" action="modify" visible="true" version="1" lat="25.011873743614775" lon="121.4694457730762"/>
  <node id="1257" action="modify" visible="true" version="1" lat="25.013099932605147" lon="121.46858230883186"/>
  <node id="1258" action="modify" visible="true" version="1" lat="25.012477468096385" lon="121.4689971068126"/>
  <node id="1259" action="modify" visible="true" version="1" lat="25.01185500206057" lon="121.4694119012001"/>
  <node id="1262" action="modify" visible="true" version="1" lat="25.016345334658688" lon="121.46322380516146"/>
  <node id="1263" action="modify" visible="true" version="1" lat="25.016879857761726" lon="121.46366859429631"/>
  <node id="1264" action="modify" visible="true" version="1" lat="25.016914215055525" lon="121.4636971813836"/>
  <node id="1265" action="modify" visible="true" version="1" lat="25.01695401255419" lon="121.46373029059"/>
  <node id="1266" action="modify" visible="true" version="1" lat="25.01697978254496" lon="121.46375172798597"/>
  <node id="1267" action="modify" visible="true" version="1" lat="25.01757059251339" lon="121.46424316393855"/>
  <node id="1268" action="modify" visible="true" version="1" lat="25.017573658978208" lon="121.46424623438018"/>
  <node id="1269" action="modify" visible="true" version="1" lat="25.01758079805316" lon="121.46425436593012"/>
  <node id="1270" action="modify" visible="true" version="1" lat="25.017590635648904" lon="121.46426773645481"/>
  <node id="1271" action="modify" visible="true" version="1" lat="25.017601017018237" lon="121.46428556980986"/>
  <node id="1272" action="modify" visible="true" version="1" lat="25.01760986311968" lon="121.46430746265163"/>
  <node id="1273" action="modify" visible="true" version="1" lat="25.01761573474256" lon="121.46435694365411"/>
  <node id="1274" action="modify" visible="true" version="1" lat="25.017615370869642" lon="121.46436146038337"/>
  <node id="1275" action="modify" visible="true" version="1" lat="25.01760805840759" lon="121.46439266875464"/>
  <node id="1276" action="modify" visible="true" version="1" lat="25.017591450496482" lon="121.46442595223425"/>
  <node id="1277" action="modify" visible="true" version="1" lat="25.017562501832426" lon="121.46446447379026"/>
  <node id="1278" action="modify" visible="true" version="1" lat="25.017537918011346" lon="121.46449748418202"/>
  <node id="1279" action="modify" visible="true" version="1" lat="25.0175113471282" lon="121.46453752748411"/>
  <node id="1280" action="modify" visible="true" version="1" lat="25.01737450873911" lon="121.46474374294412"/>
  <node id="1281" action="modify" visible="true" version="1" lat="25.017348968389104" lon="121.4647818638515"/>
  <node id="1282" action="modify" visible="true" version="1" lat="25.017319179583396" lon="121.46482585345267"/>
  <node id="1283" action="modify" visible="true" version="1" lat="25.017299763210875" lon="121.46485423213078"/>
  <node id="1284" action="modify" visible="true" version="1" lat="25.017170334758895" lon="121.4650419180414"/>
  <node id="1285" action="modify" visible="true" version="1" lat="25.01714411220382" lon="121.46507947750175"/>
  <node id="1286" action="modify" visible="true" version="1" lat="25.01711347675024" lon="121.46512276102709"/>
  <node id="1287" action="modify" visible="true" version="1" lat="25.017093484821146" lon="121.46515064114024"/>
  <node id="1288" action="modify" visible="true" version="1" lat="25.01706539566277" lon="121.46518941691949"/>
  <node id="1289" action="modify" visible="true" version="1" lat="25.016964607255225" lon="121.46532855158395"/>
  <node id="1290" action="modify" visible="true" version="1" lat="25.01693747211976" lon="121.46536532232346"/>
  <node id="1291" action="modify" visible="true" version="1" lat="25.016905747431665" lon="121.46540765004137"/>
  <node id="1292" action="modify" visible="true" version="1" lat="25.016885147382194" lon="121.46543497948724"/>
  <node id="1293" action="modify" visible="true" version="1" lat="25.016855415446646" lon="121.46547384869126"/>
  <node id="1294" action="modify" visible="true" version="1" lat="25.016839203870497" lon="121.46549469589407"/>
  <node id="1295" action="modify" visible="true" version="1" lat="25.01681089974773" lon="121.46553039135019"/>
  <node id="1296" action="modify" visible="true" version="1" lat="25.016777984902017" lon="121.46557160964869"/>
  <node id="1297" action="modify" visible="true" version="1" lat="25.01675662533266" lon="121.46559822493391"/>
  <node id="1298" action="modify" visible="true" version="1" lat="25.01672678021453" lon="121.46563432193697"/>
  <node id="1299" action="modify" visible="true" version="1" lat="25.016697036030035" lon="121.46566858098699"/>
  <node id="1300" action="modify" visible="true" version="1" lat="25.016662434463562" lon="121.46570809787633"/>
  <node id="1301" action="modify" visible="true" version="1" lat="25.016639953941237" lon="121.4657335228938"/>
  <node id="1302" action="modify" visible="true" version="1" lat="25.016606867287248" lon="121.46576945011529"/>
  <node id="1303" action="modify" visible="true" version="1" lat="25.01659745861182" lon="121.46577939356716"/>
  <node id="1304" action="modify" visible="true" version="1" lat="25.016566138413914" lon="121.46581191347876"/>
  <node id="1305" action="modify" visible="true" version="1" lat="25.016529711731593" lon="121.46584940466717"/>
  <node id="1306" action="modify" visible="true" version="1" lat="25.016506038615297" lon="121.46587352083925"/>
  <node id="1307" action="modify" visible="true" version="1" lat="25.016472356047245" lon="121.46590689594703"/>
  <node id="1308" action="modify" visible="true" version="1" lat="25.016441683794195" lon="121.46593671282794"/>
  <node id="1309" action="modify" visible="true" version="1" lat="25.0164091701719" lon="121.4659677909435"/>
  <node id="1310" action="modify" visible="true" version="1" lat="25.016371344105462" lon="121.46600357443454"/>
  <node id="1311" action="modify" visible="true" version="1" lat="25.016346648522152" lon="121.46602645003324"/>
  <node id="1312" action="modify" visible="true" version="1" lat="25.01618887735329" lon="121.46616967293056"/>
  <node id="1313" action="modify" visible="true" version="1" lat="25.016155455192006" lon="121.46619956347331"/>
  <node id="1314" action="modify" visible="true" version="1" lat="25.016116483688457" lon="121.46623383599805"/>
  <node id="1315" action="modify" visible="true" version="1" lat="25.016091099373096" lon="121.4662558034"/>
  <node id="1316" action="modify" visible="true" version="1" lat="25.01596118854677" lon="121.46636682169441"/>
  <node id="1317" action="modify" visible="true" version="1" lat="25.01592698891094" lon="121.4663956342588"/>
  <node id="1318" action="modify" visible="true" version="1" lat="25.01588714142264" lon="121.4664286707017"/>
  <node id="1319" action="modify" visible="true" version="1" lat="25.015861204323297" lon="121.4664498457896"/>
  <node id="1320" action="modify" visible="true" version="1" lat="25.015824834415" lon="121.46647918386844"/>
  <node id="1321" action="modify" visible="true" version="1" lat="25.01553902767933" lon="121.4667097292996"/>
  <node id="1322" action="modify" visible="true" version="1" lat="25.01632351752249" lon="121.46325538274034"/>
  <node id="1323" action="modify" visible="true" version="1" lat="25.016858040720514" lon="121.46370017277349"/>
  <node id="1324" action="modify" visible="true" version="1" lat="25.016892399648487" lon="121.46372876075907"/>
  <node id="1325" action="modify" visible="true" version="1" lat="25.016932198782303" lon="121.46376187176215"/>
  <node id="1326" action="modify" visible="true" version="1" lat="25.016957970405727" lon="121.4637833100564"/>
  <node id="1327" action="modify" visible="true" version="1" lat="25.01754876989668" lon="121.46427473882248"/>
  <node id="1328" action="modify" visible="true" version="1" lat="25.017548125995933" lon="121.46427425732548"/>
  <node id="1329" action="modify" visible="true" version="1" lat="25.017553508387458" lon="121.46428031646207"/>
  <node id="1330" action="modify" visible="true" version="1" lat="25.017561207518785" lon="121.46429070278337"/>
  <node id="1331" action="modify" visible="true" version="1" lat="25.017569127252763" lon="121.46430415954634"/>
  <node id="1332" action="modify" visible="true" version="1" lat="25.017575578469554" lon="121.46431990072507"/>
  <node id="1333" action="modify" visible="true" version="1" lat="25.01757968364114" lon="121.46435468708611"/>
  <node id="1334" action="modify" visible="true" version="1" lat="25.01757957456064" lon="121.46435624656147"/>
  <node id="1335" action="modify" visible="true" version="1" lat="25.01757461383968" lon="121.46437772617823"/>
  <node id="1336" action="modify" visible="true" version="1" lat="25.017562344723917" lon="121.46440249722217"/>
  <node id="1337" action="modify" visible="true" version="1" lat="25.017535022492755" lon="121.46443876400683"/>
  <node id="1338" action="modify" visible="true" version="1" lat="25.017508728380577" lon="121.46447415493407"/>
  <node id="1339" action="modify" visible="true" version="1" lat="25.017482157491113" lon="121.46451419823617"/>
  <node id="1340" action="modify" visible="true" version="1" lat="25.017345319069488" lon="121.46472041459448"/>
  <node id="1341" action="modify" visible="true" version="1" lat="25.017319938264333" lon="121.46475829744834"/>
  <node id="1342" action="modify" visible="true" version="1" lat="25.01729024876392" lon="121.46480213882745"/>
  <node id="1343" action="modify" visible="true" version="1" lat="25.017270969958854" lon="121.4648303171813"/>
  <node id="1344" action="modify" visible="true" version="1" lat="25.017141541476516" lon="121.4650180030919"/>
  <node id="1345" action="modify" visible="true" version="1" lat="25.017115530564837" lon="121.46505525982"/>
  <node id="1346" action="modify" visible="true" version="1" lat="25.01708502860617" lon="121.46509835469912"/>
  <node id="1347" action="modify" visible="true" version="1" lat="25.017065219016736" lon="121.46512597969075"/>
  <node id="1348" action="modify" visible="true" version="1" lat="25.017037129851897" lon="121.46516475547"/>
  <node id="1349" action="modify" visible="true" version="1" lat="25.016936341421147" lon="121.46530389013446"/>
  <node id="1350" action="modify" visible="true" version="1" lat="25.01690952538236" lon="121.4653402269877"/>
  <node id="1351" action="modify" visible="true" version="1" lat="25.01687790488394" lon="121.4653824154667"/>
  <node id="1352" action="modify" visible="true" version="1" lat="25.016857338205373" lon="121.46540969999683"/>
  <node id="1353" action="modify" visible="true" version="1" lat="25.016827863499287" lon="121.46544823323093"/>
  <node id="1354" action="modify" visible="true" version="1" lat="25.016811879850337" lon="121.46546878758296"/>
  <node id="1355" action="modify" visible="true" version="1" lat="25.01678370922365" lon="121.46550431415581"/>
  <node id="1356" action="modify" visible="true" version="1" lat="25.016750859493776" lon="121.46554545160593"/>
  <node id="1357" action="modify" visible="true" version="1" lat="25.01672956585688" lon="121.46557198334784"/>
  <node id="1358" action="modify" visible="true" version="1" lat="25.016700552680486" lon="121.46560708232263"/>
  <node id="1359" action="modify" visible="true" version="1" lat="25.0166709493185" lon="121.46564118057418"/>
  <node id="1360" action="modify" visible="true" version="1" lat="25.016636454383892" lon="121.46568057529267"/>
  <node id="1361" action="modify" visible="true" version="1" lat="25.016614141549056" lon="121.4657058098673"/>
  <node id="1362" action="modify" visible="true" version="1" lat="25.016581719958985" lon="121.46574101035172"/>
  <node id="1363" action="modify" visible="true" version="1" lat="25.016572552237548" lon="121.46575069958037"/>
  <node id="1364" action="modify" visible="true" version="1" lat="25.016541381002703" lon="121.46578306408341"/>
  <node id="1365" action="modify" visible="true" version="1" lat="25.01650507316299" lon="121.46582043489755"/>
  <node id="1366" action="modify" visible="true" version="1" lat="25.016481586457303" lon="121.46584435972852"/>
  <node id="1367" action="modify" visible="true" version="1" lat="25.016448299506525" lon="121.46587734227248"/>
  <node id="1368" action="modify" visible="true" version="1" lat="25.016417916232133" lon="121.46590687798071"/>
  <node id="1369" action="modify" visible="true" version="1" lat="25.016385506800866" lon="121.46593785817993"/>
  <node id="1370" action="modify" visible="true" version="1" lat="25.016347886679704" lon="121.46597344673651"/>
  <node id="1371" action="modify" visible="true" version="1" lat="25.01632363230241" lon="121.46599591360177"/>
  <node id="1372" action="modify" visible="true" version="1" lat="25.016165861918015" lon="121.46613913739742"/>
  <node id="1373" action="modify" visible="true" version="1" lat="25.016132771880095" lon="121.4661687288012"/>
  <node id="1374" action="modify" visible="true" version="1" lat="25.016094010392564" lon="121.46620281717128"/>
  <node id="1375" action="modify" visible="true" version="1" lat="25.01606891342996" lon="121.46622453573991"/>
  <node id="1376" action="modify" visible="true" version="1" lat="25.0159390033942" lon="121.46633555493261"/>
  <node id="1377" action="modify" visible="true" version="1" lat="25.01590512448581" lon="121.46636409620582"/>
  <node id="1378" action="modify" visible="true" version="1" lat="25.015865478873565" lon="121.46639696466373"/>
  <node id="1379" action="modify" visible="true" version="1" lat="25.015839817730964" lon="121.46641791517281"/>
  <node id="1380" action="modify" visible="true" version="1" lat="25.015803448630372" lon="121.46644725235338"/>
  <node id="1381" action="modify" visible="true" version="1" lat="25.015517641844923" lon="121.46667779868282"/>
  <node id="1385" action="modify" visible="true" version="1" lat="25.016301700382417" lon="121.4632869612175"/>
  <node id="1386" action="modify" visible="true" version="1" lat="25.016836223675423" lon="121.46373175035237"/>
  <node id="1387" action="modify" visible="true" version="1" lat="25.01687058505161" lon="121.4637603410329"/>
  <node id="1388" action="modify" visible="true" version="1" lat="25.01691038500654" lon="121.46379345293428"/>
  <node id="1389" action="modify" visible="true" version="1" lat="25.016936159076664" lon="121.46381489302517"/>
  <node id="1390" action="modify" visible="true" version="1" lat="25.017526948090126" lon="121.46430631280806"/>
  <node id="1391" action="modify" visible="true" version="1" lat="25.017522593008344" lon="121.46430228027077"/>
  <node id="1392" action="modify" visible="true" version="1" lat="25.017526217901658" lon="121.46430626789233"/>
  <node id="1393" action="modify" visible="true" version="1" lat="25.017531779381613" lon="121.46431366821363"/>
  <node id="1394" action="modify" visible="true" version="1" lat="25.017537236664975" lon="121.46432274928283"/>
  <node id="1395" action="modify" visible="true" version="1" lat="25.017541292995823" lon="121.46433233879847"/>
  <node id="1396" action="modify" visible="true" version="1" lat="25.017543632529136" lon="121.46435243141646"/>
  <node id="1397" action="modify" visible="true" version="1" lat="25.01754377905523" lon="121.46435103363785"/>
  <node id="1398" action="modify" visible="true" version="1" lat="25.017541169262667" lon="121.46436278360179"/>
  <node id="1399" action="modify" visible="true" version="1" lat="25.017533238944445" lon="121.4643790422101"/>
  <node id="1400" action="modify" visible="true" version="1" lat="25.01750754314694" lon="121.46441305332507"/>
  <node id="1401" action="modify" visible="true" version="1" lat="25.01747953874286" lon="121.46445082568616"/>
  <node id="1402" action="modify" visible="true" version="1" lat="25.017452967033048" lon="121.46449086898825"/>
  <node id="1403" action="modify" visible="true" version="1" lat="25.017316129392928" lon="121.46469708534657"/>
  <node id="1404" action="modify" visible="true" version="1" lat="25.017290907318664" lon="121.46473473104517"/>
  <node id="1405" action="modify" visible="true" version="1" lat="25.017261317937628" lon="121.46477842420227"/>
  <node id="1406" action="modify" visible="true" version="1" lat="25.017242176700073" lon="121.4648064022318"/>
  <node id="1407" action="modify" visible="true" version="1" lat="25.01711274737335" lon="121.4649940881424"/>
  <node id="1408" action="modify" visible="true" version="1" lat="25.01708694810516" lon="121.46503104123995"/>
  <node id="1409" action="modify" visible="true" version="1" lat="25.017056579641473" lon="121.46507394837118"/>
  <node id="1410" action="modify" visible="true" version="1" lat="25.01703695239179" lon="121.46510131824125"/>
  <node id="1411" action="modify" visible="true" version="1" lat="25.01700886403452" lon="121.4651400940205"/>
  <node id="1412" action="modify" visible="true" version="1" lat="25.016908075580567" lon="121.46527922868498"/>
  <node id="1413" action="modify" visible="true" version="1" lat="25.01688157782455" lon="121.46531513165193"/>
  <node id="1414" action="modify" visible="true" version="1" lat="25.016850061515857" lon="121.46535718089206"/>
  <node id="1415" action="modify" visible="true" version="1" lat="25.01682952983629" lon="121.46538442050642"/>
  <node id="1416" action="modify" visible="true" version="1" lat="25.01680031154574" lon="121.4654226177706"/>
  <node id="1417" action="modify" visible="true" version="1" lat="25.01678455663813" lon="121.46544287837352"/>
  <node id="1418" action="modify" visible="true" version="1" lat="25.01675651869354" lon="121.46547823696143"/>
  <node id="1419" action="modify" visible="true" version="1" lat="25.016723733265504" lon="121.46551929356318"/>
  <node id="1420" action="modify" visible="true" version="1" lat="25.016702507189176" lon="121.46554574266007"/>
  <node id="1421" action="modify" visible="true" version="1" lat="25.01667432595488" lon="121.46557984270827"/>
  <node id="1422" action="modify" visible="true" version="1" lat="25.016644861787373" lon="121.46561378016139"/>
  <node id="1423" action="modify" visible="true" version="1" lat="25.016610474298727" lon="121.46565305181066"/>
  <node id="1424" action="modify" visible="true" version="1" lat="25.016588329965487" lon="121.46567809684078"/>
  <node id="1425" action="modify" visible="true" version="1" lat="25.016556573439605" lon="121.46571257058812"/>
  <node id="1426" action="modify" visible="true" version="1" lat="25.01654764667227" lon="121.46572200649187"/>
  <node id="1427" action="modify" visible="true" version="1" lat="25.01651662440054" lon="121.46575421558637"/>
  <node id="1428" action="modify" visible="true" version="1" lat="25.016480433775392" lon="121.46579146422964"/>
  <node id="1429" action="modify" visible="true" version="1" lat="25.01645713510849" lon="121.46581519951606"/>
  <node id="1430" action="modify" visible="true" version="1" lat="25.016424242961097" lon="121.46584778769964"/>
  <node id="1431" action="modify" visible="true" version="1" lat="25.016394149479517" lon="121.46587704313349"/>
  <node id="1432" action="modify" visible="true" version="1" lat="25.01636184261123" lon="121.465907924518"/>
  <node id="1433" action="modify" visible="true" version="1" lat="25.01632442924947" lon="121.46594331814022"/>
  <node id="1434" action="modify" visible="true" version="1" lat="25.016300616078354" lon="121.46596537806865"/>
  <node id="1435" action="modify" visible="true" version="1" lat="25.01614284566439" lon="121.46610860186428"/>
  <node id="1436" action="modify" visible="true" version="1" lat="25.01611008937804" lon="121.46613789412908"/>
  <node id="1437" action="modify" visible="true" version="1" lat="25.016071537906598" lon="121.46617179744622"/>
  <node id="1438" action="modify" visible="true" version="1" lat="25.016046727482813" lon="121.46619326897812"/>
  <node id="1439" action="modify" visible="true" version="1" lat="25.01591681742358" lon="121.46630428817082"/>
  <node id="1440" action="modify" visible="true" version="1" lat="25.015883260056793" lon="121.4663325572545"/>
  <node id="1441" action="modify" visible="true" version="1" lat="25.01584381632068" lon="121.46636525862579"/>
  <node id="1442" action="modify" visible="true" version="1" lat="25.015818431948944" lon="121.46638598455606"/>
  <node id="1443" action="modify" visible="true" version="1" lat="25.015782062027974" lon="121.46641532173659"/>
  <node id="1444" action="modify" visible="true" version="1" lat="25.015496256006784" lon="121.46664586806605"/>
  <node id="1447" action="modify" visible="true" version="1" lat="25.016279883238468" lon="121.46331853879639"/>
  <node id="1448" action="modify" visible="true" version="1" lat="25.01681440662645" lon="121.46376332882953"/>
  <node id="1449" action="modify" visible="true" version="1" lat="25.016848769636827" lon="121.46379192040838"/>
  <node id="1450" action="modify" visible="true" version="1" lat="25.016888571226904" lon="121.46382503320808"/>
  <node id="1451" action="modify" visible="true" version="1" lat="25.01691434692968" lon="121.46384647509561"/>
  <node id="1452" action="modify" visible="true" version="1" lat="25.017505126279694" lon="121.46433788679369"/>
  <node id="1453" action="modify" visible="true" version="1" lat="25.017497060015437" lon="121.46433030321607"/>
  <node id="1454" action="modify" visible="true" version="1" lat="25.017498927409793" lon="121.46433221932256"/>
  <node id="1455" action="modify" visible="true" version="1" lat="25.017502351237383" lon="121.46433663364384"/>
  <node id="1456" action="modify" visible="true" version="1" lat="25.0175053460689" lon="121.46434133901931"/>
  <node id="1457" action="modify" visible="true" version="1" lat="25.01750700832654" lon="121.46434477777022"/>
  <node id="1458" action="modify" visible="true" version="1" lat="25.01750758140654" lon="121.46435017484845"/>
  <node id="1459" action="modify" visible="true" version="1" lat="25.017507982725355" lon="121.46434581981596"/>
  <node id="1460" action="modify" visible="true" version="1" lat="25.017507724676545" lon="121.46434784102534"/>
  <node id="1461" action="modify" visible="true" version="1" lat="25.017504133158074" lon="121.46435558719804"/>
  <node id="1462" action="modify" visible="true" version="1" lat="25.017480063794977" lon="121.46438734354166"/>
  <node id="1463" action="modify" visible="true" version="1" lat="25.017450349098215" lon="121.46442749643823"/>
  <node id="1464" action="modify" visible="true" version="1" lat="25.01742377738209" lon="121.46446754063865"/>
  <node id="1465" action="modify" visible="true" version="1" lat="25.01728693970943" lon="121.46467375609862"/>
  <node id="1466" action="modify" visible="true" version="1" lat="25.017261876366135" lon="121.46471116374369"/>
  <node id="1467" action="modify" visible="true" version="1" lat="25.017232387104517" lon="121.46475470867877"/>
  <node id="1468" action="modify" visible="true" version="1" lat="25.017213383434544" lon="121.4647824872823"/>
  <node id="1469" action="modify" visible="true" version="1" lat="25.017083954077467" lon="121.46497017319294"/>
  <node id="1470" action="modify" visible="true" version="1" lat="25.01705836563882" lon="121.46500682265989"/>
  <node id="1471" action="modify" visible="true" version="1" lat="25.017028130670187" lon="121.46504954114491"/>
  <node id="1472" action="modify" visible="true" version="1" lat="25.017008686574364" lon="121.46507665769008"/>
  <node id="1473" action="modify" visible="true" version="1" lat="25.01698059821063" lon="121.46511543346932"/>
  <node id="1474" action="modify" visible="true" version="1" lat="25.01687980973347" lon="121.46525456813377"/>
  <node id="1475" action="modify" visible="true" version="1" lat="25.016853631074426" lon="121.46529003721446"/>
  <node id="1476" action="modify" visible="true" version="1" lat="25.016822218955507" lon="121.46533194721573"/>
  <node id="1477" action="modify" visible="true" version="1" lat="25.016801721460904" lon="121.4653591401177"/>
  <node id="1478" action="modify" visible="true" version="1" lat="25.016772758771975" lon="121.4653970023103"/>
  <node id="1479" action="modify" visible="true" version="1" lat="25.016757232605805" lon="121.46541696916411"/>
  <node id="1480" action="modify" visible="true" version="1" lat="25.01672932897146" lon="121.46545215886871"/>
  <node id="1481" action="modify" visible="true" version="1" lat="25.016696607845276" lon="121.4654931355204"/>
  <node id="1482" action="modify" visible="true" version="1" lat="25.016675448515503" lon="121.46551950197231"/>
  <node id="1483" action="modify" visible="true" version="1" lat="25.01664809840963" lon="121.46555260399224"/>
  <node id="1484" action="modify" visible="true" version="1" lat="25.016618774250706" lon="121.46558637885028"/>
  <node id="1485" action="modify" visible="true" version="1" lat="25.016584494208058" lon="121.465625529227"/>
  <node id="1486" action="modify" visible="true" version="1" lat="25.01656251756245" lon="121.46565038471259"/>
  <node id="1487" action="modify" visible="true" version="1" lat="25.01653142610103" lon="121.46568413082454"/>
  <node id="1488" action="modify" visible="true" version="1" lat="25.016522740287893" lon="121.46569331250507"/>
  <node id="1489" action="modify" visible="true" version="1" lat="25.016491867793388" lon="121.46572536619104"/>
  <node id="1490" action="modify" visible="true" version="1" lat="25.016455794382853" lon="121.46576249446007"/>
  <node id="1491" action="modify" visible="true" version="1" lat="25.016432682940753" lon="121.46578603840533"/>
  <node id="1492" action="modify" visible="true" version="1" lat="25.016400186410944" lon="121.46581823402512"/>
  <node id="1493" action="modify" visible="true" version="1" lat="25.016370381908253" lon="121.46584720918459"/>
  <node id="1494" action="modify" visible="true" version="1" lat="25.016338178417026" lon="121.46587799175444"/>
  <node id="1495" action="modify" visible="true" version="1" lat="25.016300971814747" lon="121.46591318954391"/>
  <node id="1496" action="modify" visible="true" version="1" lat="25.016277600664026" lon="121.4659348425355"/>
  <node id="1497" action="modify" visible="true" version="1" lat="25.016119830220486" lon="121.46607806543285"/>
  <node id="1498" action="modify" visible="true" version="1" lat="25.016087406871794" lon="121.46610705945693"/>
  <node id="1499" action="modify" visible="true" version="1" lat="25.016049065416524" lon="121.46614077861943"/>
  <node id="1500" action="modify" visible="true" version="1" lat="25.0160245423457" lon="121.46616200221635"/>
  <node id="1501" action="modify" visible="true" version="1" lat="25.015894632262995" lon="121.46627302140905"/>
  <node id="1502" action="modify" visible="true" version="1" lat="25.015861395623876" lon="121.46630101920152"/>
  <node id="1503" action="modify" visible="true" version="1" lat="25.015822153763967" lon="121.46633355348617"/>
  <node id="1504" action="modify" visible="true" version="1" lat="25.01579704534916" lon="121.46635405304096"/>
  <node id="1505" action="modify" visible="true" version="1" lat="25.015760676235903" lon="121.4663833911198"/>
  <node id="1506" action="modify" visible="true" version="1" lat="25.01547487016493" lon="121.46661393744928"/>
  <node id="1509" action="modify" visible="true" version="1" lat="25.015336137657474" lon="121.46687566070898"/>
  <node id="1510" action="modify" visible="true" version="1" lat="25.01532700077688" lon="121.46688335837266"/>
  <node id="1511" action="modify" visible="true" version="1" lat="25.015292800964414" lon="121.46691217093708"/>
  <node id="1512" action="modify" visible="true" version="1" lat="25.015253186902363" lon="121.4669455442482"/>
  <node id="1513" action="modify" visible="true" version="1" lat="25.01522753702848" lon="121.46696715322236"/>
  <node id="1514" action="modify" visible="true" version="1" lat="25.013310584332284" lon="121.46858204562545"/>
  <node id="1515" action="modify" visible="true" version="1" lat="25.01531414857769" lon="121.46684422596225"/>
  <node id="1516" action="modify" visible="true" version="1" lat="25.015305011695464" lon="121.46685192452424"/>
  <node id="1517" action="modify" visible="true" version="1" lat="25.01527081269091" lon="121.46688073619032"/>
  <node id="1518" action="modify" visible="true" version="1" lat="25.015231198621777" lon="121.46691410950147"/>
  <node id="1519" action="modify" visible="true" version="1" lat="25.0152055487433" lon="121.46693571847561"/>
  <node id="1520" action="modify" visible="true" version="1" lat="25.01328859651788" lon="121.46855061087872"/>
  <node id="1524" action="modify" visible="true" version="1" lat="25.015292160308018" lon="121.46681279211383"/>
  <node id="1525" action="modify" visible="true" version="1" lat="25.015283023424153" lon="121.46682049067581"/>
  <node id="1526" action="modify" visible="true" version="1" lat="25.015248824413483" lon="121.46684930234191"/>
  <node id="1527" action="modify" visible="true" version="1" lat="25.01520921033725" lon="121.46688267475471"/>
  <node id="1528" action="modify" visible="true" version="1" lat="25.01518356126823" lon="121.46690428372888"/>
  <node id="1529" action="modify" visible="true" version="1" lat="25.013266609513618" lon="121.4685191770303"/>
  <node id="1532" action="modify" visible="true" version="1" lat="25.01527017122036" lon="121.46678135826541"/>
  <node id="1533" action="modify" visible="true" version="1" lat="25.015261034334856" lon="121.46678905592908"/>
  <node id="1534" action="modify" visible="true" version="1" lat="25.015226835318064" lon="121.4668178684935"/>
  <node id="1535" action="modify" visible="true" version="1" lat="25.015187222048777" lon="121.4668512409063"/>
  <node id="1536" action="modify" visible="true" version="1" lat="25.015161572975167" lon="121.46687284898215"/>
  <node id="1537" action="modify" visible="true" version="1" lat="25.013244621691356" lon="121.46848774228357"/>
  <node id="1540" action="modify" visible="true" version="1" lat="25.01368684805901" lon="121.4622306250884"/>
  <node id="1541" action="modify" visible="true" version="1" lat="25.014088282898623" lon="121.46159923610612"/>
  <node id="1542" action="modify" visible="true" version="1" lat="25.014091167915755" lon="121.46159458373127"/>
  <node id="1543" action="modify" visible="true" version="1" lat="25.014099747259483" lon="121.46158249240754"/>
  <node id="1544" action="modify" visible="true" version="1" lat="25.01411364890474" lon="121.46156574960729"/>
  <node id="1545" action="modify" visible="true" version="1" lat="25.014132515478927" lon="121.46154712393816"/>
  <node id="1546" action="modify" visible="true" version="1" lat="25.014156167073324" lon="121.46152939029616"/>
  <node id="1547" action="modify" visible="true" version="1" lat="25.014184151069948" lon="121.46151532178047"/>
  <node id="1548" action="modify" visible="true" version="1" lat="25.014216284303266" lon="121.46150769238878"/>
  <node id="1549" action="modify" visible="true" version="1" lat="25.014260122020485" lon="121.46151125061562"/>
  <node id="1550" action="modify" visible="true" version="1" lat="25.0142916658578" lon="121.4615229457823"/>
  <node id="1551" action="modify" visible="true" version="1" lat="25.01433111986119" lon="121.46154884331364"/>
  <node id="1552" action="modify" visible="true" version="1" lat="25.014334280023245" lon="121.46155137925766"/>
  <node id="1553" action="modify" visible="true" version="1" lat="25.01620146896724" lon="121.4631041594471"/>
  <node id="1554" action="modify" visible="true" version="1" lat="25.01371646190918" lon="121.46225330126113"/>
  <node id="1555" action="modify" visible="true" version="1" lat="25.014117899094142" lon="121.46162190778725"/>
  <node id="1556" action="modify" visible="true" version="1" lat="25.01412003599261" lon="121.46161838998462"/>
  <node id="1557" action="modify" visible="true" version="1" lat="25.014127184222993" lon="121.46160825608989"/>
  <node id="1558" action="modify" visible="true" version="1" lat="25.01413896931845" lon="121.46159400252125"/>
  <node id="1559" action="modify" visible="true" version="1" lat="25.01415471072657" lon="121.46157838261512"/>
  <node id="1560" action="modify" visible="true" version="1" lat="25.014173839420554" lon="121.4615639475868"/>
  <node id="1561" action="modify" visible="true" version="1" lat="25.014195431445184" lon="121.46155296658078"/>
  <node id="1562" action="modify" visible="true" version="1" lat="25.014219200251514" lon="121.46154719131182"/>
  <node id="1563" action="modify" visible="true" version="1" lat="25.01425109088706" lon="121.46154961855972"/>
  <node id="1564" action="modify" visible="true" version="1" lat="25.014276373825886" lon="121.461558845156"/>
  <node id="1565" action="modify" visible="true" version="1" lat="25.014310213294962" lon="121.46158115391778"/>
  <node id="1566" action="modify" visible="true" version="1" lat="25.01431247148432" lon="121.46158296402307"/>
  <node id="1567" action="modify" visible="true" version="1" lat="25.01617965994591" lon="121.46313574331415"/>
  <node id="1571" action="modify" visible="true" version="1" lat="25.013746075752206" lon="121.46227597743383"/>
  <node id="1572" action="modify" visible="true" version="1" lat="25.014147515282527" lon="121.4616445794684"/>
  <node id="1573" action="modify" visible="true" version="1" lat="25.014148904062683" lon="121.46164219623795"/>
  <node id="1574" action="modify" visible="true" version="1" lat="25.014154621994432" lon="121.46163401887392"/>
  <node id="1575" action="modify" visible="true" version="1" lat="25.01416428972694" lon="121.4616222563336"/>
  <node id="1576" action="modify" visible="true" version="1" lat="25.01417690515614" lon="121.46160964129206"/>
  <node id="1577" action="modify" visible="true" version="1" lat="25.01419151176523" lon="121.46159850577578"/>
  <node id="1578" action="modify" visible="true" version="1" lat="25.014206711819394" lon="121.46159061138108"/>
  <node id="1579" action="modify" visible="true" version="1" lat="25.014222116199697" lon="121.46158669023485"/>
  <node id="1580" action="modify" visible="true" version="1" lat="25.01424205893892" lon="121.46158798740215"/>
  <node id="1581" action="modify" visible="true" version="1" lat="25.01426108179206" lon="121.4615947445297"/>
  <node id="1582" action="modify" visible="true" version="1" lat="25.014289305911127" lon="121.46161346362359"/>
  <node id="1583" action="modify" visible="true" version="1" lat="25.014290662941523" lon="121.46161454878845"/>
  <node id="1584" action="modify" visible="true" version="1" lat="25.01615785173475" lon="121.46316732807956"/>
  <node id="1587" action="modify" visible="true" version="1" lat="25.013775689588087" lon="121.46229865270824"/>
  <node id="1588" action="modify" visible="true" version="1" lat="25.014177131463764" lon="121.46166725114955"/>
  <node id="1589" action="modify" visible="true" version="1" lat="25.01417777212597" lon="121.46166600249128"/>
  <node id="1590" action="modify" visible="true" version="1" lat="25.01418205975974" lon="121.46165978165794"/>
  <node id="1591" action="modify" visible="true" version="1" lat="25.01418961013022" lon="121.46165050924758"/>
  <node id="1592" action="modify" visible="true" version="1" lat="25.01419910039576" lon="121.46164089996901"/>
  <node id="1593" action="modify" visible="true" version="1" lat="25.01420918410737" lon="121.46163306396477"/>
  <node id="1594" action="modify" visible="true" version="1" lat="25.014217992192563" lon="121.46162825618137"/>
  <node id="1595" action="modify" visible="true" version="1" lat="25.01422503133375" lon="121.46162618915791"/>
  <node id="1596" action="modify" visible="true" version="1" lat="25.014233027804167" lon="121.46162635624454"/>
  <node id="1597" action="modify" visible="true" version="1" lat="25.014245790570392" lon="121.46163064390338"/>
  <node id="1598" action="modify" visible="true" version="1" lat="25.014268398523726" lon="121.4616457742277"/>
  <node id="1599" action="modify" visible="true" version="1" lat="25.014268853580795" lon="121.46164613265553"/>
  <node id="1600" action="modify" visible="true" version="1" lat="25.016136042705664" lon="121.46319891284494"/>
  <node id="1603" action="modify" visible="true" version="1" lat="25.01053953676848" lon="121.46286762943951"/>
  <node id="1604" action="modify" visible="true" version="1" lat="25.00960058600032" lon="121.4632171657132"/>
  <node id="1605" action="modify" visible="true" version="1" lat="25.009556325736867" lon="121.46323283053512"/>
  <node id="1606" action="modify" visible="true" version="1" lat="25.009539654866142" lon="121.46323925798099"/>
  <node id="1607" action="modify" visible="true" version="1" lat="25.009497212437456" lon="121.46326002703036"/>
  <node id="1608" action="modify" visible="true" version="1" lat="25.00948864986802" lon="121.46326471893109"/>
  <node id="1609" action="modify" visible="true" version="1" lat="25.009449221173725" lon="121.46329034876445"/>
  <node id="1610" action="modify" visible="true" version="1" lat="25.009446852993115" lon="121.46329206275001"/>
  <node id="1611" action="modify" visible="true" version="1" lat="25.00941335979936" lon="121.46332000215199"/>
  <node id="1612" action="modify" visible="true" version="1" lat="25.009387273168635" lon="121.46334724356296"/>
  <node id="1613" action="modify" visible="true" version="1" lat="25.009359038153864" lon="121.4633863005149"/>
  <node id="1614" action="modify" visible="true" version="1" lat="25.009354232591637" lon="121.46339440242046"/>
  <node id="1615" action="modify" visible="true" version="1" lat="25.00934547707332" lon="121.46341173721049"/>
  <node id="1616" action="modify" visible="true" version="1" lat="25.009340862821304" lon="121.46342305688137"/>
  <node id="1617" action="modify" visible="true" version="1" lat="25.009339503293948" lon="121.4634271316395"/>
  <node id="1618" action="modify" visible="true" version="1" lat="25.009320803685593" lon="121.46347221359204"/>
  <node id="1619" action="modify" visible="true" version="1" lat="25.009254663058456" lon="121.46363167084316"/>
  <node id="1620" action="modify" visible="true" version="1" lat="25.010529386815026" lon="121.46283479332095"/>
  <node id="1621" action="modify" visible="true" version="1" lat="25.009590436783363" lon="121.46318433049294"/>
  <node id="1622" action="modify" visible="true" version="1" lat="25.009546386550657" lon="121.46319991805973"/>
  <node id="1623" action="modify" visible="true" version="1" lat="25.009528247879746" lon="121.46320692312231"/>
  <node id="1624" action="modify" visible="true" version="1" lat="25.009483409588253" lon="121.46322883752367"/>
  <node id="1625" action="modify" visible="true" version="1" lat="25.009474105384278" lon="121.46323393815787"/>
  <node id="1626" action="modify" visible="true" version="1" lat="25.009431968215804" lon="121.46326129994313"/>
  <node id="1627" action="modify" visible="true" version="1" lat="25.009429282540687" lon="121.46326324569404"/>
  <node id="1628" action="modify" visible="true" version="1" lat="25.00939297992486" lon="121.46329350544438"/>
  <node id="1629" action="modify" visible="true" version="1" lat="25.009364376943587" lon="121.46332335017306"/>
  <node id="1630" action="modify" visible="true" version="1" lat="25.00933276996991" lon="121.46336703344868"/>
  <node id="1631" action="modify" visible="true" version="1" lat="25.00932745315919" lon="121.46337600043186"/>
  <node id="1632" action="modify" visible="true" version="1" lat="25.00931735276496" lon="121.46339593584464"/>
  <node id="1633" action="modify" visible="true" version="1" lat="25.009311790098867" lon="121.4634094806425"/>
  <node id="1634" action="modify" visible="true" version="1" lat="25.00931074236706" lon="121.46341277566295"/>
  <node id="1635" action="modify" visible="true" version="1" lat="25.009292046824775" lon="121.46345784953064"/>
  <node id="1636" action="modify" visible="true" version="1" lat="25.009225906182152" lon="121.46361730588346"/>
  <node id="1640" action="modify" visible="true" version="1" lat="25.010519236860738" lon="121.46280195720237"/>
  <node id="1641" action="modify" visible="true" version="1" lat="25.00958028675147" lon="121.46315149437434"/>
  <node id="1642" action="modify" visible="true" version="1" lat="25.009536447363647" lon="121.46316700468606"/>
  <node id="1643" action="modify" visible="true" version="1" lat="25.009516841706382" lon="121.4631745882637"/>
  <node id="1644" action="modify" visible="true" version="1" lat="25.00946960755159" lon="121.4631976471187"/>
  <node id="1645" action="modify" visible="true" version="1" lat="25.009459561712905" lon="121.46320315648634"/>
  <node id="1646" action="modify" visible="true" version="1" lat="25.009414716069546" lon="121.46323225202009"/>
  <node id="1647" action="modify" visible="true" version="1" lat="25.009411712085736" lon="121.4632344277397"/>
  <node id="1648" action="modify" visible="true" version="1" lat="25.00937260086107" lon="121.46326700873675"/>
  <node id="1649" action="modify" visible="true" version="1" lat="25.009341479900183" lon="121.46329945678312"/>
  <node id="1650" action="modify" visible="true" version="1" lat="25.009306501780344" lon="121.46334776548414"/>
  <node id="1651" action="modify" visible="true" version="1" lat="25.009300674535" lon="121.46335759844327"/>
  <node id="1652" action="modify" visible="true" version="1" lat="25.009289228450157" lon="121.46338013537711"/>
  <node id="1653" action="modify" visible="true" version="1" lat="25.009282716555468" lon="121.46339590350527"/>
  <node id="1654" action="modify" visible="true" version="1" lat="25.009281981433443" lon="121.46339842058472"/>
  <node id="1655" action="modify" visible="true" version="1" lat="25.00926328914313" lon="121.46344348457094"/>
  <node id="1656" action="modify" visible="true" version="1" lat="25.00919714848503" lon="121.46360294182209"/>
  <node id="1659" action="modify" visible="true" version="1" lat="25.009208732973597" lon="121.46376059795105"/>
  <node id="1660" action="modify" visible="true" version="1" lat="25.00904573105945" lon="121.46430355318351"/>
  <node id="1661" action="modify" visible="true" version="1" lat="25.0088827264867" lon="121.46484650572103"/>
  <node id="1662" action="modify" visible="true" version="1" lat="25.009178724017183" lon="121.46374974899739"/>
  <node id="1663" action="modify" visible="true" version="1" lat="25.009015721249124" lon="121.46429270333152"/>
  <node id="1664" action="modify" visible="true" version="1" lat="25.008852716636547" lon="121.46483565676735"/>
  <node id="1668" action="modify" visible="true" version="1" lat="25.009148714239352" lon="121.46373889914538"/>
  <node id="1669" action="modify" visible="true" version="1" lat="25.008985711431464" lon="121.46428185347952"/>
  <node id="1670" action="modify" visible="true" version="1" lat="25.008822707593154" lon="121.46482480691535"/>
  <node id="1673" action="modify" visible="true" version="1" lat="25.01038112152675" lon="121.46424803819727"/>
  <node id="1674" action="modify" visible="true" version="1" lat="25.01039053719114" lon="121.46428360968589"/>
  <node id="1675" action="modify" visible="true" version="1" lat="25.01040461346967" lon="121.46433067332195"/>
  <node id="1676" action="modify" visible="true" version="1" lat="25.01041515663462" lon="121.46436592321369"/>
  <node id="1677" action="modify" visible="true" version="1" lat="25.01041554820763" lon="121.4643668161391"/>
  <node id="1678" action="modify" visible="true" version="1" lat="25.01034644491318" lon="121.46425909196685"/>
  <node id="1679" action="modify" visible="true" version="1" lat="25.01035586058023" lon="121.46429466255715"/>
  <node id="1680" action="modify" visible="true" version="1" lat="25.010370304013453" lon="121.46434303054698"/>
  <node id="1681" action="modify" visible="true" version="1" lat="25.010382625134973" lon="121.46438312415476"/>
  <node id="1682" action="modify" visible="true" version="1" lat="25.01038301752217" lon="121.46438401618182"/>
  <node id="1686" action="modify" visible="true" version="1" lat="25.010996222749714" lon="121.46388729454212"/>
  <node id="1687" action="modify" visible="true" version="1" lat="25.010802488490395" lon="121.4639880388046"/>
  <node id="1688" action="modify" visible="true" version="1" lat="25.01076135553687" lon="121.46400942679318"/>
  <node id="1689" action="modify" visible="true" version="1" lat="25.01072642178168" lon="121.4640275889316"/>
  <node id="1690" action="modify" visible="true" version="1" lat="25.010725606074462" lon="121.46402801293641"/>
  <node id="1691" action="modify" visible="true" version="1" lat="25.010980760165253" lon="121.46385148410162"/>
  <node id="1692" action="modify" visible="true" version="1" lat="25.010787025881537" lon="121.4639522283641"/>
  <node id="1693" action="modify" visible="true" version="1" lat="25.010745894550986" lon="121.4639736163527"/>
  <node id="1694" action="modify" visible="true" version="1" lat="25.010710964861794" lon="121.46399177579617"/>
  <node id="1695" action="modify" visible="true" version="1" lat="25.010710149968563" lon="121.46399219980098"/>
  <node id="1699" action="modify" visible="true" version="1" lat="25.01033880394334" lon="121.46419384642945"/>
  <node id="1700" action="modify" visible="true" version="1" lat="25.010054906490122" lon="121.46406623625178"/>
  <node id="1701" action="modify" visible="true" version="1" lat="25.009771009194733" lon="121.4639386278707"/>
  <node id="1702" action="modify" visible="true" version="1" lat="25.009728036062146" lon="121.46391931049882"/>
  <node id="1703" action="modify" visible="true" version="1" lat="25.00969091537829" lon="121.46390261890254"/>
  <node id="1704" action="modify" visible="true" version="1" lat="25.009677757306967" lon="121.46389670259808"/>
  <node id="1705" action="modify" visible="true" version="1" lat="25.010352491096832" lon="121.46415717630123"/>
  <node id="1706" action="modify" visible="true" version="1" lat="25.010068593675253" lon="121.46402956702187"/>
  <node id="1707" action="modify" visible="true" version="1" lat="25.00978469559742" lon="121.4639019577425"/>
  <node id="1708" action="modify" visible="true" version="1" lat="25.00974172572596" lon="121.46388264126894"/>
  <node id="1709" action="modify" visible="true" version="1" lat="25.00970460667441" lon="121.46386595146926"/>
  <node id="1710" action="modify" visible="true" version="1" lat="25.00969144779047" lon="121.4638600342665"/>
  <node id="1714" action="modify" visible="true" version="1" lat="25.009351675540742" lon="121.46375007957742"/>
  <node id="1715" action="modify" visible="true" version="1" lat="25.009290453653453" lon="121.46372249770491"/>
  <node id="1716" action="modify" visible="true" version="1" lat="25.00928962246903" lon="121.46372211053102"/>
  <node id="1717" action="modify" visible="true" version="1" lat="25.009365389669153" lon="121.46371342202562"/>
  <node id="1718" action="modify" visible="true" version="1" lat="25.009304167788706" lon="121.46368584015313"/>
  <node id="1719" action="modify" visible="true" version="1" lat="25.009303747719052" lon="121.46368564072714"/>
  <node id="1723" action="modify" visible="true" version="1" lat="25.008930238472214" lon="121.464950693226"/>
  <node id="1724" action="modify" visible="true" version="1" lat="25.00928330351336" lon="121.46509477760767"/>
  <node id="1725" action="modify" visible="true" version="1" lat="25.009324340899497" lon="121.46511086284116"/>
  <node id="1726" action="modify" visible="true" version="1" lat="25.009371115150415" lon="121.46512861355116"/>
  <node id="1727" action="modify" visible="true" version="1" lat="25.009393347892583" lon="121.46513697776477"/>
  <node id="1728" action="modify" visible="true" version="1" lat="25.0094352693411" lon="121.46515252670405"/>
  <node id="1729" action="modify" visible="true" version="1" lat="25.00948106257458" lon="121.46516930903016"/>
  <node id="1730" action="modify" visible="true" version="1" lat="25.009492647036367" lon="121.465173531112"/>
  <node id="1731" action="modify" visible="true" version="1" lat="25.009535980077747" lon="121.4651889066764"/>
  <node id="1732" action="modify" visible="true" version="1" lat="25.009537332276153" lon="121.46518938098687"/>
  <node id="1733" action="modify" visible="true" version="1" lat="25.009579843074246" lon="121.46520411605248"/>
  <node id="1734" action="modify" visible="true" version="1" lat="25.009610907802774" lon="121.4652145445946"/>
  <node id="1735" action="modify" visible="true" version="1" lat="25.009653610699733" lon="121.4652281971903"/>
  <node id="1736" action="modify" visible="true" version="1" lat="25.009678887258335" lon="121.46523623980706"/>
  <node id="1737" action="modify" visible="true" version="1" lat="25.00970614773886" lon="121.46524911715665"/>
  <node id="1738" action="modify" visible="true" version="1" lat="25.00974259354118" lon="121.46527732335825"/>
  <node id="1739" action="modify" visible="true" version="1" lat="25.009758871181088" lon="121.46529260909112"/>
  <node id="1740" action="modify" visible="true" version="1" lat="25.009781707904363" lon="121.46531648181978"/>
  <node id="1741" action="modify" visible="true" version="1" lat="25.009812050488335" lon="121.46535191227292"/>
  <node id="1742" action="modify" visible="true" version="1" lat="25.00983135814338" lon="121.46537621709125"/>
  <node id="1743" action="modify" visible="true" version="1" lat="25.009858949922577" lon="121.46541344417493"/>
  <node id="1744" action="modify" visible="true" version="1" lat="25.00988800379154" lon="121.46545485650952"/>
  <node id="1745" action="modify" visible="true" version="1" lat="25.00989094182285" lon="121.46545913788019"/>
  <node id="1746" action="modify" visible="true" version="1" lat="25.009917649493005" lon="121.46549968064559"/>
  <node id="1747" action="modify" visible="true" version="1" lat="25.00991856533796" lon="121.46550114130622"/>
  <node id="1748" action="modify" visible="true" version="1" lat="25.00994158764275" lon="121.4655380270301"/>
  <node id="1749" action="modify" visible="true" version="1" lat="25.008917652625403" lon="121.46498783407144"/>
  <node id="1750" action="modify" visible="true" version="1" lat="25.00927071770273" lon="121.46513191845308"/>
  <node id="1751" action="modify" visible="true" version="1" lat="25.00931242915829" lon="121.46514827138455"/>
  <node id="1752" action="modify" visible="true" version="1" lat="25.009359390654012" lon="121.46516609306146"/>
  <node id="1753" action="modify" visible="true" version="1" lat="25.009381638051885" lon="121.46517446356327"/>
  <node id="1754" action="modify" visible="true" version="1" lat="25.009423786634855" lon="121.46519009604584"/>
  <node id="1755" action="modify" visible="true" version="1" lat="25.00946966697996" lon="121.46520691071133"/>
  <node id="1756" action="modify" visible="true" version="1" lat="25.009481279935883" lon="121.46521114357296"/>
  <node id="1757" action="modify" visible="true" version="1" lat="25.009524974435916" lon="121.46522664849475"/>
  <node id="1758" action="modify" visible="true" version="1" lat="25.009526330704865" lon="121.46522712460185"/>
  <node id="1759" action="modify" visible="true" version="1" lat="25.009569152487906" lon="121.46524196656696"/>
  <node id="1760" action="modify" visible="true" version="1" lat="25.009600459002826" lon="121.4652524759575"/>
  <node id="1761" action="modify" visible="true" version="1" lat="25.009644140435068" lon="121.46526643757362"/>
  <node id="1762" action="modify" visible="true" version="1" lat="25.009667087895384" lon="121.46527369146955"/>
  <node id="1763" action="modify" visible="true" version="1" lat="25.00968872792942" lon="121.46528382805921"/>
  <node id="1764" action="modify" visible="true" version="1" lat="25.00971956794274" lon="121.46530784811159"/>
  <node id="1765" action="modify" visible="true" version="1" lat="25.009734858913934" lon="121.46532220498648"/>
  <node id="1766" action="modify" visible="true" version="1" lat="25.009756059329867" lon="121.46534437450936"/>
  <node id="1767" action="modify" visible="true" version="1" lat="25.00978510752457" lon="121.46537829579283"/>
  <node id="1768" action="modify" visible="true" version="1" lat="25.00980381764534" lon="121.46540184602628"/>
  <node id="1769" action="modify" visible="true" version="1" lat="25.00983048788653" lon="121.46543783163825"/>
  <node id="1770" action="modify" visible="true" version="1" lat="25.00985920310295" lon="121.46547875888263"/>
  <node id="1771" action="modify" visible="true" version="1" lat="25.009862039374347" lon="121.46548289292956"/>
  <node id="1772" action="modify" visible="true" version="1" lat="25.009887947619706" lon="121.46552221668112"/>
  <node id="1773" action="modify" visible="true" version="1" lat="25.009888773915574" lon="121.46552353450963"/>
  <node id="1774" action="modify" visible="true" version="1" lat="25.009911796225953" lon="121.46556042023352"/>
  <node id="1778" action="modify" visible="true" version="1" lat="25.008905065963212" lon="121.46502497581514"/>
  <node id="1779" action="modify" visible="true" version="1" lat="25.009258131076717" lon="121.46516906019684"/>
  <node id="1780" action="modify" visible="true" version="1" lat="25.00930051741592" lon="121.46518567992791"/>
  <node id="1781" action="modify" visible="true" version="1" lat="25.009347665342393" lon="121.46520357167343"/>
  <node id="1782" action="modify" visible="true" version="1" lat="25.009369928210063" lon="121.46521194846343"/>
  <node id="1783" action="modify" visible="true" version="1" lat="25.00941230392754" lon="121.46522766628595"/>
  <node id="1784" action="modify" visible="true" version="1" lat="25.00945827057021" lon="121.46524451149418"/>
  <node id="1785" action="modify" visible="true" version="1" lat="25.009469912834355" lon="121.46524875513558"/>
  <node id="1786" action="modify" visible="true" version="1" lat="25.009513969607173" lon="121.46526438941477"/>
  <node id="1787" action="modify" visible="true" version="1" lat="25.009515329946687" lon="121.46526486731851"/>
  <node id="1788" action="modify" visible="true" version="1" lat="25.009558461900625" lon="121.46527981618317"/>
  <node id="1789" action="modify" visible="true" version="1" lat="25.009590011016073" lon="121.46529040732035"/>
  <node id="1790" action="modify" visible="true" version="1" lat="25.009634670983754" lon="121.46530467705865"/>
  <node id="1791" action="modify" visible="true" version="1" lat="25.00965528771722" lon="121.46531114313207"/>
  <node id="1792" action="modify" visible="true" version="1" lat="25.00967130893159" lon="121.4653185398601"/>
  <node id="1793" action="modify" visible="true" version="1" lat="25.009696541525898" lon="121.46533837376327"/>
  <node id="1794" action="modify" visible="true" version="1" lat="25.00971084664208" lon="121.46535180088182"/>
  <node id="1795" action="modify" visible="true" version="1" lat="25.009730409935923" lon="121.46537226809727"/>
  <node id="1796" action="modify" visible="true" version="1" lat="25.009758164554903" lon="121.46540467931271"/>
  <node id="1797" action="modify" visible="true" version="1" lat="25.009776276327045" lon="121.46542747496134"/>
  <node id="1798" action="modify" visible="true" version="1" lat="25.00980202584388" lon="121.4654622182033"/>
  <node id="1799" action="modify" visible="true" version="1" lat="25.0098304024076" lon="121.46550266215401"/>
  <node id="1800" action="modify" visible="true" version="1" lat="25.009833137733132" lon="121.46550664797893"/>
  <node id="1801" action="modify" visible="true" version="1" lat="25.00985824655331" lon="121.46554475361496"/>
  <node id="1802" action="modify" visible="true" version="1" lat="25.009858982485973" lon="121.46554592681473"/>
  <node id="1803" action="modify" visible="true" version="1" lat="25.00988200480193" lon="121.46558281253861"/>
  <node id="1806" action="modify" visible="true" version="1" lat="25.01092935442532" lon="121.46772874402191"/>
  <node id="1807" action="modify" visible="true" version="1" lat="25.011338130652895" lon="121.46858692886737"/>
  <node id="1808" action="modify" visible="true" version="1" lat="25.011746901449477" lon="121.46944512000097"/>
  <node id="1809" action="modify" visible="true" version="1" lat="25.0108973530266" lon="121.46774710109474"/>
  <node id="1810" action="modify" visible="true" version="1" lat="25.011306128546625" lon="121.46860528594017"/>
  <node id="1811" action="modify" visible="true" version="1" lat="25.011714900263797" lon="121.46946347707383"/>
  <node id="1815" action="modify" visible="true" version="1" lat="25.01086535080547" lon="121.46776545906589"/>
  <node id="1816" action="modify" visible="true" version="1" lat="25.011274127246093" lon="121.46862364391131"/>
  <node id="1817" action="modify" visible="true" version="1" lat="25.01168289825571" lon="121.46948183414666"/>
  <node id="1820" action="modify" visible="true" version="1" lat="25.009999108380242" lon="121.46568486115488"/>
  <node id="1821" action="modify" visible="true" version="1" lat="25.01021874719796" lon="121.46619308392518"/>
  <node id="1822" action="modify" visible="true" version="1" lat="25.010438384808793" lon="121.4667013084921"/>
  <node id="1823" action="modify" visible="true" version="1" lat="25.00996648152256" lon="121.46570184111039"/>
  <node id="1824" action="modify" visible="true" version="1" lat="25.010186120398625" lon="121.46621006388068"/>
  <node id="1825" action="modify" visible="true" version="1" lat="25.010405758067808" lon="121.46671828844761"/>
  <node id="1829" action="modify" visible="true" version="1" lat="25.009933854656204" lon="121.4657188219642"/>
  <node id="1830" action="modify" visible="true" version="1" lat="25.010153494404705" lon="121.4662270447345"/>
  <node id="1831" action="modify" visible="true" version="1" lat="25.010373132132237" lon="121.46673526930142"/>
  <node id="1834" action="modify" visible="true" version="1" lat="25.010505766271248" lon="121.4668347020236"/>
  <node id="1835" action="modify" visible="true" version="1" lat="25.010675293536348" lon="121.46719439644653"/>
  <node id="1836" action="modify" visible="true" version="1" lat="25.01084482463783" lon="121.46755409985259"/>
  <node id="1837" action="modify" visible="true" version="1" lat="25.01047369230897" lon="121.46685290638284"/>
  <node id="1838" action="modify" visible="true" version="1" lat="25.01064321961835" lon="121.46721260080575"/>
  <node id="1839" action="modify" visible="true" version="1" lat="25.010812750764106" lon="121.46757230511015"/>
  <node id="1843" action="modify" visible="true" version="1" lat="25.010441618338323" lon="121.46687111164039"/>
  <node id="1844" action="modify" visible="true" version="1" lat="25.01061114569197" lon="121.46723080516499"/>
  <node id="1845" action="modify" visible="true" version="1" lat="25.010780676882" lon="121.46759050946937"/>
  <node id="1848" action="modify" visible="true" version="1" lat="25.00883896744496" lon="121.46499739843426"/>
  <node id="1849" action="modify" visible="true" version="1" lat="25.00880879557985" lon="121.46509048366062"/>
  <node id="1850" action="modify" visible="true" version="1" lat="25.008795297937723" lon="121.46513541379785"/>
  <node id="1851" action="modify" visible="true" version="1" lat="25.008780575899834" lon="121.465187782884"/>
  <node id="1852" action="modify" visible="true" version="1" lat="25.008771249662132" lon="121.46522167811628"/>
  <node id="1853" action="modify" visible="true" version="1" lat="25.00875885022612" lon="121.46527085908146"/>
  <node id="1854" action="modify" visible="true" version="1" lat="25.008756291534645" lon="121.46528172600145"/>
  <node id="1855" action="modify" visible="true" version="1" lat="25.00874592162894" lon="121.46532765237036"/>
  <node id="1856" action="modify" visible="true" version="1" lat="25.008734143342764" lon="121.46538090809365"/>
  <node id="1857" action="modify" visible="true" version="1" lat="25.00872665125151" lon="121.46541537555278"/>
  <node id="1858" action="modify" visible="true" version="1" lat="25.008717298144667" lon="121.46546338780979"/>
  <node id="1859" action="modify" visible="true" version="1" lat="25.00870911163156" lon="121.46550984059145"/>
  <node id="1860" action="modify" visible="true" version="1" lat="25.008699781317965" lon="121.46556367842304"/>
  <node id="1861" action="modify" visible="true" version="1" lat="25.008693805064905" lon="121.4655985222763"/>
  <node id="1862" action="modify" visible="true" version="1" lat="25.008689753326355" lon="121.4656249884412"/>
  <node id="1863" action="modify" visible="true" version="1" lat="25.00868344166666" lon="121.46567179246411"/>
  <node id="1864" action="modify" visible="true" version="1" lat="25.008676241017483" lon="121.46572602196119"/>
  <node id="1865" action="modify" visible="true" version="1" lat="25.008671708963675" lon="121.46576112722418"/>
  <node id="1866" action="modify" visible="true" version="1" lat="25.00866590692509" lon="121.46581177962977"/>
  <node id="1867" action="modify" visible="true" version="1" lat="25.00866400439042" lon="121.4658298231906"/>
  <node id="1868" action="modify" visible="true" version="1" lat="25.008659272883442" lon="121.46587685448729"/>
  <node id="1869" action="modify" visible="true" version="1" lat="25.008653991863646" lon="121.4659313498857"/>
  <node id="1870" action="modify" visible="true" version="1" lat="25.008650877958704" lon="121.46596664828645"/>
  <node id="1871" action="modify" visible="true" version="1" lat="25.008637714077313" lon="121.46613161580355"/>
  <node id="1872" action="modify" visible="true" version="1" lat="25.008634605870604" lon="121.46617880430544"/>
  <node id="1873" action="modify" visible="true" version="1" lat="25.008631662110588" lon="121.46623351260455"/>
  <node id="1874" action="modify" visible="true" version="1" lat="25.008629939489925" lon="121.46626890982002"/>
  <node id="1875" action="modify" visible="true" version="1" lat="25.00862802718558" lon="121.46631820037965"/>
  <node id="1876" action="modify" visible="true" version="1" lat="25.008626564260528" lon="121.46636861742664"/>
  <node id="1877" action="modify" visible="true" version="1" lat="25.008626514600856" lon="121.46637104377623"/>
  <node id="1878" action="modify" visible="true" version="1" lat="25.00862582262183" lon="121.46641835265235"/>
  <node id="1879" action="modify" visible="true" version="1" lat="25.008625338236516" lon="121.46647315257962"/>
  <node id="1880" action="modify" visible="true" version="1" lat="25.008625234846704" lon="121.46650858752433"/>
  <node id="1881" action="modify" visible="true" version="1" lat="25.008625682597838" lon="121.46655703187096"/>
  <node id="1882" action="modify" visible="true" version="1" lat="25.008626608221547" lon="121.46661026154312"/>
  <node id="1883" action="modify" visible="true" version="1" lat="25.008626975377474" lon="121.46662540713879"/>
  <node id="1884" action="modify" visible="true" version="1" lat="25.00862854169233" lon="121.46667269086213"/>
  <node id="1885" action="modify" visible="true" version="1" lat="25.00863066647493" lon="121.46672744317868"/>
  <node id="1886" action="modify" visible="true" version="1" lat="25.008632184758252" lon="121.46676284847896"/>
  <node id="1887" action="modify" visible="true" version="1" lat="25.00863516759471" lon="121.46681380361683"/>
  <node id="1888" action="modify" visible="true" version="1" lat="25.008636363497192" lon="121.46683140790145"/>
  <node id="1889" action="modify" visible="true" version="1" lat="25.00863989991671" lon="121.46687856136904"/>
  <node id="1890" action="modify" visible="true" version="1" lat="25.008644139712352" lon="121.4669331663619"/>
  <node id="1891" action="modify" visible="true" version="1" lat="25.008646893788438" lon="121.46696850339023"/>
  <node id="1892" action="modify" visible="true" version="1" lat="25.008651868709645" lon="121.4670150397152"/>
  <node id="1893" action="modify" visible="true" version="1" lat="25.008657847407026" lon="121.46706956924959"/>
  <node id="1894" action="modify" visible="true" version="1" lat="25.00866273196349" lon="121.4671103015595"/>
  <node id="1895" action="modify" visible="true" version="1" lat="25.00866921458372" lon="121.46715931992962"/>
  <node id="1896" action="modify" visible="true" version="1" lat="25.00869076117293" lon="121.46732225006765"/>
  <node id="1897" action="modify" visible="true" version="1" lat="25.008697387886045" lon="121.4673690028866"/>
  <node id="1898" action="modify" visible="true" version="1" lat="25.008705625687764" lon="121.46742305541555"/>
  <node id="1899" action="modify" visible="true" version="1" lat="25.008711301540153" lon="121.46745795945594"/>
  <node id="1900" action="modify" visible="true" version="1" lat="25.008719606096506" lon="121.46750664544939"/>
  <node id="1901" action="modify" visible="true" version="1" lat="25.00872156643087" lon="121.46751813580018"/>
  <node id="1902" action="modify" visible="true" version="1" lat="25.008804945739854" lon="121.46498411863939"/>
  <node id="1903" action="modify" visible="true" version="1" lat="25.008774773866385" lon="121.46507720386577"/>
  <node id="1904" action="modify" visible="true" version="1" lat="25.00876086184766" lon="121.46512349045909"/>
  <node id="1905" action="modify" visible="true" version="1" lat="25.00874602257637" lon="121.46517627456689"/>
  <node id="1906" action="modify" visible="true" version="1" lat="25.008736675169647" lon="121.46521024795263"/>
  <node id="1907" action="modify" visible="true" version="1" lat="25.008723924856355" lon="121.46526079256037"/>
  <node id="1908" action="modify" visible="true" version="1" lat="25.008721281498552" lon="121.4652720188065"/>
  <node id="1909" action="modify" visible="true" version="1" lat="25.008710847276586" lon="121.46531822904302"/>
  <node id="1910" action="modify" visible="true" version="1" lat="25.00869903560925" lon="121.46537163927655"/>
  <node id="1911" action="modify" visible="true" version="1" lat="25.00869150362532" lon="121.46540629089033"/>
  <node id="1912" action="modify" visible="true" version="1" lat="25.008681868025672" lon="121.46545573596019"/>
  <node id="1913" action="modify" visible="true" version="1" lat="25.008673645690124" lon="121.4655023908628"/>
  <node id="1914" action="modify" visible="true" version="1" lat="25.008664299906076" lon="121.46555631583098"/>
  <node id="1915" action="modify" visible="true" version="1" lat="25.0086583106258" lon="121.46559123604102"/>
  <node id="1916" action="modify" visible="true" version="1" lat="25.008654038266936" lon="121.46561914310365"/>
  <node id="1917" action="modify" visible="true" version="1" lat="25.00864771520811" lon="121.46566602797495"/>
  <node id="1918" action="modify" visible="true" version="1" lat="25.008640499903162" lon="121.46572037425302"/>
  <node id="1919" action="modify" visible="true" version="1" lat="25.008635937726602" lon="121.46575571217964"/>
  <node id="1920" action="modify" visible="true" version="1" lat="25.008630048578382" lon="121.46580710659369"/>
  <node id="1921" action="modify" visible="true" version="1" lat="25.008628115921713" lon="121.46582544300527"/>
  <node id="1922" action="modify" visible="true" version="1" lat="25.008623376272425" lon="121.46587255694698"/>
  <node id="1923" action="modify" visible="true" version="1" lat="25.008618070014204" lon="121.46592731106016"/>
  <node id="1924" action="modify" visible="true" version="1" lat="25.008614905634577" lon="121.46596319156926"/>
  <node id="1925" action="modify" visible="true" version="1" lat="25.00860174174933" lon="121.46612815908634"/>
  <node id="1926" action="modify" visible="true" version="1" lat="25.008598569228354" lon="121.46617628453104"/>
  <node id="1927" action="modify" visible="true" version="1" lat="25.00859560755743" lon="121.46623132161358"/>
  <node id="1928" action="modify" visible="true" version="1" lat="25.008593876795327" lon="121.46626687872914"/>
  <node id="1929" action="modify" visible="true" version="1" lat="25.008591942509906" lon="121.46631672624426"/>
  <node id="1930" action="modify" visible="true" version="1" lat="25.00859046411665" lon="121.46636769395855"/>
  <node id="1931" action="modify" visible="true" version="1" lat="25.008590413642867" lon="121.46637019037671"/>
  <node id="1932" action="modify" visible="true" version="1" lat="25.008589715150897" lon="121.46641785408735"/>
  <node id="1933" action="modify" visible="true" version="1" lat="25.00858922913725" lon="121.46647289116989"/>
  <node id="1934" action="modify" visible="true" version="1" lat="25.00858912493332" lon="121.46650866657608"/>
  <node id="1935" action="modify" visible="true" version="1" lat="25.008589576755046" lon="121.466557627454"/>
  <node id="1936" action="modify" visible="true" version="1" lat="25.008590508891775" lon="121.46661121375733"/>
  <node id="1937" action="modify" visible="true" version="1" lat="25.008590881746464" lon="121.46662659560992"/>
  <node id="1938" action="modify" visible="true" version="1" lat="25.00859246027318" lon="121.46667427818521"/>
  <node id="1939" action="modify" visible="true" version="1" lat="25.008594593197326" lon="121.46672922363958"/>
  <node id="1940" action="modify" visible="true" version="1" lat="25.008596120436124" lon="121.46676482836585"/>
  <node id="1941" action="modify" visible="true" version="1" lat="25.008599150490866" lon="121.46681664049649"/>
  <node id="1942" action="modify" visible="true" version="1" lat="25.008600364303742" lon="121.46683450798751"/>
  <node id="1943" action="modify" visible="true" version="1" lat="25.00860391782026" lon="121.4668818914238"/>
  <node id="1944" action="modify" visible="true" version="1" lat="25.00860816168761" lon="121.46693654941726"/>
  <node id="1945" action="modify" visible="true" version="1" lat="25.00861091332222" lon="121.4669718576995"/>
  <node id="1946" action="modify" visible="true" version="1" lat="25.00861600873065" lon="121.46701969658164"/>
  <node id="1947" action="modify" visible="true" version="1" lat="25.008622012666656" lon="121.46707444620326"/>
  <node id="1948" action="modify" visible="true" version="1" lat="25.0086269957298" lon="121.46711599328513"/>
  <node id="1949" action="modify" visible="true" version="1" lat="25.00863347835191" lon="121.46716501165527"/>
  <node id="1950" action="modify" visible="true" version="1" lat="25.00865502576148" lon="121.46732794089496"/>
  <node id="1951" action="modify" visible="true" version="1" lat="25.00866174284082" lon="121.46737534139925"/>
  <node id="1952" action="modify" visible="true" version="1" lat="25.008670042515973" lon="121.4674297990684"/>
  <node id="1953" action="modify" visible="true" version="1" lat="25.008675807920195" lon="121.46746525018277"/>
  <node id="1954" action="modify" visible="true" version="1" lat="25.008684113293043" lon="121.46751393707456"/>
  <node id="1955" action="modify" visible="true" version="1" lat="25.008686072813884" lon="121.46752542742537"/>
  <node id="1959" action="modify" visible="true" version="1" lat="25.008770924025328" lon="121.46497083884456"/>
  <node id="1960" action="modify" visible="true" version="1" lat="25.008740752143506" lon="121.46506392407092"/>
  <node id="1961" action="modify" visible="true" version="1" lat="25.008726424933847" lon="121.46511156712033"/>
  <node id="1962" action="modify" visible="true" version="1" lat="25.00871146924318" lon="121.46516476535146"/>
  <node id="1963" action="modify" visible="true" version="1" lat="25.008702099853338" lon="121.4651988168906"/>
  <node id="1964" action="modify" visible="true" version="1" lat="25.00868899947665" lon="121.46525072693763"/>
  <node id="1965" action="modify" visible="true" version="1" lat="25.008686272266566" lon="121.46526231071321"/>
  <node id="1966" action="modify" visible="true" version="1" lat="25.008675773728303" lon="121.465308806614"/>
  <node id="1967" action="modify" visible="true" version="1" lat="25.008663927051607" lon="121.46536237045946"/>
  <node id="1968" action="modify" visible="true" version="1" lat="25.00865635517499" lon="121.46539720532952"/>
  <node id="1969" action="modify" visible="true" version="1" lat="25.008646437896456" lon="121.46544808321228"/>
  <node id="1970" action="modify" visible="true" version="1" lat="25.008638179738448" lon="121.46549494113414"/>
  <node id="1971" action="modify" visible="true" version="1" lat="25.00862881848394" lon="121.46554895413722"/>
  <node id="1972" action="modify" visible="true" version="1" lat="25.008622816176448" lon="121.46558395070407"/>
  <node id="1973" action="modify" visible="true" version="1" lat="25.008618323197137" lon="121.4656132986644"/>
  <node id="1974" action="modify" visible="true" version="1" lat="25.008611989553252" lon="121.46566026348576"/>
  <node id="1975" action="modify" visible="true" version="1" lat="25.00860475877845" lon="121.46571472744313"/>
  <node id="1976" action="modify" visible="true" version="1" lat="25.008600166479113" lon="121.46575029713512"/>
  <node id="1977" action="modify" visible="true" version="1" lat="25.0085941910353" lon="121.4658024344559"/>
  <node id="1978" action="modify" visible="true" version="1" lat="25.00859222744252" lon="121.46582106281994"/>
  <node id="1979" action="modify" visible="true" version="1" lat="25.00858747883682" lon="121.46586825850834"/>
  <node id="1980" action="modify" visible="true" version="1" lat="25.008582148154257" lon="121.46592327313297"/>
  <node id="1981" action="modify" visible="true" version="1" lat="25.008578933299923" lon="121.46595973485202"/>
  <node id="1982" action="modify" visible="true" version="1" lat="25.00856576941082" lon="121.46612470236911"/>
  <node id="1983" action="modify" visible="true" version="1" lat="25.008562532575535" lon="121.46617376565499"/>
  <node id="1984" action="modify" visible="true" version="1" lat="25.008559552993688" lon="121.46622913062258"/>
  <node id="1985" action="modify" visible="true" version="1" lat="25.008557814090135" lon="121.46626484673997"/>
  <node id="1986" action="modify" visible="true" version="1" lat="25.008555857009533" lon="121.46631525210888"/>
  <node id="1987" action="modify" visible="true" version="1" lat="25.008554363962162" lon="121.46636677049042"/>
  <node id="1988" action="modify" visible="true" version="1" lat="25.008554311860184" lon="121.4663693369772"/>
  <node id="1989" action="modify" visible="true" version="1" lat="25.008553608483442" lon="121.46641735552238"/>
  <node id="1990" action="modify" visible="true" version="1" lat="25.008553120027372" lon="121.46647263065844"/>
  <node id="1991" action="modify" visible="true" version="1" lat="25.008553015009316" lon="121.46650874562782"/>
  <node id="1992" action="modify" visible="true" version="1" lat="25.008553470901653" lon="121.46655822303704"/>
  <node id="1993" action="modify" visible="true" version="1" lat="25.008554409551397" lon="121.46661216597154"/>
  <node id="1994" action="modify" visible="true" version="1" lat="25.008554788104846" lon="121.46662778318276"/>
  <node id="1995" action="modify" visible="true" version="1" lat="25.008556379657524" lon="121.46667586550832"/>
  <node id="1996" action="modify" visible="true" version="1" lat="25.008558519909137" lon="121.46673100410048"/>
  <node id="1997" action="modify" visible="true" version="1" lat="25.00856005528932" lon="121.46676680735443"/>
  <node id="1998" action="modify" visible="true" version="1" lat="25.008563133376455" lon="121.46681947647785"/>
  <node id="1999" action="modify" visible="true" version="1" lat="25.00856436509975" lon="121.46683760897186"/>
  <node id="2000" action="modify" visible="true" version="1" lat="25.008567935713263" lon="121.46688522237687"/>
  <node id="2001" action="modify" visible="true" version="1" lat="25.00857218365232" lon="121.46693993247261"/>
  <node id="2002" action="modify" visible="true" version="1" lat="25.00857493284546" lon="121.46697521111047"/>
  <node id="2003" action="modify" visible="true" version="1" lat="25.008580149555282" lon="121.46702435344808"/>
  <node id="2004" action="modify" visible="true" version="1" lat="25.008586177101748" lon="121.46707932315695"/>
  <node id="2005" action="modify" visible="true" version="1" lat="25.008591260299806" lon="121.46712168411247"/>
  <node id="2006" action="modify" visible="true" version="1" lat="25.0085977429238" lon="121.46717070248258"/>
  <node id="2007" action="modify" visible="true" version="1" lat="25.008619290339645" lon="121.46733363262061"/>
  <node id="2008" action="modify" visible="true" version="1" lat="25.008626098599347" lon="121.46738168081022"/>
  <node id="2009" action="modify" visible="true" version="1" lat="25.008634459333877" lon="121.46743654272125"/>
  <node id="2010" action="modify" visible="true" version="1" lat="25.008640314289988" lon="121.46747254180792"/>
  <node id="2011" action="modify" visible="true" version="1" lat="25.008648619665234" lon="121.4675212278014"/>
  <node id="2012" action="modify" visible="true" version="1" lat="25.008650580000733" lon="121.46753271815219"/>
  <node id="2015" action="modify" visible="true" version="1" lat="25.008764646561673" lon="121.46775421575181"/>
  <node id="2016" action="modify" visible="true" version="1" lat="25.00876483298875" lon="121.467755185034"/>
  <node id="2017" action="modify" visible="true" version="1" lat="25.00877464768213" lon="121.46780232951843"/>
  <node id="2018" action="modify" visible="true" version="1" lat="25.008786020546655" lon="121.4678542737014"/>
  <node id="2019" action="modify" visible="true" version="1" lat="25.00878953986594" lon="121.46787033647702"/>
  <node id="2020" action="modify" visible="true" version="1" lat="25.00879567811862" lon="121.46789693649087"/>
  <node id="2021" action="modify" visible="true" version="1" lat="25.00880751419941" lon="121.46794244334653"/>
  <node id="2022" action="modify" visible="true" version="1" lat="25.008821494596553" lon="121.46799505407947"/>
  <node id="2023" action="modify" visible="true" version="1" lat="25.008831170075748" lon="121.46802879929312"/>
  <node id="2024" action="modify" visible="true" version="1" lat="25.008845642181473" lon="121.4680757174021"/>
  <node id="2025" action="modify" visible="true" version="1" lat="25.008920868284967" lon="121.46831959562869"/>
  <node id="2026" action="modify" visible="true" version="1" lat="25.00893528095149" lon="121.46836418979603"/>
  <node id="2027" action="modify" visible="true" version="1" lat="25.008952735059605" lon="121.46841553749768"/>
  <node id="2028" action="modify" visible="true" version="1" lat="25.00896448645984" lon="121.4684485407029"/>
  <node id="2029" action="modify" visible="true" version="1" lat="25.00902397124084" lon="121.46860986285654"/>
  <node id="2030" action="modify" visible="true" version="1" lat="25.009040493203056" lon="121.4686535649968"/>
  <node id="2031" action="modify" visible="true" version="1" lat="25.009060081026384" lon="121.46870397755225"/>
  <node id="2032" action="modify" visible="true" version="1" lat="25.00907303482728" lon="121.46873646961606"/>
  <node id="2033" action="modify" visible="true" version="1" lat="25.009091427561476" lon="121.46878170338388"/>
  <node id="2034" action="modify" visible="true" version="1" lat="25.00918036603531" lon="121.469000438664"/>
  <node id="2035" action="modify" visible="true" version="1" lat="25.00919820598687" lon="121.46904351108525"/>
  <node id="2036" action="modify" visible="true" version="1" lat="25.00921922169723" lon="121.46909322654801"/>
  <node id="2037" action="modify" visible="true" version="1" lat="25.009233042486088" lon="121.46912529640365"/>
  <node id="2038" action="modify" visible="true" version="1" lat="25.009252573292482" lon="121.46916995255472"/>
  <node id="2039" action="modify" visible="true" version="1" lat="25.009330437606945" lon="121.46934797708448"/>
  <node id="2040" action="modify" visible="true" version="1" lat="25.00934928049335" lon="121.46939053207612"/>
  <node id="2041" action="modify" visible="true" version="1" lat="25.00937134716551" lon="121.46943969597329"/>
  <node id="2042" action="modify" visible="true" version="1" lat="25.009385785015898" lon="121.46947144872364"/>
  <node id="2043" action="modify" visible="true" version="1" lat="25.00946601986845" lon="121.46964616206326"/>
  <node id="2044" action="modify" visible="true" version="1" lat="25.00948555877868" lon="121.46968833796586"/>
  <node id="2045" action="modify" visible="true" version="1" lat="25.009508367059723" lon="121.46973709223126"/>
  <node id="2046" action="modify" visible="true" version="1" lat="25.00952324368691" lon="121.46976859974154"/>
  <node id="2047" action="modify" visible="true" version="1" lat="25.00954412745957" lon="121.46981251298588"/>
  <node id="2048" action="modify" visible="true" version="1" lat="25.009596393454714" lon="121.46992241736933"/>
  <node id="2049" action="modify" visible="true" version="1" lat="25.009616468827147" lon="121.46996428964134"/>
  <node id="2050" action="modify" visible="true" version="1" lat="25.009639846130167" lon="121.47001271871663"/>
  <node id="2051" action="modify" visible="true" version="1" lat="25.00965501092793" lon="121.47004405914028"/>
  <node id="2052" action="modify" visible="true" version="1" lat="25.009676862626446" lon="121.47008890573422"/>
  <node id="2053" action="modify" visible="true" version="1" lat="25.009687596349977" lon="121.47011079947428"/>
  <node id="2054" action="modify" visible="true" version="1" lat="25.009708095032103" lon="121.47015242560792"/>
  <node id="2055" action="modify" visible="true" version="1" lat="25.009731892385894" lon="121.4702006076465"/>
  <node id="2056" action="modify" visible="true" version="1" lat="25.009747373851557" lon="121.4702317513391"/>
  <node id="2057" action="modify" visible="true" version="1" lat="25.00976909527999" lon="121.47027517051004"/>
  <node id="2058" action="modify" visible="true" version="1" lat="25.00982252939143" lon="121.47038198558721"/>
  <node id="2059" action="modify" visible="true" version="1" lat="25.00984339927376" lon="121.47042338714202"/>
  <node id="2060" action="modify" visible="true" version="1" lat="25.009867694007095" lon="121.4704712691433"/>
  <node id="2061" action="modify" visible="true" version="1" lat="25.009883458757102" lon="121.47050225113914"/>
  <node id="2062" action="modify" visible="true" version="1" lat="25.009905363330468" lon="121.47054525079683"/>
  <node id="2063" action="modify" visible="true" version="1" lat="25.00992814385469" lon="121.47058943084083"/>
  <node id="2064" action="modify" visible="true" version="1" lat="25.009929699569856" lon="121.47059238360316"/>
  <node id="2065" action="modify" visible="true" version="1" lat="25.009940712502182" lon="121.47061061311521"/>
  <node id="2066" action="modify" visible="true" version="1" lat="25.009966799015352" lon="121.47065102562492"/>
  <node id="2067" action="modify" visible="true" version="1" lat="25.009978806755008" lon="121.47066767679702"/>
  <node id="2068" action="modify" visible="true" version="1" lat="25.009999571593962" lon="121.470685213708"/>
  <node id="2069" action="modify" visible="true" version="1" lat="25.01001852346493" lon="121.47069620818876"/>
  <node id="2070" action="modify" visible="true" version="1" lat="25.01006280717024" lon="121.47070120731331"/>
  <node id="2071" action="modify" visible="true" version="1" lat="25.01007142912773" lon="121.47069839019657"/>
  <node id="2072" action="modify" visible="true" version="1" lat="25.010090477863514" lon="121.47069096023087"/>
  <node id="2073" action="modify" visible="true" version="1" lat="25.010108893239664" lon="121.47068204534997"/>
  <node id="2074" action="modify" visible="true" version="1" lat="25.010149765905208" lon="121.47065849242155"/>
  <node id="2075" action="modify" visible="true" version="1" lat="25.01015421323985" lon="121.47065569416944"/>
  <node id="2076" action="modify" visible="true" version="1" lat="25.011727238345937" lon="121.46963869975818"/>
  <node id="2077" action="modify" visible="true" version="1" lat="25.008729314147416" lon="121.46776239491246"/>
  <node id="2078" action="modify" visible="true" version="1" lat="25.00872950057454" lon="121.46776336419467"/>
  <node id="2079" action="modify" visible="true" version="1" lat="25.008739512281064" lon="121.46781147526632"/>
  <node id="2080" action="modify" visible="true" version="1" lat="25.00875091852662" lon="121.46786357036628"/>
  <node id="2081" action="modify" visible="true" version="1" lat="25.008754417494607" lon="121.4678795406154"/>
  <node id="2082" action="modify" visible="true" version="1" lat="25.0087609815192" lon="121.46790791390366"/>
  <node id="2083" action="modify" visible="true" version="1" lat="25.008772796436944" lon="121.46795333991093"/>
  <node id="2084" action="modify" visible="true" version="1" lat="25.00878691279139" lon="121.46800645998864"/>
  <node id="2085" action="modify" visible="true" version="1" lat="25.008796966826004" lon="121.46804150416618"/>
  <node id="2086" action="modify" visible="true" version="1" lat="25.008811438935766" lon="121.46808842227517"/>
  <node id="2087" action="modify" visible="true" version="1" lat="25.008886664246113" lon="121.46833230140007"/>
  <node id="2088" action="modify" visible="true" version="1" lat="25.008901359406277" lon="121.46837777322143"/>
  <node id="2089" action="modify" visible="true" version="1" lat="25.008918998317885" lon="121.46842966620046"/>
  <node id="2090" action="modify" visible="true" version="1" lat="25.008931012672715" lon="121.46846340422756"/>
  <node id="2091" action="modify" visible="true" version="1" lat="25.008990498284028" lon="121.46862472727956"/>
  <node id="2092" action="modify" visible="true" version="1" lat="25.009007215632444" lon="121.46866894954438"/>
  <node id="2093" action="modify" visible="true" version="1" lat="25.009026929645078" lon="121.46871968639161"/>
  <node id="2094" action="modify" visible="true" version="1" lat="25.009040058478877" lon="121.46875261593497"/>
  <node id="2095" action="modify" visible="true" version="1" lat="25.009058451218007" lon="121.4687978497028"/>
  <node id="2096" action="modify" visible="true" version="1" lat="25.009147389715718" lon="121.46901658498291"/>
  <node id="2097" action="modify" visible="true" version="1" lat="25.009165397374492" lon="121.46906006434097"/>
  <node id="2098" action="modify" visible="true" version="1" lat="25.00918651973615" lon="121.46911003133202"/>
  <node id="2099" action="modify" visible="true" version="1" lat="25.00920048787882" lon="121.4691424434458"/>
  <node id="2100" action="modify" visible="true" version="1" lat="25.009220019504486" lon="121.46918709869855"/>
  <node id="2101" action="modify" visible="true" version="1" lat="25.00929788383959" lon="121.46936512322831"/>
  <node id="2102" action="modify" visible="true" version="1" lat="25.009316848844247" lon="121.46940795759598"/>
  <node id="2103" action="modify" visible="true" version="1" lat="25.00933899367471" lon="121.46945729486802"/>
  <node id="2104" action="modify" visible="true" version="1" lat="25.00935353817444" lon="121.46948928207868"/>
  <node id="2105" action="modify" visible="true" version="1" lat="25.009433773862153" lon="121.46966399541827"/>
  <node id="2106" action="modify" visible="true" version="1" lat="25.00945340639757" lon="121.46970637344181"/>
  <node id="2107" action="modify" visible="true" version="1" lat="25.009476273298876" lon="121.46975525436967"/>
  <node id="2108" action="modify" visible="true" version="1" lat="25.00949123133867" lon="121.46978693345817"/>
  <node id="2109" action="modify" visible="true" version="1" lat="25.00951211430269" lon="121.46983084670252"/>
  <node id="2110" action="modify" visible="true" version="1" lat="25.009564381125546" lon="121.46994075108594"/>
  <node id="2111" action="modify" visible="true" version="1" lat="25.009584543610472" lon="121.46998280571599"/>
  <node id="2112" action="modify" visible="true" version="1" lat="25.009607948598518" lon="121.47003129318178"/>
  <node id="2113" action="modify" visible="true" version="1" lat="25.00962312235516" lon="121.47006265157171"/>
  <node id="2114" action="modify" visible="true" version="1" lat="25.009645045698942" lon="121.47010764728594"/>
  <node id="2115" action="modify" visible="true" version="1" lat="25.009655823385906" lon="121.47012962906098"/>
  <node id="2116" action="modify" visible="true" version="1" lat="25.009676335098717" lon="121.47017127944909"/>
  <node id="2117" action="modify" visible="true" version="1" lat="25.009700165022085" lon="121.47021952886134"/>
  <node id="2118" action="modify" visible="true" version="1" lat="25.009715720573553" lon="121.47025082077595"/>
  <node id="2119" action="modify" visible="true" version="1" lat="25.009737441193494" lon="121.4702942399469"/>
  <node id="2120" action="modify" visible="true" version="1" lat="25.009790875318707" lon="121.47040105502407"/>
  <node id="2121" action="modify" visible="true" version="1" lat="25.009811833127607" lon="121.47044263085205"/>
  <node id="2122" action="modify" visible="true" version="1" lat="25.009836158802422" lon="121.47049057393876"/>
  <node id="2123" action="modify" visible="true" version="1" lat="25.00985193902408" lon="121.470521585579"/>
  <node id="2124" action="modify" visible="true" version="1" lat="25.009873865583362" lon="121.47056462835585"/>
  <node id="2125" action="modify" visible="true" version="1" lat="25.009896857775406" lon="121.47060921713327"/>
  <node id="2126" action="modify" visible="true" version="1" lat="25.009898461521953" lon="121.47061226152375"/>
  <node id="2127" action="modify" visible="true" version="1" lat="25.0099109088739" lon="121.47063298565736"/>
  <node id="2128" action="modify" visible="true" version="1" lat="25.0099376377059" lon="121.47067439619535"/>
  <node id="2129" action="modify" visible="true" version="1" lat="25.009952520793767" lon="121.4706948463428"/>
  <node id="2130" action="modify" visible="true" version="1" lat="25.00997979586707" lon="121.47071836962682"/>
  <node id="2131" action="modify" visible="true" version="1" lat="25.010007386798843" lon="121.4707339032947"/>
  <node id="2132" action="modify" visible="true" version="1" lat="25.010072546864222" lon="121.47073936594994"/>
  <node id="2133" action="modify" visible="true" version="1" lat="25.010081527017704" lon="121.47073643564549"/>
  <node id="2134" action="modify" visible="true" version="1" lat="25.010103818245252" lon="121.47072778307269"/>
  <node id="2135" action="modify" visible="true" version="1" lat="25.010125150478952" lon="121.47071742819239"/>
  <node id="2136" action="modify" visible="true" version="1" lat="25.01016744127124" lon="121.47069304701726"/>
  <node id="2137" action="modify" visible="true" version="1" lat="25.010172542313676" lon="121.47068983643845"/>
  <node id="2138" action="modify" visible="true" version="1" lat="25.011745567184995" lon="121.4696728420272"/>
  <node id="2142" action="modify" visible="true" version="1" lat="25.008693982537075" lon="121.46777057497145"/>
  <node id="2143" action="modify" visible="true" version="1" lat="25.00869416896426" lon="121.46777154425364"/>
  <node id="2144" action="modify" visible="true" version="1" lat="25.008704377684037" lon="121.46782062191254"/>
  <node id="2145" action="modify" visible="true" version="1" lat="25.00871581649655" lon="121.46787286703115"/>
  <node id="2146" action="modify" visible="true" version="1" lat="25.008719295113224" lon="121.46788874385551"/>
  <node id="2147" action="modify" visible="true" version="1" lat="25.00872628490997" lon="121.46791889131642"/>
  <node id="2148" action="modify" visible="true" version="1" lat="25.008738077850566" lon="121.46796423557701"/>
  <node id="2149" action="modify" visible="true" version="1" lat="25.00875233097648" lon="121.4680178649995"/>
  <node id="2150" action="modify" visible="true" version="1" lat="25.00876276356674" lon="121.46805420993756"/>
  <node id="2151" action="modify" visible="true" version="1" lat="25.008777235680533" lon="121.46810112804654"/>
  <node id="2152" action="modify" visible="true" version="1" lat="25.008852461011827" lon="121.46834500627313"/>
  <node id="2153" action="modify" visible="true" version="1" lat="25.008867437037605" lon="121.46839135664685"/>
  <node id="2154" action="modify" visible="true" version="1" lat="25.00888526156689" lon="121.46844379400493"/>
  <node id="2155" action="modify" visible="true" version="1" lat="25.00889753969056" lon="121.46847826865057"/>
  <node id="2156" action="modify" visible="true" version="1" lat="25.00895702450399" lon="121.46863959080426"/>
  <node id="2157" action="modify" visible="true" version="1" lat="25.008973938052826" lon="121.46868433499023"/>
  <node id="2158" action="modify" visible="true" version="1" lat="25.008993778254826" lon="121.46873539523101"/>
  <node id="2159" action="modify" visible="true" version="1" lat="25.009007082935707" lon="121.4687687631522"/>
  <node id="2160" action="modify" visible="true" version="1" lat="25.009025474865677" lon="121.46881399692005"/>
  <node id="2161" action="modify" visible="true" version="1" lat="25.009114413387277" lon="121.46903273220013"/>
  <node id="2162" action="modify" visible="true" version="1" lat="25.009132588753335" lon="121.46907661669839"/>
  <node id="2163" action="modify" visible="true" version="1" lat="25.009153817766368" lon="121.46912683701434"/>
  <node id="2164" action="modify" visible="true" version="1" lat="25.00916793407702" lon="121.46915959048792"/>
  <node id="2165" action="modify" visible="true" version="1" lat="25.00918746489378" lon="121.46920424574071"/>
  <node id="2166" action="modify" visible="true" version="1" lat="25.009265329249516" lon="121.46938227027046"/>
  <node id="2167" action="modify" visible="true" version="1" lat="25.00928441800067" lon="121.46942538311589"/>
  <node id="2168" action="modify" visible="true" version="1" lat="25.00930664017538" lon="121.46947489376277"/>
  <node id="2169" action="modify" visible="true" version="1" lat="25.009321292138612" lon="121.46950711543369"/>
  <node id="2170" action="modify" visible="true" version="1" lat="25.009401527033297" lon="121.46968182967161"/>
  <node id="2171" action="modify" visible="true" version="1" lat="25.009421254008043" lon="121.46972440981608"/>
  <node id="2172" action="modify" visible="true" version="1" lat="25.009444179529638" lon="121.4697734174064"/>
  <node id="2173" action="modify" visible="true" version="1" lat="25.00945921898209" lon="121.4698052671748"/>
  <node id="2174" action="modify" visible="true" version="1" lat="25.009480101951553" lon="121.46984918041916"/>
  <node id="2175" action="modify" visible="true" version="1" lat="25.009532368788026" lon="121.46995908480258"/>
  <node id="2176" action="modify" visible="true" version="1" lat="25.009552618385502" lon="121.47000132179062"/>
  <node id="2177" action="modify" visible="true" version="1" lat="25.00957605105858" lon="121.47004986674857"/>
  <node id="2178" action="modify" visible="true" version="1" lat="25.00959123377412" lon="121.47008124310483"/>
  <node id="2179" action="modify" visible="true" version="1" lat="25.009613229577287" lon="121.47012638793942"/>
  <node id="2180" action="modify" visible="true" version="1" lat="25.00962405041361" lon="121.47014845864764"/>
  <node id="2181" action="modify" visible="true" version="1" lat="25.009644574343024" lon="121.47019013418861"/>
  <node id="2182" action="modify" visible="true" version="1" lat="25.009668436835994" lon="121.47023845007617"/>
  <node id="2183" action="modify" visible="true" version="1" lat="25.009684066473305" lon="121.4702698902128"/>
  <node id="2184" action="modify" visible="true" version="1" lat="25.009705787912935" lon="121.47031330938374"/>
  <node id="2185" action="modify" visible="true" version="1" lat="25.009759222051922" lon="121.47042012446092"/>
  <node id="2186" action="modify" visible="true" version="1" lat="25.00978026697335" lon="121.47046187456208"/>
  <node id="2187" action="modify" visible="true" version="1" lat="25.00980462358965" lon="121.4705098787342"/>
  <node id="2188" action="modify" visible="true" version="1" lat="25.009820419282978" lon="121.47054092091716"/>
  <node id="2189" action="modify" visible="true" version="1" lat="25.00984236782818" lon="121.47058400591483"/>
  <node id="2190" action="modify" visible="true" version="1" lat="25.00986557168816" lon="121.47062900252742"/>
  <node id="2191" action="modify" visible="true" version="1" lat="25.009867223466117" lon="121.47063213944438"/>
  <node id="2192" action="modify" visible="true" version="1" lat="25.00988110442431" lon="121.47065535819954"/>
  <node id="2193" action="modify" visible="true" version="1" lat="25.009908476389526" lon="121.47069776586746"/>
  <node id="2194" action="modify" visible="true" version="1" lat="25.009926234826892" lon="121.47072201499024"/>
  <node id="2195" action="modify" visible="true" version="1" lat="25.009960020136994" lon="121.47075152554564"/>
  <node id="2196" action="modify" visible="true" version="1" lat="25.009996250131746" lon="121.47077159840067"/>
  <node id="2197" action="modify" visible="true" version="1" lat="25.010082286557445" lon="121.47077752368827"/>
  <node id="2198" action="modify" visible="true" version="1" lat="25.01009162572092" lon="121.4707744810944"/>
  <node id="2199" action="modify" visible="true" version="1" lat="25.010117159439623" lon="121.4707646068128"/>
  <node id="2200" action="modify" visible="true" version="1" lat="25.010141407716073" lon="121.47075281193314"/>
  <node id="2201" action="modify" visible="true" version="1" lat="25.010185117448817" lon="121.47072760161299"/>
  <node id="2202" action="modify" visible="true" version="1" lat="25.01019087138476" lon="121.47072397870745"/>
  <node id="2203" action="modify" visible="true" version="1" lat="25.011763896835383" lon="121.46970698429621"/>
  <node id="2206" action="modify" visible="true" version="1" lat="25.011936370114974" lon="121.46604706996227"/>
  <node id="2207" action="modify" visible="true" version="1" lat="25.01089967314864" lon="121.46658988865082"/>
  <node id="2208" action="modify" visible="true" version="1" lat="25.010910204873987" lon="121.4666343579523"/>
  <node id="2209" action="modify" visible="true" version="1" lat="25.01105201796434" lon="121.46698472157436"/>
  <node id="2210" action="modify" visible="true" version="1" lat="25.011066686814956" lon="121.46698423378918"/>
  <node id="2211" action="modify" visible="true" version="1" lat="25.011920820543274" lon="121.46601130533587"/>
  <node id="2212" action="modify" visible="true" version="1" lat="25.010884123445674" lon="121.4665541240244"/>
  <node id="2213" action="modify" visible="true" version="1" lat="25.010877203782446" lon="121.4666504440841"/>
  <node id="2214" action="modify" visible="true" version="1" lat="25.011019016910904" lon="121.46700080770616"/>
  <node id="2215" action="modify" visible="true" version="1" lat="25.01108168373674" lon="121.46702028138489"/>
  <node id="2219" action="modify" visible="true" version="1" lat="25.012475101602316" lon="121.46677022185084"/>
  <node id="2220" action="modify" visible="true" version="1" lat="25.012475911599434" lon="121.46676978437127"/>
  <node id="2221" action="modify" visible="true" version="1" lat="25.01251620874576" lon="121.46674718814863"/>
  <node id="2222" action="modify" visible="true" version="1" lat="25.012554429194136" lon="121.46672520278037"/>
  <node id="2223" action="modify" visible="true" version="1" lat="25.014465740088056" lon="121.46561815944838"/>
  <node id="2224" action="modify" visible="true" version="1" lat="25.012491054067166" lon="121.4668057726782"/>
  <node id="2225" action="modify" visible="true" version="1" lat="25.012491864064184" lon="121.46680533519864"/>
  <node id="2226" action="modify" visible="true" version="1" lat="25.012532871071766" lon="121.46678234461557"/>
  <node id="2227" action="modify" visible="true" version="1" lat="25.01257128363473" lon="121.46676024875453"/>
  <node id="2228" action="modify" visible="true" version="1" lat="25.014482595080366" lon="121.46565320542257"/>
  <node id="2232" action="modify" visible="true" version="1" lat="25.01250700571589" lon="121.46684132440389"/>
  <node id="2233" action="modify" visible="true" version="1" lat="25.012507815712798" lon="121.46684088602602"/>
  <node id="2234" action="modify" visible="true" version="1" lat="25.01254953420958" lon="121.46681750108256"/>
  <node id="2235" action="modify" visible="true" version="1" lat="25.01258813807301" lon="121.46679529472873"/>
  <node id="2236" action="modify" visible="true" version="1" lat="25.01449945007036" lon="121.46568825229505"/>
  <node id="2239" action="modify" visible="true" version="1" lat="25.012522958176604" lon="121.46687687523124"/>
  <node id="2240" action="modify" visible="true" version="1" lat="25.012523768173406" lon="121.46687643775171"/>
  <node id="2241" action="modify" visible="true" version="1" lat="25.01256619653107" lon="121.4668526575495"/>
  <node id="2242" action="modify" visible="true" version="1" lat="25.012604993323038" lon="121.46683034070291"/>
  <node id="2243" action="modify" visible="true" version="1" lat="25.01451630505805" lon="121.46572329826925"/>
  <node id="2246" action="modify" visible="true" version="1" lat="25.014968125320763" lon="121.46589837273162"/>
  <node id="2247" action="modify" visible="true" version="1" lat="25.014968682945646" lon="121.46589759299393"/>
  <node id="2248" action="modify" visible="true" version="1" lat="25.0149958356113" lon="121.46585896813167"/>
  <node id="2249" action="modify" visible="true" version="1" lat="25.01502473440938" lon="121.46581725216652"/>
  <node id="2250" action="modify" visible="true" version="1" lat="25.015030248787717" lon="121.46580922841437"/>
  <node id="2251" action="modify" visible="true" version="1" lat="25.015899885293898" lon="121.46454119889867"/>
  <node id="2252" action="modify" visible="true" version="1" lat="25.0159014661688" lon="121.4645390609083"/>
  <node id="2253" action="modify" visible="true" version="1" lat="25.015929888537677" lon="121.46450302409237"/>
  <node id="2254" action="modify" visible="true" version="1" lat="25.015962404729017" lon="121.46446182465847"/>
  <node id="2255" action="modify" visible="true" version="1" lat="25.015979598158275" lon="121.4644400441061"/>
  <node id="2256" action="modify" visible="true" version="1" lat="25.015983928059423" lon="121.4644346012138"/>
  <node id="2257" action="modify" visible="true" version="1" lat="25.01600025371468" lon="121.46438789600556"/>
  <node id="2258" action="modify" visible="true" version="1" lat="25.01600072016194" lon="121.46438614968064"/>
  <node id="2259" action="modify" visible="true" version="1" lat="25.016005504298928" lon="121.46435107765531"/>
  <node id="2260" action="modify" visible="true" version="1" lat="25.01600126068721" lon="121.46432670725997"/>
  <node id="2261" action="modify" visible="true" version="1" lat="25.015985460090594" lon="121.46429837170096"/>
  <node id="2262" action="modify" visible="true" version="1" lat="25.015954762480536" lon="121.46426144375626"/>
  <node id="2263" action="modify" visible="true" version="1" lat="25.01592669341276" lon="121.46423219550894"/>
  <node id="2264" action="modify" visible="true" version="1" lat="25.015891328869202" lon="121.46420141293908"/>
  <node id="2265" action="modify" visible="true" version="1" lat="25.015809072869857" lon="121.46412981361769"/>
  <node id="2266" action="modify" visible="true" version="1" lat="25.015774328595164" lon="121.46409932569524"/>
  <node id="2267" action="modify" visible="true" version="1" lat="25.015737313936842" lon="121.4640663790839"/>
  <node id="2268" action="modify" visible="true" version="1" lat="25.015730610269237" lon="121.46406030467594"/>
  <node id="2269" action="modify" visible="true" version="1" lat="25.015729915888112" lon="121.46405967226198"/>
  <node id="2270" action="modify" visible="true" version="1" lat="25.014996538951138" lon="121.46592282936521"/>
  <node id="2271" action="modify" visible="true" version="1" lat="25.01499709576185" lon="121.46592204962755"/>
  <node id="2272" action="modify" visible="true" version="1" lat="25.015024521128144" lon="121.4658830375914"/>
  <node id="2273" action="modify" visible="true" version="1" lat="25.015053544469186" lon="121.46584114286148"/>
  <node id="2274" action="modify" visible="true" version="1" lat="25.01505910036279" lon="121.46583305892226"/>
  <node id="2275" action="modify" visible="true" version="1" lat="25.015928735036535" lon="121.46456503299979"/>
  <node id="2276" action="modify" visible="true" version="1" lat="25.015928778994947" lon="121.46456498359245"/>
  <node id="2277" action="modify" visible="true" version="1" lat="25.015957185890656" lon="121.46452896653945"/>
  <node id="2278" action="modify" visible="true" version="1" lat="25.015989698004546" lon="121.46448777249547"/>
  <node id="2279" action="modify" visible="true" version="1" lat="25.01600688735977" lon="121.46446599643468"/>
  <node id="2280" action="modify" visible="true" version="1" lat="25.016017082446936" lon="121.46445030196834"/>
  <node id="2281" action="modify" visible="true" version="1" lat="25.016034816393667" lon="121.464399371085"/>
  <node id="2282" action="modify" visible="true" version="1" lat="25.016035461930436" lon="121.46439695641351"/>
  <node id="2283" action="modify" visible="true" version="1" lat="25.0160416120316" lon="121.46435147021909"/>
  <node id="2284" action="modify" visible="true" version="1" lat="25.01603458439116" lon="121.46431144398498"/>
  <node id="2285" action="modify" visible="true" version="1" lat="25.016012759059304" lon="121.4642724310505"/>
  <node id="2286" action="modify" visible="true" version="1" lat="25.015980793989232" lon="121.46423397956308"/>
  <node id="2287" action="modify" visible="true" version="1" lat="25.01594913254942" lon="121.4642011479361"/>
  <node id="2288" action="modify" visible="true" version="1" lat="25.015913768826366" lon="121.46417036536621"/>
  <node id="2289" action="modify" visible="true" version="1" lat="25.015831512028008" lon="121.46409876604484"/>
  <node id="2290" action="modify" visible="true" version="1" lat="25.015796962316518" lon="121.46406844790398"/>
  <node id="2291" action="modify" visible="true" version="1" lat="25.015760235023144" lon="121.46403575731249"/>
  <node id="2292" action="modify" visible="true" version="1" lat="25.01575368521144" lon="121.46402982304173"/>
  <node id="2293" action="modify" visible="true" version="1" lat="25.015752991644483" lon="121.46402919062777"/>
  <node id="2297" action="modify" visible="true" version="1" lat="25.015024951760882" lon="121.4659472851005"/>
  <node id="2298" action="modify" visible="true" version="1" lat="25.01502550857146" lon="121.46594650626116"/>
  <node id="2299" action="modify" visible="true" version="1" lat="25.015053207452336" lon="121.46590710705111"/>
  <node id="2300" action="modify" visible="true" version="1" lat="25.015082353708173" lon="121.46586503445478"/>
  <node id="2301" action="modify" visible="true" version="1" lat="25.015087951117035" lon="121.46585689032842"/>
  <node id="2302" action="modify" visible="true" version="1" lat="25.015957583958354" lon="121.46458886620259"/>
  <node id="2303" action="modify" visible="true" version="1" lat="25.015956091815013" lon="121.46459090537829"/>
  <node id="2304" action="modify" visible="true" version="1" lat="25.01598448323757" lon="121.46455490808823"/>
  <node id="2305" action="modify" visible="true" version="1" lat="25.016016990459967" lon="121.46451371943412"/>
  <node id="2306" action="modify" visible="true" version="1" lat="25.01603417655519" lon="121.46449194966154"/>
  <node id="2307" action="modify" visible="true" version="1" lat="25.016050237639536" lon="121.4644660036212"/>
  <node id="2308" action="modify" visible="true" version="1" lat="25.016069379062916" lon="121.4644108452661"/>
  <node id="2309" action="modify" visible="true" version="1" lat="25.016070202875063" lon="121.46440776314638"/>
  <node id="2310" action="modify" visible="true" version="1" lat="25.01607772056769" lon="121.46435186278286"/>
  <node id="2311" action="modify" visible="true" version="1" lat="25.01606790808607" lon="121.46429618071"/>
  <node id="2312" action="modify" visible="true" version="1" lat="25.016040057207906" lon="121.46424649129837"/>
  <node id="2313" action="modify" visible="true" version="1" lat="25.01600682549241" lon="121.4642065153699"/>
  <node id="2314" action="modify" visible="true" version="1" lat="25.015971572496007" lon="121.46417009946491"/>
  <node id="2315" action="modify" visible="true" version="1" lat="25.01593620796538" lon="121.46413931689506"/>
  <node id="2316" action="modify" visible="true" version="1" lat="25.015853951182056" lon="121.46406771757367"/>
  <node id="2317" action="modify" visible="true" version="1" lat="25.015819596033708" lon="121.46403757011274"/>
  <node id="2318" action="modify" visible="true" version="1" lat="25.01578315610517" lon="121.4640051364394"/>
  <node id="2319" action="modify" visible="true" version="1" lat="25.01577676096335" lon="121.4639993414075"/>
  <node id="2320" action="modify" visible="true" version="1" lat="25.01577606658247" lon="121.46399870899353"/>
  <node id="2323" action="modify" visible="true" version="1" lat="25.01064729897116" lon="121.4639982894803"/>
  <node id="2324" action="modify" visible="true" version="1" lat="25.010429678212642" lon="121.46350156694227"/>
  <node id="2325" action="modify" visible="true" version="1" lat="25.010389769512493" lon="121.46350046291279"/>
  <node id="2326" action="modify" visible="true" version="1" lat="25.009907490533227" lon="121.46368034695516"/>
  <node id="2327" action="modify" visible="true" version="1" lat="25.009870080089453" lon="121.46370406068205"/>
  <node id="2328" action="modify" visible="true" version="1" lat="25.00983299771052" lon="121.46374065445346"/>
  <node id="2329" action="modify" visible="true" version="1" lat="25.009817919227753" lon="121.46376277367068"/>
  <node id="2330" action="modify" visible="true" version="1" lat="25.009770405957465" lon="121.46385758276409"/>
  <node id="2331" action="modify" visible="true" version="1" lat="25.009739171939476" lon="121.46389584470698"/>
  <node id="2332" action="modify" visible="true" version="1" lat="25.009699161254222" lon="121.46390349026838"/>
  <node id="2333" action="modify" visible="true" version="1" lat="25.010679842611886" lon="121.46398111908195"/>
  <node id="2334" action="modify" visible="true" version="1" lat="25.010462221911027" lon="121.4634843956456"/>
  <node id="2335" action="modify" visible="true" version="1" lat="25.010378148501665" lon="121.46346294387662"/>
  <node id="2336" action="modify" visible="true" version="1" lat="25.009895868662678" lon="121.46364282791902"/>
  <node id="2337" action="modify" visible="true" version="1" lat="25.00984850358599" lon="121.46367228637213"/>
  <node id="2338" action="modify" visible="true" version="1" lat="25.009806221638808" lon="121.46371406701597"/>
  <node id="2339" action="modify" visible="true" version="1" lat="25.009786278179213" lon="121.4637436781827"/>
  <node id="2340" action="modify" visible="true" version="1" lat="25.009738765710768" lon="121.4638384872761"/>
  <node id="2341" action="modify" visible="true" version="1" lat="25.00972088757569" lon="121.4638616736919"/>
  <node id="2342" action="modify" visible="true" version="1" lat="25.00970477111975" lon="121.46386434438323"/>
  <node id="2346" action="modify" visible="true" version="1" lat="25.015313012979842" lon="121.4677202028402"/>
  <node id="2347" action="modify" visible="true" version="1" lat="25.015382610048885" lon="121.46783631009066"/>
  <node id="2348" action="modify" visible="true" version="1" lat="25.015404941016584" lon="121.46787993587412"/>
  <node id="2349" action="modify" visible="true" version="1" lat="25.015405904849448" lon="121.46788198942288"/>
  <node id="2350" action="modify" visible="true" version="1" lat="25.015419896706153" lon="121.46791379158057"/>
  <node id="2351" action="modify" visible="true" version="1" lat="25.015429374665892" lon="121.46794162857458"/>
  <node id="2352" action="modify" visible="true" version="1" lat="25.015436054742548" lon="121.46796649573828"/>
  <node id="2353" action="modify" visible="true" version="1" lat="25.015448201963633" lon="121.46801420077146"/>
  <node id="2354" action="modify" visible="true" version="1" lat="25.015535402727334" lon="121.46837101789049"/>
  <node id="2355" action="modify" visible="true" version="1" lat="25.015282845147453" lon="121.46774198159594"/>
  <node id="2356" action="modify" visible="true" version="1" lat="25.015352442233603" lon="121.46785808884643"/>
  <node id="2357" action="modify" visible="true" version="1" lat="25.01537291147846" lon="121.46789823635308"/>
  <node id="2358" action="modify" visible="true" version="1" lat="25.01537371901432" lon="121.46789995572856"/>
  <node id="2359" action="modify" visible="true" version="1" lat="25.01538674622763" lon="121.46792950221656"/>
  <node id="2360" action="modify" visible="true" version="1" lat="25.015395149646437" lon="121.46795426517569"/>
  <node id="2361" action="modify" visible="true" version="1" lat="25.01540139420925" lon="121.4679776114916"/>
  <node id="2362" action="modify" visible="true" version="1" lat="25.015413324082946" lon="121.46802446671852"/>
  <node id="2363" action="modify" visible="true" version="1" lat="25.015500525685475" lon="121.46838128293926"/>
  <node id="2367" action="modify" visible="true" version="1" lat="25.015562613064994" lon="121.4684481822751"/>
  <node id="2368" action="modify" visible="true" version="1" lat="25.015570913901854" lon="121.46871913752098"/>
  <node id="2369" action="modify" visible="true" version="1" lat="25.015572008794976" lon="121.46876870566004"/>
  <node id="2370" action="modify" visible="true" version="1" lat="25.015572357207063" lon="121.46878422854815"/>
  <node id="2371" action="modify" visible="true" version="1" lat="25.015574737480243" lon="121.4688339601806"/>
  <node id="2372" action="modify" visible="true" version="1" lat="25.015576870283123" lon="121.46885140456509"/>
  <node id="2373" action="modify" visible="true" version="1" lat="25.015588135877575" lon="121.46889969529981"/>
  <node id="2374" action="modify" visible="true" version="1" lat="25.01558842405015" lon="121.46890073914219"/>
  <node id="2375" action="modify" visible="true" version="1" lat="25.015603802207615" lon="121.46894626396416"/>
  <node id="2376" action="modify" visible="true" version="1" lat="25.015616364575887" lon="121.46897760348946"/>
  <node id="2377" action="modify" visible="true" version="1" lat="25.01563698600344" lon="121.4690224321171"/>
  <node id="2378" action="modify" visible="true" version="1" lat="25.015638613282373" lon="121.46902576576511"/>
  <node id="2379" action="modify" visible="true" version="1" lat="25.015661260053488" lon="121.469068606421"/>
  <node id="2380" action="modify" visible="true" version="1" lat="25.015665847204502" lon="121.46907696614304"/>
  <node id="2381" action="modify" visible="true" version="1" lat="25.015678096972678" lon="121.46912277662928"/>
  <node id="2382" action="modify" visible="true" version="1" lat="25.015692407090395" lon="121.46914002338441"/>
  <node id="2383" action="modify" visible="true" version="1" lat="25.015526523914545" lon="121.46844951357834"/>
  <node id="2384" action="modify" visible="true" version="1" lat="25.015534824753846" lon="121.46872046882422"/>
  <node id="2385" action="modify" visible="true" version="1" lat="25.01553590987873" lon="121.46876970009504"/>
  <node id="2386" action="modify" visible="true" version="1" lat="25.01553625747686" lon="121.46878516189771"/>
  <node id="2387" action="modify" visible="true" version="1" lat="25.015538826609685" lon="121.46883811488877"/>
  <node id="2388" action="modify" visible="true" version="1" lat="25.015541397370544" lon="121.46885881207292"/>
  <node id="2389" action="modify" visible="true" version="1" lat="25.015553555977867" lon="121.46891110659888"/>
  <node id="2390" action="modify" visible="true" version="1" lat="25.01555388159668" lon="121.46891228878177"/>
  <node id="2391" action="modify" visible="true" version="1" lat="25.015570526415512" lon="121.46896165569824"/>
  <node id="2392" action="modify" visible="true" version="1" lat="25.01558347952968" lon="121.46899397348888"/>
  <node id="2393" action="modify" visible="true" version="1" lat="25.01560510061212" lon="121.46904103173505"/>
  <node id="2394" action="modify" visible="true" version="1" lat="25.015606849998477" lon="121.46904461601302"/>
  <node id="2395" action="modify" visible="true" version="1" lat="25.015630326288882" lon="121.46908905117857"/>
  <node id="2396" action="modify" visible="true" version="1" lat="25.01563491425509" lon="121.46909741090062"/>
  <node id="2397" action="modify" visible="true" version="1" lat="25.01564503692302" lon="121.46913871633568"/>
  <node id="2398" action="modify" visible="true" version="1" lat="25.01567177753169" lon="121.46917254778761"/>
  <node id="2402" action="modify" visible="true" version="1" lat="25.015693150314508" lon="121.46914059111965"/>
  <node id="2403" action="modify" visible="true" version="1" lat="25.015728783550284" lon="121.46916642936219"/>
  <node id="2404" action="modify" visible="true" version="1" lat="25.01572961713327" lon="121.46916681024787"/>
  <node id="2405" action="modify" visible="true" version="1" lat="25.015767265935462" lon="121.46919670618051"/>
  <node id="2406" action="modify" visible="true" version="1" lat="25.015777486277948" lon="121.46923944981836"/>
  <node id="2407" action="modify" visible="true" version="1" lat="25.015771827033053" lon="121.46926716643814"/>
  <node id="2408" action="modify" visible="true" version="1" lat="25.015673243628996" lon="121.4691736536137"/>
  <node id="2409" action="modify" visible="true" version="1" lat="25.01571490325308" lon="121.46920301325213"/>
  <node id="2410" action="modify" visible="true" version="1" lat="25.015715736022113" lon="121.4692033941378"/>
  <node id="2411" action="modify" visible="true" version="1" lat="25.01573800668984" lon="121.46921992942725"/>
  <node id="2412" action="modify" visible="true" version="1" lat="25.015741485921644" lon="121.469236365902"/>
  <node id="2413" action="modify" visible="true" version="1" lat="25.0157377698025" lon="121.46925399533947"/>
  <node id="2417" action="modify" visible="true" version="1" lat="25.015477628972114" lon="121.46692216918619"/>
  <node id="2418" action="modify" visible="true" version="1" lat="25.015496084242777" lon="121.46693169042987"/>
  <node id="2419" action="modify" visible="true" version="1" lat="25.015533546699775" lon="121.466957781099"/>
  <node id="2420" action="modify" visible="true" version="1" lat="25.01555838083463" lon="121.46697914932467"/>
  <node id="2421" action="modify" visible="true" version="1" lat="25.015591714427337" lon="121.46701365990293"/>
  <node id="2422" action="modify" visible="true" version="1" lat="25.015597466481868" lon="121.46701996248296"/>
  <node id="2423" action="modify" visible="true" version="1" lat="25.015598747791454" lon="121.46702146805939"/>
  <node id="2424" action="modify" visible="true" version="1" lat="25.015614806490625" lon="121.46704087436446"/>
  <node id="2425" action="modify" visible="true" version="1" lat="25.01561571089644" lon="121.46704196581754"/>
  <node id="2426" action="modify" visible="true" version="1" lat="25.015631967406694" lon="121.46706319749926"/>
  <node id="2427" action="modify" visible="true" version="1" lat="25.015659953509118" lon="121.46710321385191"/>
  <node id="2428" action="modify" visible="true" version="1" lat="25.01566302327784" lon="121.46710782939586"/>
  <node id="2429" action="modify" visible="true" version="1" lat="25.01568817730664" lon="121.46714808829361"/>
  <node id="2430" action="modify" visible="true" version="1" lat="25.015699753856477" lon="121.4671681818099"/>
  <node id="2431" action="modify" visible="true" version="1" lat="25.01572249097541" lon="121.4672125972125"/>
  <node id="2432" action="modify" visible="true" version="1" lat="25.015731075903478" lon="121.46722940289482"/>
  <node id="2433" action="modify" visible="true" version="1" lat="25.015751129921895" lon="121.46727465822221"/>
  <node id="2434" action="modify" visible="true" version="1" lat="25.015764298739107" lon="121.4673046026639"/>
  <node id="2435" action="modify" visible="true" version="1" lat="25.01576502486782" lon="121.46730629598821"/>
  <node id="2436" action="modify" visible="true" version="1" lat="25.015783254604678" lon="121.4673530811465"/>
  <node id="2437" action="modify" visible="true" version="1" lat="25.015791921747084" lon="121.4673753387043"/>
  <node id="2438" action="modify" visible="true" version="1" lat="25.015808578744327" lon="121.46742225771158"/>
  <node id="2439" action="modify" visible="true" version="1" lat="25.015819548005034" lon="121.46745377151008"/>
  <node id="2440" action="modify" visible="true" version="1" lat="25.015835182557787" lon="121.46750188168343"/>
  <node id="2441" action="modify" visible="true" version="1" lat="25.01583922510609" lon="121.46751473208359"/>
  <node id="2442" action="modify" visible="true" version="1" lat="25.015853864079237" lon="121.4675631629555"/>
  <node id="2443" action="modify" visible="true" version="1" lat="25.015859355627068" lon="121.46758180569257"/>
  <node id="2444" action="modify" visible="true" version="1" lat="25.015873148805134" lon="121.46763058780576"/>
  <node id="2445" action="modify" visible="true" version="1" lat="25.015877500689246" lon="121.46764640174803"/>
  <node id="2446" action="modify" visible="true" version="1" lat="25.015890351201385" lon="121.46769540574509"/>
  <node id="2447" action="modify" visible="true" version="1" lat="25.015892847062766" lon="121.46770515246592"/>
  <node id="2448" action="modify" visible="true" version="1" lat="25.015905062618412" lon="121.46775423551473"/>
  <node id="2449" action="modify" visible="true" version="1" lat="25.01590692922294" lon="121.46776201762005"/>
  <node id="2450" action="modify" visible="true" version="1" lat="25.01591819234497" lon="121.46781064791794"/>
  <node id="2451" action="modify" visible="true" version="1" lat="25.015926608752125" lon="121.4678480142405"/>
  <node id="2452" action="modify" visible="true" version="1" lat="25.015937078993" lon="121.46789765065152"/>
  <node id="2453" action="modify" visible="true" version="1" lat="25.01594150251077" lon="121.46791944198368"/>
  <node id="2454" action="modify" visible="true" version="1" lat="25.015951037413355" lon="121.46796882057824"/>
  <node id="2455" action="modify" visible="true" version="1" lat="25.015957029594134" lon="121.4680011796914"/>
  <node id="2456" action="modify" visible="true" version="1" lat="25.01596543785818" lon="121.46805026723179"/>
  <node id="2457" action="modify" visible="true" version="1" lat="25.015972283970708" lon="121.46809212513077"/>
  <node id="2458" action="modify" visible="true" version="1" lat="25.0159795949021" lon="121.4681425215165"/>
  <node id="2459" action="modify" visible="true" version="1" lat="25.01598230485529" lon="121.46816157927528"/>
  <node id="2460" action="modify" visible="true" version="1" lat="25.015982489643324" lon="121.46816271115252"/>
  <node id="2461" action="modify" visible="true" version="1" lat="25.01598839797602" lon="121.46821228378316"/>
  <node id="2462" action="modify" visible="true" version="1" lat="25.01599331561673" lon="121.4682536098795"/>
  <node id="2463" action="modify" visible="true" version="1" lat="25.015994574128953" lon="121.46826735949323"/>
  <node id="2464" action="modify" visible="true" version="1" lat="25.01599902206597" lon="121.46831912670811"/>
  <node id="2465" action="modify" visible="true" version="1" lat="25.016001340463525" lon="121.46836056599219"/>
  <node id="2466" action="modify" visible="true" version="1" lat="25.016002323014728" lon="121.4683863763869"/>
  <node id="2467" action="modify" visible="true" version="1" lat="25.015462265451706" lon="121.46695803172896"/>
  <node id="2468" action="modify" visible="true" version="1" lat="25.015480720724682" lon="121.46696755387097"/>
  <node id="2469" action="modify" visible="true" version="1" lat="25.015511367168273" lon="121.46698905325066"/>
  <node id="2470" action="modify" visible="true" version="1" lat="25.015536067803872" lon="121.46701030649197"/>
  <node id="2471" action="modify" visible="true" version="1" lat="25.015566216850956" lon="121.46704172147578"/>
  <node id="2472" action="modify" visible="true" version="1" lat="25.015571929018382" lon="121.46704798003836"/>
  <node id="2473" action="modify" visible="true" version="1" lat="25.01557204054281" lon="121.46704813993848"/>
  <node id="2474" action="modify" visible="true" version="1" lat="25.015588076452154" lon="121.4670675183958"/>
  <node id="2475" action="modify" visible="true" version="1" lat="25.015588110642128" lon="121.46706752019242"/>
  <node id="2476" action="modify" visible="true" version="1" lat="25.01560408549587" lon="121.46708837997161"/>
  <node id="2477" action="modify" visible="true" version="1" lat="25.01563089530741" lon="121.4671267398309"/>
  <node id="2478" action="modify" visible="true" version="1" lat="25.015633706210068" lon="121.46713096460766"/>
  <node id="2479" action="modify" visible="true" version="1" lat="25.015657798728427" lon="121.46716951131653"/>
  <node id="2480" action="modify" visible="true" version="1" lat="25.01566923526517" lon="121.46718936408428"/>
  <node id="2481" action="modify" visible="true" version="1" lat="25.0156909955344" lon="121.46723198016137"/>
  <node id="2482" action="modify" visible="true" version="1" lat="25.01569957476634" lon="121.46724877506394"/>
  <node id="2483" action="modify" visible="true" version="1" lat="25.015718610418414" lon="121.46729188431611"/>
  <node id="2484" action="modify" visible="true" version="1" lat="25.015731780053155" lon="121.46732183055443"/>
  <node id="2485" action="modify" visible="true" version="1" lat="25.01573183459423" lon="121.46732190601287"/>
  <node id="2486" action="modify" visible="true" version="1" lat="25.015750048869148" lon="121.46736865254364"/>
  <node id="2487" action="modify" visible="true" version="1" lat="25.015758719270078" lon="121.46739091818628"/>
  <node id="2488" action="modify" visible="true" version="1" lat="25.015774902497302" lon="121.46743656158587"/>
  <node id="2489" action="modify" visible="true" version="1" lat="25.015785702439544" lon="121.46746758310756"/>
  <node id="2490" action="modify" visible="true" version="1" lat="25.015801079758266" lon="121.46751490995"/>
  <node id="2491" action="modify" visible="true" version="1" lat="25.015805049857647" lon="121.46752752948312"/>
  <node id="2492" action="modify" visible="true" version="1" lat="25.015819534166265" lon="121.46757545011195"/>
  <node id="2493" action="modify" visible="true" version="1" lat="25.01582495407965" lon="121.46759385030391"/>
  <node id="2494" action="modify" visible="true" version="1" lat="25.015838607245815" lon="121.467642139242"/>
  <node id="2495" action="modify" visible="true" version="1" lat="25.015842894821596" lon="121.46765771872398"/>
  <node id="2496" action="modify" visible="true" version="1" lat="25.015855600437327" lon="121.46770617474873"/>
  <node id="2497" action="modify" visible="true" version="1" lat="25.015858068621885" lon="121.46771581367172"/>
  <node id="2498" action="modify" visible="true" version="1" lat="25.015870166144474" lon="121.46776442330835"/>
  <node id="2499" action="modify" visible="true" version="1" lat="25.015871975766384" lon="121.46777196646181"/>
  <node id="2500" action="modify" visible="true" version="1" lat="25.01588316644163" lon="121.46782028594264"/>
  <node id="2501" action="modify" visible="true" version="1" lat="25.015891503888838" lon="121.46785730012559"/>
  <node id="2502" action="modify" visible="true" version="1" lat="25.015901856910272" lon="121.46790638227607"/>
  <node id="2503" action="modify" visible="true" version="1" lat="25.015906221004037" lon="121.46792788165578"/>
  <node id="2504" action="modify" visible="true" version="1" lat="25.01591568101726" lon="121.46797687487307"/>
  <node id="2505" action="modify" visible="true" version="1" lat="25.015921590981264" lon="121.46800878842186"/>
  <node id="2506" action="modify" visible="true" version="1" lat="25.015929921099456" lon="121.46805741871975"/>
  <node id="2507" action="modify" visible="true" version="1" lat="25.015936702090396" lon="121.46809887776675"/>
  <node id="2508" action="modify" visible="true" version="1" lat="25.01594391126835" lon="121.46814859053457"/>
  <node id="2509" action="modify" visible="true" version="1" lat="25.015946644829622" lon="121.46816781627827"/>
  <node id="2510" action="modify" visible="true" version="1" lat="25.015946687159936" lon="121.4681678701772"/>
  <node id="2511" action="modify" visible="true" version="1" lat="25.015952592238175" lon="121.46821741585839"/>
  <node id="2512" action="modify" visible="true" version="1" lat="25.015957510694356" lon="121.4682587473446"/>
  <node id="2513" action="modify" visible="true" version="1" lat="25.01595862756323" lon="121.46827113241741"/>
  <node id="2514" action="modify" visible="true" version="1" lat="25.015963038869554" lon="121.46832244598309"/>
  <node id="2515" action="modify" visible="true" version="1" lat="25.015965266908875" lon="121.46836234735139"/>
  <node id="2516" action="modify" visible="true" version="1" lat="25.01596624131992" lon="121.4683879520319"/>
  <node id="2520" action="modify" visible="true" version="1" lat="25.01544690274342" lon="121.46699389517006"/>
  <node id="2521" action="modify" visible="true" version="1" lat="25.015465358018705" lon="121.46700341641375"/>
  <node id="2522" action="modify" visible="true" version="1" lat="25.015489188446807" lon="121.46702032540234"/>
  <node id="2523" action="modify" visible="true" version="1" lat="25.01551375395502" lon="121.46704146365929"/>
  <node id="2524" action="modify" visible="true" version="1" lat="25.015540719269282" lon="121.46706978215032"/>
  <node id="2525" action="modify" visible="true" version="1" lat="25.01554639154958" lon="121.46707599759377"/>
  <node id="2526" action="modify" visible="true" version="1" lat="25.01554533328835" lon="121.46707481091927"/>
  <node id="2527" action="modify" visible="true" version="1" lat="25.015561347221922" lon="121.46709416242712"/>
  <node id="2528" action="modify" visible="true" version="1" lat="25.015560511195652" lon="121.467093073669"/>
  <node id="2529" action="modify" visible="true" version="1" lat="25.015576204392765" lon="121.46711356244401"/>
  <node id="2530" action="modify" visible="true" version="1" lat="25.015601837098828" lon="121.46715026580988"/>
  <node id="2531" action="modify" visible="true" version="1" lat="25.015604388321243" lon="121.4671540989212"/>
  <node id="2532" action="modify" visible="true" version="1" lat="25.01562742095675" lon="121.46719093523774"/>
  <node id="2533" action="modify" visible="true" version="1" lat="25.01563871748032" lon="121.4672105463587"/>
  <node id="2534" action="modify" visible="true" version="1" lat="25.015659500085302" lon="121.46725136311026"/>
  <node id="2535" action="modify" visible="true" version="1" lat="25.01566807362112" lon="121.46726814723303"/>
  <node id="2536" action="modify" visible="true" version="1" lat="25.01568609090632" lon="121.46730911040997"/>
  <node id="2537" action="modify" visible="true" version="1" lat="25.015699260544555" lon="121.46733905844492"/>
  <node id="2538" action="modify" visible="true" version="1" lat="25.01569864431167" lon="121.46733751693588"/>
  <node id="2539" action="modify" visible="true" version="1" lat="25.015716843124633" lon="121.46738422394078"/>
  <node id="2540" action="modify" visible="true" version="1" lat="25.015725516784094" lon="121.46740649676993"/>
  <node id="2541" action="modify" visible="true" version="1" lat="25.01574122705508" lon="121.46745086546014"/>
  <node id="2542" action="modify" visible="true" version="1" lat="25.015751856864732" lon="121.46748139470508"/>
  <node id="2543" action="modify" visible="true" version="1" lat="25.01576697694927" lon="121.46752793911489"/>
  <node id="2544" action="modify" visible="true" version="1" lat="25.0157708745997" lon="121.46754032688264"/>
  <node id="2545" action="modify" visible="true" version="1" lat="25.01578520342965" lon="121.46758773637009"/>
  <node id="2546" action="modify" visible="true" version="1" lat="25.0157905525226" lon="121.46760589491524"/>
  <node id="2547" action="modify" visible="true" version="1" lat="25.01580406567678" lon="121.46765369067825"/>
  <node id="2548" action="modify" visible="true" version="1" lat="25.01580828894418" lon="121.46766903569991"/>
  <node id="2549" action="modify" visible="true" version="1" lat="25.015820848849394" lon="121.46771694375235"/>
  <node id="2550" action="modify" visible="true" version="1" lat="25.015823290171152" lon="121.46772647487752"/>
  <node id="2551" action="modify" visible="true" version="1" lat="25.015835270474664" lon="121.46777461020369"/>
  <node id="2552" action="modify" visible="true" version="1" lat="25.015837022299888" lon="121.46778191440528"/>
  <node id="2553" action="modify" visible="true" version="1" lat="25.015848140528302" lon="121.46782992396732"/>
  <node id="2554" action="modify" visible="true" version="1" lat="25.01585639901552" lon="121.46786658511238"/>
  <node id="2555" action="modify" visible="true" version="1" lat="25.01586663400339" lon="121.46791511300233"/>
  <node id="2556" action="modify" visible="true" version="1" lat="25.015870939487176" lon="121.46793632132788"/>
  <node id="2557" action="modify" visible="true" version="1" lat="25.015880324610983" lon="121.4679849291679"/>
  <node id="2558" action="modify" visible="true" version="1" lat="25.015886153172197" lon="121.46801639625397"/>
  <node id="2559" action="modify" visible="true" version="1" lat="25.01589440433045" lon="121.46806457020773"/>
  <node id="2560" action="modify" visible="true" version="1" lat="25.015901121013822" lon="121.46810563040275"/>
  <node id="2561" action="modify" visible="true" version="1" lat="25.015908227624237" lon="121.46815465955262"/>
  <node id="2562" action="modify" visible="true" version="1" lat="25.015910984793596" lon="121.46817405417961"/>
  <node id="2563" action="modify" visible="true" version="1" lat="25.015910884666102" lon="121.46817303010019"/>
  <node id="2564" action="modify" visible="true" version="1" lat="25.01591678648989" lon="121.4682225470353"/>
  <node id="2565" action="modify" visible="true" version="1" lat="25.015921705761546" lon="121.4682638848097"/>
  <node id="2566" action="modify" visible="true" version="1" lat="25.015922681801026" lon="121.46827490623991"/>
  <node id="2567" action="modify" visible="true" version="1" lat="25.015927055662594" lon="121.46832576435972"/>
  <node id="2568" action="modify" visible="true" version="1" lat="25.01592919334362" lon="121.46836412871058"/>
  <node id="2569" action="modify" visible="true" version="1" lat="25.015930160428553" lon="121.46838952767692"/>
  <node id="2572" action="modify" visible="true" version="1" lat="25.0160050492483" lon="121.46846156986777"/>
  <node id="2573" action="modify" visible="true" version="1" lat="25.016002292081055" lon="121.4685095668534"/>
  <node id="2574" action="modify" visible="true" version="1" lat="25.01599898624803" lon="121.46856309566454"/>
  <node id="2575" action="modify" visible="true" version="1" lat="25.015997915780034" lon="121.4685801429937"/>
  <node id="2576" action="modify" visible="true" version="1" lat="25.015990782311356" lon="121.46862681226933"/>
  <node id="2577" action="modify" visible="true" version="1" lat="25.015982283690143" lon="121.46868070579649"/>
  <node id="2578" action="modify" visible="true" version="1" lat="25.015977331859137" lon="121.46871191147282"/>
  <node id="2579" action="modify" visible="true" version="1" lat="25.01597640059252" lon="121.46871628087835"/>
  <node id="2580" action="modify" visible="true" version="1" lat="25.015963836633002" lon="121.46876385835077"/>
  <node id="2581" action="modify" visible="true" version="1" lat="25.015927767951595" lon="121.46890044539307"/>
  <node id="2582" action="modify" visible="true" version="1" lat="25.015912807439616" lon="121.46894718114405"/>
  <node id="2583" action="modify" visible="true" version="1" lat="25.01584060491262" lon="121.46917219115643"/>
  <node id="2584" action="modify" visible="true" version="1" lat="25.01582503059991" lon="121.46922071814808"/>
  <node id="2585" action="modify" visible="true" version="1" lat="25.015812092978084" lon="121.46926100579192"/>
  <node id="2586" action="modify" visible="true" version="1" lat="25.015805880183933" lon="121.46928035101156"/>
  <node id="2587" action="modify" visible="true" version="1" lat="25.015968967554294" lon="121.46846314551277"/>
  <node id="2588" action="modify" visible="true" version="1" lat="25.015966263299116" lon="121.46850690873846"/>
  <node id="2589" action="modify" visible="true" version="1" lat="25.015962960721296" lon="121.46856038904059"/>
  <node id="2590" action="modify" visible="true" version="1" lat="25.01596189350917" lon="121.46857739504723"/>
  <node id="2591" action="modify" visible="true" version="1" lat="25.015955198808324" lon="121.46862007220975"/>
  <node id="2592" action="modify" visible="true" version="1" lat="25.01594670588295" lon="121.46867392800766"/>
  <node id="2593" action="modify" visible="true" version="1" lat="25.015941763819043" lon="121.46870507349689"/>
  <node id="2594" action="modify" visible="true" version="1" lat="25.01594171660447" lon="121.46870525495659"/>
  <node id="2595" action="modify" visible="true" version="1" lat="25.01592915426948" lon="121.4687528279374"/>
  <node id="2596" action="modify" visible="true" version="1" lat="25.015893085577886" lon="121.4688894149797"/>
  <node id="2597" action="modify" visible="true" version="1" lat="25.015878747806028" lon="121.46893401813018"/>
  <node id="2598" action="modify" visible="true" version="1" lat="25.015806545259007" lon="121.46915902814256"/>
  <node id="2599" action="modify" visible="true" version="1" lat="25.01579097338411" lon="121.469207548846"/>
  <node id="2600" action="modify" visible="true" version="1" lat="25.015778036572748" lon="121.46924783289661"/>
  <node id="2601" action="modify" visible="true" version="1" lat="25.015771823776873" lon="121.46926717811625"/>
  <node id="2605" action="modify" visible="true" version="1" lat="25.01593288666373" lon="121.46846472115779"/>
  <node id="2606" action="modify" visible="true" version="1" lat="25.01593023450661" lon="121.46850425062355"/>
  <node id="2607" action="modify" visible="true" version="1" lat="25.015926935183998" lon="121.46855768241666"/>
  <node id="2608" action="modify" visible="true" version="1" lat="25.015925870413692" lon="121.46857464710078"/>
  <node id="2609" action="modify" visible="true" version="1" lat="25.015919615294976" lon="121.46861333215017"/>
  <node id="2610" action="modify" visible="true" version="1" lat="25.01591112806546" lon="121.46866715021885"/>
  <node id="2611" action="modify" visible="true" version="1" lat="25.01590619495461" lon="121.46869823641924"/>
  <node id="2612" action="modify" visible="true" version="1" lat="25.015907032606613" lon="121.46869422993309"/>
  <node id="2613" action="modify" visible="true" version="1" lat="25.015894471082127" lon="121.46874179752402"/>
  <node id="2614" action="modify" visible="true" version="1" lat="25.01585840238035" lon="121.46887838456632"/>
  <node id="2615" action="modify" visible="true" version="1" lat="25.015844688163003" lon="121.46892085511632"/>
  <node id="2616" action="modify" visible="true" version="1" lat="25.015772485595953" lon="121.46914586512871"/>
  <node id="2617" action="modify" visible="true" version="1" lat="25.015756915344824" lon="121.46919437954394"/>
  <node id="2618" action="modify" visible="true" version="1" lat="25.01574398015796" lon="121.46923465910297"/>
  <node id="2621" action="modify" visible="true" version="1" lat="25.0156620578189" lon="121.4697281827403"/>
  <node id="2622" action="modify" visible="true" version="1" lat="25.015647466851625" lon="121.4697727059407"/>
  <node id="2623" action="modify" visible="true" version="1" lat="25.015630327916973" lon="121.46982418479638"/>
  <node id="2624" action="modify" visible="true" version="1" lat="25.015619196644085" lon="121.46985750241194"/>
  <node id="2625" action="modify" visible="true" version="1" lat="25.01560671975101" lon="121.46989400365689"/>
  <node id="2626" action="modify" visible="true" version="1" lat="25.01559132205678" lon="121.46993819987054"/>
  <node id="2627" action="modify" visible="true" version="1" lat="25.01557343907542" lon="121.46998937150241"/>
  <node id="2628" action="modify" visible="true" version="1" lat="25.015561805530375" lon="121.47002248250546"/>
  <node id="2629" action="modify" visible="true" version="1" lat="25.015545643440294" lon="121.47006793186893"/>
  <node id="2630" action="modify" visible="true" version="1" lat="25.015528165847794" lon="121.47011669062593"/>
  <node id="2631" action="modify" visible="true" version="1" lat="25.01552480627488" lon="121.47012600076553"/>
  <node id="2632" action="modify" visible="true" version="1" lat="25.01550883466701" lon="121.47016995173914"/>
  <node id="2633" action="modify" visible="true" version="1" lat="25.015490254849" lon="121.47022082423197"/>
  <node id="2634" action="modify" visible="true" version="1" lat="25.01547818578064" lon="121.47025373760567"/>
  <node id="2635" action="modify" visible="true" version="1" lat="25.015460724459487" lon="121.47030074374955"/>
  <node id="2636" action="modify" visible="true" version="1" lat="25.01545133930361" lon="121.47032579506788"/>
  <node id="2637" action="modify" visible="true" version="1" lat="25.01543483611294" lon="121.47036950888621"/>
  <node id="2638" action="modify" visible="true" version="1" lat="25.015415669355153" lon="121.4704201181727"/>
  <node id="2639" action="modify" visible="true" version="1" lat="25.0154032315157" lon="121.47045287434123"/>
  <node id="2640" action="modify" visible="true" version="1" lat="25.015385181627064" lon="121.47049988497669"/>
  <node id="2641" action="modify" visible="true" version="1" lat="25.015381390604706" lon="121.4705096658335"/>
  <node id="2642" action="modify" visible="true" version="1" lat="25.015364453516895" lon="121.47055317842921"/>
  <node id="2643" action="modify" visible="true" version="1" lat="25.015344776339745" lon="121.4706035514588"/>
  <node id="2644" action="modify" visible="true" version="1" lat="25.015331938795292" lon="121.47063612257435"/>
  <node id="2645" action="modify" visible="true" version="1" lat="25.01527609424021" lon="121.47077658764375"/>
  <node id="2646" action="modify" visible="true" version="1" lat="25.015258733018346" lon="121.47081989722024"/>
  <node id="2647" action="modify" visible="true" version="1" lat="25.01523846808079" lon="121.47086998907712"/>
  <node id="2648" action="modify" visible="true" version="1" lat="25.01522525036423" lon="121.47090237693635"/>
  <node id="2649" action="modify" visible="true" version="1" lat="25.015206696552887" lon="121.47094753344905"/>
  <node id="2650" action="modify" visible="true" version="1" lat="25.01516155180988" lon="121.4710574099847"/>
  <node id="2651" action="modify" visible="true" version="1" lat="25.01514354991465" lon="121.47110065578082"/>
  <node id="2652" action="modify" visible="true" version="1" lat="25.015122687445455" lon="121.47115024637775"/>
  <node id="2653" action="modify" visible="true" version="1" lat="25.01511081452701" lon="121.47117837083267"/>
  <node id="2654" action="modify" visible="true" version="1" lat="25.01509159317729" lon="121.47122354890494"/>
  <node id="2655" action="modify" visible="true" version="1" lat="25.015074559177524" lon="121.47126336942485"/>
  <node id="2656" action="modify" visible="true" version="1" lat="25.015056172223726" lon="121.4713061660633"/>
  <node id="2657" action="modify" visible="true" version="1" lat="25.015034843288756" lon="121.47135572252425"/>
  <node id="2658" action="modify" visible="true" version="1" lat="25.015021026409055" lon="121.47138780854958"/>
  <node id="2659" action="modify" visible="true" version="1" lat="25.015002852728525" lon="121.47142950834508"/>
  <node id="2660" action="modify" visible="true" version="1" lat="25.014981544135562" lon="121.4714781988301"/>
  <node id="2661" action="modify" visible="true" version="1" lat="25.01496168454964" lon="121.47152353949744"/>
  <node id="2662" action="modify" visible="true" version="1" lat="25.01495860825097" lon="121.47153055803476"/>
  <node id="2663" action="modify" visible="true" version="1" lat="25.014940029163753" lon="121.47157248061244"/>
  <node id="2664" action="modify" visible="true" version="1" lat="25.01491905350685" lon="121.4716194867563"/>
  <node id="2665" action="modify" visible="true" version="1" lat="25.014896310540777" lon="121.47167023977323"/>
  <node id="2666" action="modify" visible="true" version="1" lat="25.014890942685685" lon="121.47168211999288"/>
  <node id="2667" action="modify" visible="true" version="1" lat="25.014826933804148" lon="121.47182328934146"/>
  <node id="2668" action="modify" visible="true" version="1" lat="25.014797323478003" lon="121.47186906569169"/>
  <node id="2669" action="modify" visible="true" version="1" lat="25.014766846179057" lon="121.47187770209484"/>
  <node id="2670" action="modify" visible="true" version="1" lat="25.014735500278558" lon="121.47184919944918"/>
  <node id="2671" action="modify" visible="true" version="1" lat="25.01471655971823" lon="121.47181488021207"/>
  <node id="2672" action="modify" visible="true" version="1" lat="25.01562800137194" lon="121.46971500984493"/>
  <node id="2673" action="modify" visible="true" version="1" lat="25.015613530065483" lon="121.46975916563443"/>
  <node id="2674" action="modify" visible="true" version="1" lat="25.015596423687967" lon="121.46981054567541"/>
  <node id="2675" action="modify" visible="true" version="1" lat="25.015585289155812" lon="121.46984387407076"/>
  <node id="2676" action="modify" visible="true" version="1" lat="25.015572984837238" lon="121.46987987046253"/>
  <node id="2677" action="modify" visible="true" version="1" lat="25.01555759934949" lon="121.46992403074358"/>
  <node id="2678" action="modify" visible="true" version="1" lat="25.0155397334582" lon="121.46997515296808"/>
  <node id="2679" action="modify" visible="true" version="1" lat="25.015528135728044" lon="121.47000816425813"/>
  <node id="2680" action="modify" visible="true" version="1" lat="25.015512023290416" lon="121.47005347078951"/>
  <node id="2681" action="modify" visible="true" version="1" lat="25.015494583953355" lon="121.47010212264696"/>
  <node id="2682" action="modify" visible="true" version="1" lat="25.015491242288576" lon="121.47011138427754"/>
  <node id="2683" action="modify" visible="true" version="1" lat="25.015475307308478" lon="121.47015523463983"/>
  <node id="2684" action="modify" visible="true" version="1" lat="25.01545674620849" lon="121.47020605413208"/>
  <node id="2685" action="modify" visible="true" version="1" lat="25.01544469993017" lon="121.47023890731865"/>
  <node id="2686" action="modify" visible="true" version="1" lat="25.01542731349666" lon="121.47028571313821"/>
  <node id="2687" action="modify" visible="true" version="1" lat="25.015417964156338" lon="121.47031066564186"/>
  <node id="2688" action="modify" visible="true" version="1" lat="25.015401484568578" lon="121.47035431657814"/>
  <node id="2689" action="modify" visible="true" version="1" lat="25.01538233083036" lon="121.47040489172865"/>
  <node id="2690" action="modify" visible="true" version="1" lat="25.01536990926849" lon="121.47043760657465"/>
  <node id="2691" action="modify" visible="true" version="1" lat="25.01535193996575" lon="121.47048440790263"/>
  <node id="2692" action="modify" visible="true" version="1" lat="25.01534818069025" lon="121.47049410521613"/>
  <node id="2693" action="modify" visible="true" version="1" lat="25.01533125255239" lon="121.47053759715061"/>
  <node id="2694" action="modify" visible="true" version="1" lat="25.01531160630378" lon="121.4705878893318"/>
  <node id="2695" action="modify" visible="true" version="1" lat="25.015298842020236" lon="121.4706202744961"/>
  <node id="2696" action="modify" visible="true" version="1" lat="25.01524299745011" lon="121.47076074046382"/>
  <node id="2697" action="modify" visible="true" version="1" lat="25.015225707859887" lon="121.47080387127555"/>
  <node id="2698" action="modify" visible="true" version="1" lat="25.0152054876896" lon="121.47085385084303"/>
  <node id="2699" action="modify" visible="true" version="1" lat="25.015192331837245" lon="121.47088608688699"/>
  <node id="2700" action="modify" visible="true" version="1" lat="25.015173778020927" lon="121.47093124429801"/>
  <node id="2701" action="modify" visible="true" version="1" lat="25.015128633265814" lon="121.47104111993535"/>
  <node id="2702" action="modify" visible="true" version="1" lat="25.01511074533276" lon="121.4710840926436"/>
  <node id="2703" action="modify" visible="true" version="1" lat="25.01508991786215" lon="121.47113359969723"/>
  <node id="2704" action="modify" visible="true" version="1" lat="25.015078053081037" lon="121.47116170528753"/>
  <node id="2705" action="modify" visible="true" version="1" lat="25.01505889522211" lon="121.47120673423946"/>
  <node id="2706" action="modify" visible="true" version="1" lat="25.01504188482527" lon="121.47124649906381"/>
  <node id="2707" action="modify" visible="true" version="1" lat="25.01502351821785" lon="121.47128924898986"/>
  <node id="2708" action="modify" visible="true" version="1" lat="25.015002194975562" lon="121.47133879197611"/>
  <node id="2709" action="modify" visible="true" version="1" lat="25.014988378906228" lon="121.47137087440817"/>
  <node id="2710" action="modify" visible="true" version="1" lat="25.01497030046483" lon="121.47141235681136"/>
  <node id="2711" action="modify" visible="true" version="1" lat="25.014948995936475" lon="121.47146103741493"/>
  <node id="2712" action="modify" visible="true" version="1" lat="25.014929143671743" lon="121.47150636281091"/>
  <node id="2713" action="modify" visible="true" version="1" lat="25.014926069814422" lon="121.47151337416167"/>
  <node id="2714" action="modify" visible="true" version="1" lat="25.014907596548948" lon="121.47155505778748"/>
  <node id="2715" action="modify" visible="true" version="1" lat="25.014886629841072" lon="121.47160204327012"/>
  <node id="2716" action="modify" visible="true" version="1" lat="25.0148639405964" lon="121.47165267681112"/>
  <node id="2717" action="modify" visible="true" version="1" lat="25.01485861425653" lon="121.47166446630091"/>
  <node id="2718" action="modify" visible="true" version="1" lat="25.014794605358134" lon="121.47180563564949"/>
  <node id="2719" action="modify" visible="true" version="1" lat="25.014777213948257" lon="121.47184232015074"/>
  <node id="2720" action="modify" visible="true" version="1" lat="25.014775724232738" lon="121.47184442490344"/>
  <node id="2721" action="modify" visible="true" version="1" lat="25.01476088731634" lon="121.47182855706227"/>
  <node id="2722" action="modify" visible="true" version="1" lat="25.014744668137162" lon="121.47179904291362"/>
  <node id="2726" action="modify" visible="true" version="1" lat="25.015593944915537" lon="121.46970183694962"/>
  <node id="2727" action="modify" visible="true" version="1" lat="25.015579594084002" lon="121.46974562532816"/>
  <node id="2728" action="modify" visible="true" version="1" lat="25.015562520263636" lon="121.46979690655445"/>
  <node id="2729" action="modify" visible="true" version="1" lat="25.015551381658177" lon="121.4698302457296"/>
  <node id="2730" action="modify" visible="true" version="1" lat="25.015539249914195" lon="121.46986573636985"/>
  <node id="2731" action="modify" visible="true" version="1" lat="25.015523876632933" lon="121.4699098625149"/>
  <node id="2732" action="modify" visible="true" version="1" lat="25.01550602864578" lon="121.46996093353545"/>
  <node id="2733" action="modify" visible="true" version="1" lat="25.015494465102435" lon="121.46999384601082"/>
  <node id="2734" action="modify" visible="true" version="1" lat="25.015478403131333" lon="121.47003900971006"/>
  <node id="2735" action="modify" visible="true" version="1" lat="25.01546100204974" lon="121.47008755556631"/>
  <node id="2736" action="modify" visible="true" version="1" lat="25.015457678293085" lon="121.47009676689125"/>
  <node id="2737" action="modify" visible="true" version="1" lat="25.015441779940787" lon="121.47014051754051"/>
  <node id="2738" action="modify" visible="true" version="1" lat="25.01542323837288" lon="121.4701912849305"/>
  <node id="2739" action="modify" visible="true" version="1" lat="25.01541121325652" lon="121.47022407703163"/>
  <node id="2740" action="modify" visible="true" version="1" lat="25.0153939017107" lon="121.47027068252689"/>
  <node id="2741" action="modify" visible="true" version="1" lat="25.015384589814044" lon="121.47029553621584"/>
  <node id="2742" action="modify" visible="true" version="1" lat="25.015368133829213" lon="121.47033912516838"/>
  <node id="2743" action="modify" visible="true" version="1" lat="25.01534899311056" lon="121.47038966528457"/>
  <node id="2744" action="modify" visible="true" version="1" lat="25.015336587012243" lon="121.47042233880809"/>
  <node id="2745" action="modify" visible="true" version="1" lat="25.015318697481383" lon="121.4704689308286"/>
  <node id="2746" action="modify" visible="true" version="1" lat="25.015314971580857" lon="121.47047854459878"/>
  <node id="2747" action="modify" visible="true" version="1" lat="25.015298050764866" lon="121.47052201587202"/>
  <node id="2748" action="modify" visible="true" version="1" lat="25.01527843625884" lon="121.47057222630652"/>
  <node id="2749" action="modify" visible="true" version="1" lat="25.01526574523626" lon="121.47060442731618"/>
  <node id="2750" action="modify" visible="true" version="1" lat="25.015209900651076" lon="121.4707448923856"/>
  <node id="2751" action="modify" visible="true" version="1" lat="25.015192682692557" lon="121.47078784443256"/>
  <node id="2752" action="modify" visible="true" version="1" lat="25.0151725081036" lon="121.47083771350727"/>
  <node id="2753" action="modify" visible="true" version="1" lat="25.015159414115484" lon="121.47086979773594"/>
  <node id="2754" action="modify" visible="true" version="1" lat="25.015140860294196" lon="121.47091495514695"/>
  <node id="2755" action="modify" visible="true" version="1" lat="25.01509571552698" lon="121.47102483078432"/>
  <node id="2756" action="modify" visible="true" version="1" lat="25.015077940742113" lon="121.4710675295064"/>
  <node id="2757" action="modify" visible="true" version="1" lat="25.015057148270092" lon="121.47111695301669"/>
  <node id="2758" action="modify" visible="true" version="1" lat="25.015045291626326" lon="121.47114503974238"/>
  <node id="2759" action="modify" visible="true" version="1" lat="25.015026197258223" lon="121.47118991957394"/>
  <node id="2760" action="modify" visible="true" version="1" lat="25.015009210464324" lon="121.47122962870279"/>
  <node id="2761" action="modify" visible="true" version="1" lat="25.014990863389237" lon="121.47127233281476"/>
  <node id="2762" action="modify" visible="true" version="1" lat="25.01496954665368" lon="121.47132186142795"/>
  <node id="2763" action="modify" visible="true" version="1" lat="25.01495573220878" lon="121.47135394026675"/>
  <node id="2764" action="modify" visible="true" version="1" lat="25.014937748192505" lon="121.4713952043793"/>
  <node id="2765" action="modify" visible="true" version="1" lat="25.014916447728755" lon="121.47144387599973"/>
  <node id="2766" action="modify" visible="true" version="1" lat="25.01489660278523" lon="121.47148918522602"/>
  <node id="2767" action="modify" visible="true" version="1" lat="25.014893531369246" lon="121.47149619118692"/>
  <node id="2768" action="modify" visible="true" version="1" lat="25.01487516392558" lon="121.47153763406423"/>
  <node id="2769" action="modify" visible="true" version="1" lat="25.01485420698078" lon="121.47158459978392"/>
  <node id="2770" action="modify" visible="true" version="1" lat="25.014831571457538" lon="121.47163511295068"/>
  <node id="2771" action="modify" visible="true" version="1" lat="25.01482628581886" lon="121.4716468117106"/>
  <node id="2772" action="modify" visible="true" version="1" lat="25.01476227608956" lon="121.47178798105921"/>
  <node id="2773" action="modify" visible="true" version="1" lat="25.014757104415224" lon="121.47181557550812"/>
  <node id="2774" action="modify" visible="true" version="1" lat="25.014784603099812" lon="121.47181114681375"/>
  <node id="2775" action="modify" visible="true" version="1" lat="25.01478627434886" lon="121.47180791467537"/>
  <node id="2776" action="modify" visible="true" version="1" lat="25.014772776549663" lon="121.47178320651346"/>
  <node id="2779" action="modify" visible="true" version="1" lat="25.011553044635193" lon="121.46473599317814"/>
  <node id="2780" action="modify" visible="true" version="1" lat="25.011680036790104" lon="121.46466823235795"/>
  <node id="2781" action="modify" visible="true" version="1" lat="25.011718650695734" lon="121.46464718572916"/>
  <node id="2782" action="modify" visible="true" version="1" lat="25.011763216271046" lon="121.46462245241445"/>
  <node id="2783" action="modify" visible="true" version="1" lat="25.011792020583485" lon="121.46460634831632"/>
  <node id="2784" action="modify" visible="true" version="1" lat="25.01183233260752" lon="121.46458349966709"/>
  <node id="2785" action="modify" visible="true" version="1" lat="25.01186876149744" lon="121.46456245752987"/>
  <node id="2786" action="modify" visible="true" version="1" lat="25.011907698530006" lon="121.46453919835055"/>
  <node id="2787" action="modify" visible="true" version="1" lat="25.01194976321081" lon="121.46451365475544"/>
  <node id="2788" action="modify" visible="true" version="1" lat="25.011959307378135" lon="121.464507769892"/>
  <node id="2789" action="modify" visible="true" version="1" lat="25.011997904914544" lon="121.46448350100628"/>
  <node id="2790" action="modify" visible="true" version="1" lat="25.01203904559461" lon="121.46445709592682"/>
  <node id="2791" action="modify" visible="true" version="1" lat="25.012046511433542" lon="121.46445219112537"/>
  <node id="2792" action="modify" visible="true" version="1" lat="25.01208391714399" lon="121.46442697721199"/>
  <node id="2793" action="modify" visible="true" version="1" lat="25.01212542819699" lon="121.46439838922637"/>
  <node id="2794" action="modify" visible="true" version="1" lat="25.012140486858772" lon="121.46438779539426"/>
  <node id="2795" action="modify" visible="true" version="1" lat="25.012178374469695" lon="121.4643600284688"/>
  <node id="2796" action="modify" visible="true" version="1" lat="25.012209454822315" lon="121.46433617999463"/>
  <node id="2797" action="modify" visible="true" version="1" lat="25.012245075229867" lon="121.46430665147294"/>
  <node id="2798" action="modify" visible="true" version="1" lat="25.012282112106693" lon="121.46427459778697"/>
  <node id="2799" action="modify" visible="true" version="1" lat="25.012287092579125" lon="121.46427009812572"/>
  <node id="2800" action="modify" visible="true" version="1" lat="25.01232144301734" lon="121.4642362783519"/>
  <node id="2801" action="modify" visible="true" version="1" lat="25.012340983915482" lon="121.4642160078675"/>
  <node id="2802" action="modify" visible="true" version="1" lat="25.012373428605144" lon="121.46418051722726"/>
  <node id="2803" action="modify" visible="true" version="1" lat="25.012396682459105" lon="121.46415408879162"/>
  <node id="2804" action="modify" visible="true" version="1" lat="25.01242602390771" lon="121.46411908952982"/>
  <node id="2805" action="modify" visible="true" version="1" lat="25.012459360792946" lon="121.46407855305263"/>
  <node id="2806" action="modify" visible="true" version="1" lat="25.012477930486693" lon="121.46405561008027"/>
  <node id="2807" action="modify" visible="true" version="1" lat="25.012506632059022" lon="121.46401898846109"/>
  <node id="2808" action="modify" visible="true" version="1" lat="25.01253811040734" lon="121.46397807918305"/>
  <node id="2809" action="modify" visible="true" version="1" lat="25.012548341601473" lon="121.46396466643753"/>
  <node id="2810" action="modify" visible="true" version="1" lat="25.012577122121815" lon="121.46392624100125"/>
  <node id="2811" action="modify" visible="true" version="1" lat="25.01260349706863" lon="121.46389046379845"/>
  <node id="2812" action="modify" visible="true" version="1" lat="25.012630398710744" lon="121.46385326905411"/>
  <node id="2813" action="modify" visible="true" version="1" lat="25.012661220075906" lon="121.46381031790543"/>
  <node id="2814" action="modify" visible="true" version="1" lat="25.012679236174176" lon="121.46378505278805"/>
  <node id="2815" action="modify" visible="true" version="1" lat="25.012707455772432" lon="121.46374457110808"/>
  <node id="2816" action="modify" visible="true" version="1" lat="25.01271932159667" lon="121.46372732794622"/>
  <node id="2817" action="modify" visible="true" version="1" lat="25.012745204817264" lon="121.46368948641485"/>
  <node id="2818" action="modify" visible="true" version="1" lat="25.012775087536127" lon="121.46364557586547"/>
  <node id="2819" action="modify" visible="true" version="1" lat="25.0127942872687" lon="121.46361703459225"/>
  <node id="2820" action="modify" visible="true" version="1" lat="25.012820900689956" lon="121.46357702542612"/>
  <node id="2821" action="modify" visible="true" version="1" lat="25.01288009298197" lon="121.46348803741577"/>
  <node id="2822" action="modify" visible="true" version="1" lat="25.011568834405136" lon="121.46477163114211"/>
  <node id="2823" action="modify" visible="true" version="1" lat="25.011695826543715" lon="121.46470387032191"/>
  <node id="2824" action="modify" visible="true" version="1" lat="25.01173486539016" lon="121.46468259282607"/>
  <node id="2825" action="modify" visible="true" version="1" lat="25.011779575864413" lon="121.46465777866298"/>
  <node id="2826" action="modify" visible="true" version="1" lat="25.011808444484693" lon="121.46464163863229"/>
  <node id="2827" action="modify" visible="true" version="1" lat="25.011849009679608" lon="121.46461864804922"/>
  <node id="2828" action="modify" visible="true" version="1" lat="25.01188584397212" lon="121.46459736965507"/>
  <node id="2829" action="modify" visible="true" version="1" lat="25.01192507569301" lon="121.46457393530426"/>
  <node id="2830" action="modify" visible="true" version="1" lat="25.01196738865946" lon="121.46454824079218"/>
  <node id="2831" action="modify" visible="true" version="1" lat="25.011977076915947" lon="121.46454226699555"/>
  <node id="2832" action="modify" visible="true" version="1" lat="25.012015982979488" lon="121.46451780497206"/>
  <node id="2833" action="modify" visible="true" version="1" lat="25.01205750382429" lon="121.4644911546525"/>
  <node id="2834" action="modify" visible="true" version="1" lat="25.012065167481154" lon="121.46448612049366"/>
  <node id="2835" action="modify" visible="true" version="1" lat="25.012102970452045" lon="121.46446063888233"/>
  <node id="2836" action="modify" visible="true" version="1" lat="25.01214479654356" lon="121.46443183440273"/>
  <node id="2837" action="modify" visible="true" version="1" lat="25.012160140127307" lon="121.46442103934797"/>
  <node id="2838" action="modify" visible="true" version="1" lat="25.012198715620716" lon="121.46439277026428"/>
  <node id="2839" action="modify" visible="true" version="1" lat="25.01223077529329" lon="121.46436816361204"/>
  <node id="2840" action="modify" visible="true" version="1" lat="25.012267127542543" lon="121.46433803142243"/>
  <node id="2841" action="modify" visible="true" version="1" lat="25.0123049320794" lon="121.46430530938991"/>
  <node id="2842" action="modify" visible="true" version="1" lat="25.012310197474896" lon="121.46430055191215"/>
  <node id="2843" action="modify" visible="true" version="1" lat="25.012346043350146" lon="121.46426528674904"/>
  <node id="2844" action="modify" visible="true" version="1" lat="25.012366053147648" lon="121.46424452847948"/>
  <node id="2845" action="modify" visible="true" version="1" lat="25.012399180019642" lon="121.46420829762742"/>
  <node id="2846" action="modify" visible="true" version="1" lat="25.01242303302264" lon="121.4641811837772"/>
  <node id="2847" action="modify" visible="true" version="1" lat="25.012452731840614" lon="121.46414575871397"/>
  <node id="2848" action="modify" visible="true" version="1" lat="25.012486269793254" lon="121.46410497879333"/>
  <node id="2849" action="modify" visible="true" version="1" lat="25.012505056838886" lon="121.46408176632639"/>
  <node id="2850" action="modify" visible="true" version="1" lat="25.012534144272664" lon="121.46404465512538"/>
  <node id="2851" action="modify" visible="true" version="1" lat="25.012565771588168" lon="121.46400355270954"/>
  <node id="2852" action="modify" visible="true" version="1" lat="25.01257606709127" lon="121.46399005462409"/>
  <node id="2853" action="modify" visible="true" version="1" lat="25.0126051138049" lon="121.46395127435328"/>
  <node id="2854" action="modify" visible="true" version="1" lat="25.01263169796076" lon="121.46391521418116"/>
  <node id="2855" action="modify" visible="true" version="1" lat="25.012658731475437" lon="121.46387783618049"/>
  <node id="2856" action="modify" visible="true" version="1" lat="25.012689625285354" lon="121.4638347844205"/>
  <node id="2857" action="modify" visible="true" version="1" lat="25.012707720343855" lon="121.46380940881036"/>
  <node id="2858" action="modify" visible="true" version="1" lat="25.012736233813293" lon="121.46376850761713"/>
  <node id="2859" action="modify" visible="true" version="1" lat="25.012748189181966" lon="121.46375113419955"/>
  <node id="2860" action="modify" visible="true" version="1" lat="25.01277410170284" lon="121.46371324954907"/>
  <node id="2861" action="modify" visible="true" version="1" lat="25.012804068263385" lon="121.46366921593048"/>
  <node id="2862" action="modify" visible="true" version="1" lat="25.012823453598287" lon="121.46364039887447"/>
  <node id="2863" action="modify" visible="true" version="1" lat="25.012850066199164" lon="121.46360038970836"/>
  <node id="2864" action="modify" visible="true" version="1" lat="25.012909258477112" lon="121.46351140169799"/>
  <node id="2868" action="modify" visible="true" version="1" lat="25.01158462498712" lon="121.46480726910605"/>
  <node id="2869" action="modify" visible="true" version="1" lat="25.0117116162953" lon="121.46473950828586"/>
  <node id="2870" action="modify" visible="true" version="1" lat="25.01175108089651" lon="121.46471799992301"/>
  <node id="2871" action="modify" visible="true" version="1" lat="25.011795935455606" lon="121.46469310580986"/>
  <node id="2872" action="modify" visible="true" version="1" lat="25.01182486838371" lon="121.46467692984653"/>
  <node id="2873" action="modify" visible="true" version="1" lat="25.011865685935362" lon="121.46465379643132"/>
  <node id="2874" action="modify" visible="true" version="1" lat="25.011902926444424" lon="121.4646322826786"/>
  <node id="2875" action="modify" visible="true" version="1" lat="25.011942452039477" lon="121.46460867315629"/>
  <node id="2876" action="modify" visible="true" version="1" lat="25.011985013291515" lon="121.46458282772724"/>
  <node id="2877" action="modify" visible="true" version="1" lat="25.011994846451174" lon="121.46457676409908"/>
  <node id="2878" action="modify" visible="true" version="1" lat="25.012034061041767" lon="121.46455210803948"/>
  <node id="2879" action="modify" visible="true" version="1" lat="25.01207596286527" lon="121.46452521337821"/>
  <node id="2880" action="modify" visible="true" version="1" lat="25.012083822711862" lon="121.46452004986195"/>
  <node id="2881" action="modify" visible="true" version="1" lat="25.012122023757144" lon="121.46449430145096"/>
  <node id="2882" action="modify" visible="true" version="1" lat="25.01216416488707" lon="121.46446527868076"/>
  <node id="2883" action="modify" visible="true" version="1" lat="25.012179793392693" lon="121.46445428330168"/>
  <node id="2884" action="modify" visible="true" version="1" lat="25.012219056768366" lon="121.46442551205975"/>
  <node id="2885" action="modify" visible="true" version="1" lat="25.01225209576057" lon="121.46440014633109"/>
  <node id="2886" action="modify" visible="true" version="1" lat="25.012289179037197" lon="121.46436941137195"/>
  <node id="2887" action="modify" visible="true" version="1" lat="25.012327752047863" lon="121.4643360200945"/>
  <node id="2888" action="modify" visible="true" version="1" lat="25.01233330155225" lon="121.4643310056986"/>
  <node id="2889" action="modify" visible="true" version="1" lat="25.012370644492098" lon="121.4642942951462"/>
  <node id="2890" action="modify" visible="true" version="1" lat="25.0123911223747" lon="121.46427304998973"/>
  <node id="2891" action="modify" visible="true" version="1" lat="25.012424930614667" lon="121.4642360780276"/>
  <node id="2892" action="modify" visible="true" version="1" lat="25.012449382766444" lon="121.4642082787628"/>
  <node id="2893" action="modify" visible="true" version="1" lat="25.012479440581785" lon="121.46417242879645"/>
  <node id="2894" action="modify" visible="true" version="1" lat="25.012513177973588" lon="121.46413140453404"/>
  <node id="2895" action="modify" visible="true" version="1" lat="25.012532183999156" lon="121.46410792257251"/>
  <node id="2896" action="modify" visible="true" version="1" lat="25.01256165566608" lon="121.46407032178968"/>
  <node id="2897" action="modify" visible="true" version="1" lat="25.012593431948694" lon="121.46402902623606"/>
  <node id="2898" action="modify" visible="true" version="1" lat="25.012603792574804" lon="121.46401544281063"/>
  <node id="2899" action="modify" visible="true" version="1" lat="25.012633106295656" lon="121.46397630860362"/>
  <node id="2900" action="modify" visible="true" version="1" lat="25.012659898032346" lon="121.46393996456385"/>
  <node id="2901" action="modify" visible="true" version="1" lat="25.012687065047654" lon="121.46390240330689"/>
  <node id="2902" action="modify" visible="true" version="1" lat="25.012718030488234" lon="121.46385925093558"/>
  <node id="2903" action="modify" visible="true" version="1" lat="25.012736204506922" lon="121.46383376393432"/>
  <node id="2904" action="modify" visible="true" version="1" lat="25.012765011847407" lon="121.46379244412623"/>
  <node id="2905" action="modify" visible="true" version="1" lat="25.012777056760477" lon="121.46377494045288"/>
  <node id="2906" action="modify" visible="true" version="1" lat="25.012802998581613" lon="121.46373701358159"/>
  <node id="2907" action="modify" visible="true" version="1" lat="25.012833048983815" lon="121.4636928559955"/>
  <node id="2908" action="modify" visible="true" version="1" lat="25.012852619106884" lon="121.4636637631567"/>
  <node id="2909" action="modify" visible="true" version="1" lat="25.01287923170144" lon="121.46362375399059"/>
  <node id="2910" action="modify" visible="true" version="1" lat="25.012938424779392" lon="121.46353476687854"/>
  <node id="2913" action="modify" visible="true" version="1" lat="25.011600414752998" lon="121.46484290706998"/>
  <node id="2914" action="modify" visible="true" version="1" lat="25.011727406044855" lon="121.46477514624979"/>
  <node id="2915" action="modify" visible="true" version="1" lat="25.01176729558665" lon="121.46475340791824"/>
  <node id="2916" action="modify" visible="true" version="1" lat="25.011812295858682" lon="121.46472843295672"/>
  <node id="2917" action="modify" visible="true" version="1" lat="25.011841292280526" lon="121.46471222106076"/>
  <node id="2918" action="modify" visible="true" version="1" lat="25.01188236218885" lon="121.46468894481345"/>
  <node id="2919" action="modify" visible="true" version="1" lat="25.01192000972842" lon="121.4646671948038"/>
  <node id="2920" action="modify" visible="true" version="1" lat="25.0119598283835" lon="121.46464341011"/>
  <node id="2921" action="modify" visible="true" version="1" lat="25.01200263873511" lon="121.46461741376399"/>
  <node id="2922" action="modify" visible="true" version="1" lat="25.012012615983846" lon="121.46461126120263"/>
  <node id="2923" action="modify" visible="true" version="1" lat="25.012052139101385" lon="121.46458641200523"/>
  <node id="2924" action="modify" visible="true" version="1" lat="25.012094421089397" lon="121.46455927210387"/>
  <node id="2925" action="modify" visible="true" version="1" lat="25.012102478753803" lon="121.4645539792302"/>
  <node id="2926" action="modify" visible="true" version="1" lat="25.012141077873352" lon="121.46452796312128"/>
  <node id="2927" action="modify" visible="true" version="1" lat="25.012183533227528" lon="121.4644987238571"/>
  <node id="2928" action="modify" visible="true" version="1" lat="25.012199446654936" lon="121.46448752725539"/>
  <node id="2929" action="modify" visible="true" version="1" lat="25.01223939791265" lon="121.46445825385523"/>
  <node id="2930" action="modify" visible="true" version="1" lat="25.012273415410075" lon="121.46443212905014"/>
  <node id="2931" action="modify" visible="true" version="1" lat="25.01231123052788" lon="121.46440079132144"/>
  <node id="2932" action="modify" visible="true" version="1" lat="25.012350572012085" lon="121.46436673169745"/>
  <node id="2933" action="modify" visible="true" version="1" lat="25.012356406439334" lon="121.46436146038337"/>
  <node id="2934" action="modify" visible="true" version="1" lat="25.012395244815053" lon="121.46432330354335"/>
  <node id="2935" action="modify" visible="true" version="1" lat="25.0124161924107" lon="121.4643015706017"/>
  <node id="2936" action="modify" visible="true" version="1" lat="25.0124506812043" lon="121.46426385842776"/>
  <node id="2937" action="modify" visible="true" version="1" lat="25.01247573331866" lon="121.46423537374841"/>
  <node id="2938" action="modify" visible="true" version="1" lat="25.012506148503075" lon="121.4641990979806"/>
  <node id="2939" action="modify" visible="true" version="1" lat="25.01254008614804" lon="121.46415783117308"/>
  <node id="2940" action="modify" visible="true" version="1" lat="25.012559310339356" lon="121.46413407792032"/>
  <node id="2941" action="modify" visible="true" version="1" lat="25.01258916786739" lon="121.46409598935229"/>
  <node id="2942" action="modify" visible="true" version="1" lat="25.012621092302997" lon="121.46405449976257"/>
  <node id="2943" action="modify" visible="true" version="1" lat="25.01263151886614" lon="121.4640408309972"/>
  <node id="2944" action="modify" visible="true" version="1" lat="25.01266109796597" lon="121.46400134195565"/>
  <node id="2945" action="modify" visible="true" version="1" lat="25.012688098911532" lon="121.46396471494656"/>
  <node id="2946" action="modify" visible="true" version="1" lat="25.01271539861333" lon="121.46392697043326"/>
  <node id="2947" action="modify" visible="true" version="1" lat="25.012746436498613" lon="121.46388371745066"/>
  <node id="2948" action="modify" visible="true" version="1" lat="25.012764688663392" lon="121.46385811995663"/>
  <node id="2949" action="modify" visible="true" version="1" lat="25.012793789874777" lon="121.46381638063528"/>
  <node id="2950" action="modify" visible="true" version="1" lat="25.012805924332206" lon="121.46379874760456"/>
  <node id="2951" action="modify" visible="true" version="1" lat="25.01283189463952" lon="121.46376077671582"/>
  <node id="2952" action="modify" visible="true" version="1" lat="25.012862029697402" lon="121.46371649606051"/>
  <node id="2953" action="modify" visible="true" version="1" lat="25.012881784608556" lon="121.46368712743893"/>
  <node id="2954" action="modify" visible="true" version="1" lat="25.01290839801085" lon="121.46364711917113"/>
  <node id="2955" action="modify" visible="true" version="1" lat="25.012967590260686" lon="121.46355813116075"/>
  <node id="2958" action="modify" visible="true" version="1" lat="25.013023489593863" lon="121.46324831659231"/>
  <node id="2959" action="modify" visible="true" version="1" lat="25.013318400140513" lon="121.46282003040756"/>
  <node id="2960" action="modify" visible="true" version="1" lat="25.013613309164842" lon="121.46239174152787"/>
  <node id="2961" action="modify" visible="true" version="1" lat="25.013052299309145" lon="121.46327220818561"/>
  <node id="2962" action="modify" visible="true" version="1" lat="25.013347208972537" lon="121.46284392110255"/>
  <node id="2963" action="modify" visible="true" version="1" lat="25.013642118741743" lon="121.46241563222286"/>
  <node id="2967" action="modify" visible="true" version="1" lat="25.0130811082036" lon="121.4632960988806"/>
  <node id="2968" action="modify" visible="true" version="1" lat="25.01337601861187" lon="121.46286781269583"/>
  <node id="2969" action="modify" visible="true" version="1" lat="25.013670927497824" lon="121.46243952381614"/>
  <node id="2972" action="modify" visible="true" version="1" lat="25.013109917905364" lon="121.46331999047388"/>
  <node id="2973" action="modify" visible="true" version="1" lat="25.013404828244443" lon="121.46289170339082"/>
  <node id="2974" action="modify" visible="true" version="1" lat="25.013699737061202" lon="121.46246341451113"/>
  <node id="2977" action="modify" visible="true" version="1" lat="25.008861869466593" lon="121.46759423927443"/>
  <node id="2978" action="modify" visible="true" version="1" lat="25.009633086771835" lon="121.46719967764209"/>
  <node id="2979" action="modify" visible="true" version="1" lat="25.01040429516393" lon="121.46680511511141"/>
  <node id="2980" action="modify" visible="true" version="1" lat="25.00887712798091" lon="121.4676301548178"/>
  <node id="2981" action="modify" visible="true" version="1" lat="25.009648345190342" lon="121.46723559318544"/>
  <node id="2982" action="modify" visible="true" version="1" lat="25.010419553486624" lon="121.46684103065478"/>
  <node id="2986" action="modify" visible="true" version="1" lat="25.00889238567924" lon="121.46766606946287"/>
  <node id="2987" action="modify" visible="true" version="1" lat="25.00966360279286" lon="121.46727150872883"/>
  <node id="2988" action="modify" visible="true" version="1" lat="25.010434810993335" lon="121.46687694619817"/>
  <node id="2991" action="modify" visible="true" version="1" lat="25.01404922851921" lon="121.47038847052524"/>
  <node id="2992" action="modify" visible="true" version="1" lat="25.013381885552853" lon="121.46896207970305"/>
  <node id="2993" action="modify" visible="true" version="1" lat="25.014077336276838" lon="121.4703726332268"/>
  <node id="2994" action="modify" visible="true" version="1" lat="25.013409993463245" lon="121.46894624240458"/>
  <node id="2998" action="modify" visible="true" version="1" lat="25.014105444842098" lon="121.47035679503003"/>
  <node id="2999" action="modify" visible="true" version="1" lat="25.013438100553145" lon="121.46893040420781"/>
  <node id="3002" action="modify" visible="true" version="1" lat="25.012347744752912" lon="121.46670644505892"/>
  <node id="3003" action="modify" visible="true" version="1" lat="25.01220303425822" lon="121.46638806864749"/>
  <node id="3004" action="modify" visible="true" version="1" lat="25.01205831870858" lon="121.46606968415124"/>
  <node id="3005" action="modify" visible="true" version="1" lat="25.012376018969913" lon="121.46669096798489"/>
  <node id="3006" action="modify" visible="true" version="1" lat="25.01223130769447" lon="121.46637259157346"/>
  <node id="3007" action="modify" visible="true" version="1" lat="25.012086592178147" lon="121.4660542070772"/>
  <node id="3011" action="modify" visible="true" version="1" lat="25.012404292366327" lon="121.46667549091086"/>
  <node id="3012" action="modify" visible="true" version="1" lat="25.01225958193827" lon="121.46635711449943"/>
  <node id="3013" action="modify" visible="true" version="1" lat="25.01211486645527" lon="121.46603873000319"/>
  <node id="3016" action="modify" visible="true" version="1" lat="25.011813005729337" lon="121.46552984876776"/>
  <node id="3017" action="modify" visible="true" version="1" lat="25.011666475151777" lon="121.46520748832808"/>
  <node id="3018" action="modify" visible="true" version="1" lat="25.011519944399385" lon="121.46488512788835"/>
  <node id="3019" action="modify" visible="true" version="1" lat="25.011841279255382" lon="121.46551437169374"/>
  <node id="3020" action="modify" visible="true" version="1" lat="25.011694749525628" lon="121.46519201035571"/>
  <node id="3021" action="modify" visible="true" version="1" lat="25.0115482179929" lon="121.46486965081432"/>
  <node id="3025" action="modify" visible="true" version="1" lat="25.011869552774915" lon="121.4654988937214"/>
  <node id="3026" action="modify" visible="true" version="1" lat="25.011723023078904" lon="121.46517653328168"/>
  <node id="3027" action="modify" visible="true" version="1" lat="25.011576491579905" lon="121.46485417284198"/>
  <node id="3030" action="modify" visible="true" version="1" lat="25.011993248430503" lon="121.46592650347473"/>
  <node id="3031" action="modify" visible="true" version="1" lat="25.01192160449377" lon="121.46576883566762"/>
  <node id="3032" action="modify" visible="true" version="1" lat="25.011849961329318" lon="121.46561116875885"/>
  <node id="3033" action="modify" visible="true" version="1" lat="25.011830232302472" lon="121.46556775048623"/>
  <node id="3034" action="modify" visible="true" version="1" lat="25.01202152354319" lon="121.46591102999398"/>
  <node id="3035" action="modify" visible="true" version="1" lat="25.011949880437026" lon="121.46575336218689"/>
  <node id="3036" action="modify" visible="true" version="1" lat="25.01187823647499" lon="121.4655956952781"/>
  <node id="3037" action="modify" visible="true" version="1" lat="25.01185850745269" lon="121.46555227610716"/>
  <node id="3041" action="modify" visible="true" version="1" lat="25.012049799463433" lon="121.4658955565132"/>
  <node id="3042" action="modify" visible="true" version="1" lat="25.011978156373765" lon="121.46573788960441"/>
  <node id="3043" action="modify" visible="true" version="1" lat="25.01190651242823" lon="121.46558022179734"/>
  <node id="3044" action="modify" visible="true" version="1" lat="25.0118867825964" lon="121.46553680082977"/>
  <node id="3047" action="modify" visible="true" version="1" lat="25.011426459386158" lon="121.46467103330501"/>
  <node id="3048" action="modify" visible="true" version="1" lat="25.011251822391667" lon="121.46428928793682"/>
  <node id="3049" action="modify" visible="true" version="1" lat="25.01107718921923" lon="121.4639075524501"/>
  <node id="3050" action="modify" visible="true" version="1" lat="25.011454696367856" lon="121.4646554762809"/>
  <node id="3051" action="modify" visible="true" version="1" lat="25.011280060227598" lon="121.46427373091271"/>
  <node id="3052" action="modify" visible="true" version="1" lat="25.011105426281233" lon="121.46389199542598"/>
  <node id="3056" action="modify" visible="true" version="1" lat="25.01148293415714" lon="121.46463992015514"/>
  <node id="3057" action="modify" visible="true" version="1" lat="25.01130829724296" lon="121.46425817388862"/>
  <node id="3058" action="modify" visible="true" version="1" lat="25.01113366415081" lon="121.46387643840191"/>
  <node id="3061" action="modify" visible="true" version="1" lat="25.013185803229856" lon="121.46852226004835"/>
  <node id="3062" action="modify" visible="true" version="1" lat="25.012472516124042" lon="121.46698329954125"/>
  <node id="3063" action="modify" visible="true" version="1" lat="25.01245205779264" lon="121.46693914465011"/>
  <node id="3064" action="modify" visible="true" version="1" lat="25.012443501941757" lon="121.46692067977945"/>
  <node id="3065" action="modify" visible="true" version="1" lat="25.012443098164194" lon="121.46691979314228"/>
  <node id="3066" action="modify" visible="true" version="1" lat="25.013213965727328" lon="121.46850653953088"/>
  <node id="3067" action="modify" visible="true" version="1" lat="25.012500677971023" lon="121.46696757902379"/>
  <node id="3068" action="modify" visible="true" version="1" lat="25.012480222086516" lon="121.46692342952254"/>
  <node id="3069" action="modify" visible="true" version="1" lat="25.012471666237595" lon="121.46690496375356"/>
  <node id="3070" action="modify" visible="true" version="1" lat="25.01247135852009" lon="121.46690428732215"/>
  <node id="3074" action="modify" visible="true" version="1" lat="25.01324212821833" lon="121.46849081991172"/>
  <node id="3075" action="modify" visible="true" version="1" lat="25.012528840625617" lon="121.46695185940463"/>
  <node id="3076" action="modify" visible="true" version="1" lat="25.01250838637393" lon="121.46690771349664"/>
  <node id="3077" action="modify" visible="true" version="1" lat="25.012499830526973" lon="121.46688924772765"/>
  <node id="3078" action="modify" visible="true" version="1" lat="25.01249961968355" lon="121.4668887806037"/>
  <node id="3081" action="modify" visible="true" version="1" lat="25.011032917276765" lon="121.46381009242828"/>
  <node id="3082" action="modify" visible="true" version="1" lat="25.010835203046444" lon="121.46337007694086"/>
  <node id="3083" action="modify" visible="true" version="1" lat="25.01063748686967" lon="121.46293006235179"/>
  <node id="3084" action="modify" visible="true" version="1" lat="25.011061256108547" lon="121.46379475818637"/>
  <node id="3085" action="modify" visible="true" version="1" lat="25.01086354110978" lon="121.46335474180064"/>
  <node id="3086" action="modify" visible="true" version="1" lat="25.010665824978624" lon="121.46291472721155"/>
  <node id="3090" action="modify" visible="true" version="1" lat="25.011089594119717" lon="121.46377942304618"/>
  <node id="3091" action="modify" visible="true" version="1" lat="25.010891879166568" lon="121.46333940755875"/>
  <node id="3092" action="modify" visible="true" version="1" lat="25.010694163081038" lon="121.46289939296966"/>
  <node id="3095" action="modify" visible="true" version="1" lat="25.015366374670872" lon="121.46668809607092"/>
  <node id="3096" action="modify" visible="true" version="1" lat="25.015152209775767" lon="121.46638163760836"/>
  <node id="3097" action="modify" visible="true" version="1" lat="25.014938045321166" lon="121.46607518004416"/>
  <node id="3098" action="modify" visible="true" version="1" lat="25.015391445727534" lon="121.46666699464491"/>
  <node id="3099" action="modify" visible="true" version="1" lat="25.01517728169021" lon="121.46636053618235"/>
  <node id="3100" action="modify" visible="true" version="1" lat="25.014963117279343" lon="121.4660540777198"/>
  <node id="3104" action="modify" visible="true" version="1" lat="25.015416517593128" lon="121.46664589232056"/>
  <node id="3105" action="modify" visible="true" version="1" lat="25.015202353599538" lon="121.46633943385801"/>
  <node id="3106" action="modify" visible="true" version="1" lat="25.01498818841835" lon="121.46603297629379"/>
  <node id="3109" action="modify" visible="true" version="1" lat="25.0154415894536" lon="121.46662479089453"/>
  <node id="3110" action="modify" visible="true" version="1" lat="25.015227425503742" lon="121.46631833153366"/>
  <node id="3111" action="modify" visible="true" version="1" lat="25.01501326036628" lon="121.46601187396944"/>
  <node id="3114" action="modify" visible="true" version="1" lat="25.014495580871465" lon="121.4654464267189"/>
  <node id="3115" action="modify" visible="true" version="1" lat="25.014268300837067" lon="121.4651362213833"/>
  <node id="3116" action="modify" visible="true" version="1" lat="25.01404102038198" lon="121.46482601694602"/>
  <node id="3117" action="modify" visible="true" version="1" lat="25.014520204376282" lon="121.46542469916713"/>
  <node id="3118" action="modify" visible="true" version="1" lat="25.014292924387465" lon="121.4651144938315"/>
  <node id="3119" action="modify" visible="true" version="1" lat="25.014065643977958" lon="121.46480428939424"/>
  <node id="3123" action="modify" visible="true" version="1" lat="25.01454482787617" lon="121.46540297071704"/>
  <node id="3124" action="modify" visible="true" version="1" lat="25.014317547932922" lon="121.46509276538144"/>
  <node id="3125" action="modify" visible="true" version="1" lat="25.014090267568992" lon="121.46478256184247"/>
  <node id="3128" action="modify" visible="true" version="1" lat="25.014569451371116" lon="121.46538124316527"/>
  <node id="3129" action="modify" visible="true" version="1" lat="25.01434217147345" lon="121.46507103782967"/>
  <node id="3130" action="modify" visible="true" version="1" lat="25.014114891155092" lon="121.46476083339239"/>
  <node id="3133" action="modify" visible="true" version="1" lat="25.013389173844757" lon="121.46393645664266"/>
  <node id="3134" action="modify" visible="true" version="1" lat="25.013169807709918" lon="121.46363714607484"/>
  <node id="3135" action="modify" visible="true" version="1" lat="25.013142072585428" lon="121.46360091701942"/>
  <node id="3136" action="modify" visible="true" version="1" lat="25.013109043601432" lon="121.46355980921372"/>
  <node id="3137" action="modify" visible="true" version="1" lat="25.01308717948859" lon="121.46353381825759"/>
  <node id="3138" action="modify" visible="true" version="1" lat="25.0130559788767" lon="121.46349802488511"/>
  <node id="3139" action="modify" visible="true" version="1" lat="25.013036952580617" lon="121.46347619762031"/>
  <node id="3140" action="modify" visible="true" version="1" lat="25.013413794315202" lon="121.46391472549763"/>
  <node id="3141" action="modify" visible="true" version="1" lat="25.013194428224345" lon="121.46361541403148"/>
  <node id="3142" action="modify" visible="true" version="1" lat="25.01316599138321" lon="121.46357826060964"/>
  <node id="3143" action="modify" visible="true" version="1" lat="25.01313250897251" lon="121.46353658866194"/>
  <node id="3144" action="modify" visible="true" version="1" lat="25.013110011522635" lon="121.46350985030752"/>
  <node id="3145" action="modify" visible="true" version="1" lat="25.01307881091655" lon="121.46347405603669"/>
  <node id="3146" action="modify" visible="true" version="1" lat="25.013059783809936" lon="121.46345222877191"/>
  <node id="3150" action="modify" visible="true" version="1" lat="25.013438414780712" lon="121.4638929934543"/>
  <node id="3151" action="modify" visible="true" version="1" lat="25.013219048733834" lon="121.46359368198813"/>
  <node id="3152" action="modify" visible="true" version="1" lat="25.01318990936228" lon="121.46355560419985"/>
  <node id="3153" action="modify" visible="true" version="1" lat="25.013155973525034" lon="121.46351336811014"/>
  <node id="3154" action="modify" visible="true" version="1" lat="25.01313284355244" lon="121.46348588145909"/>
  <node id="3155" action="modify" visible="true" version="1" lat="25.013101642138093" lon="121.46345008718826"/>
  <node id="3156" action="modify" visible="true" version="1" lat="25.013082615849086" lon="121.4634282599235"/>
  <node id="3159" action="modify" visible="true" version="1" lat="25.013463036055345" lon="121.46387126141093"/>
  <node id="3160" action="modify" visible="true" version="1" lat="25.013243669238392" lon="121.46357194994476"/>
  <node id="3161" action="modify" visible="true" version="1" lat="25.013213828150754" lon="121.46353294689176"/>
  <node id="3162" action="modify" visible="true" version="1" lat="25.013179438073085" lon="121.46349014666005"/>
  <node id="3163" action="modify" visible="true" version="1" lat="25.013155674763937" lon="121.46346191261067"/>
  <node id="3164" action="modify" visible="true" version="1" lat="25.01312447416945" lon="121.46342611923819"/>
  <node id="3165" action="modify" visible="true" version="1" lat="25.013105447883976" lon="121.46340429107511"/>
  <node id="3168" action="modify" visible="true" version="1" lat="25.012845738629697" lon="121.46327102690098"/>
  <node id="3169" action="modify" visible="true" version="1" lat="25.012845100402732" lon="121.46327032711339"/>
  <node id="3170" action="modify" visible="true" version="1" lat="25.01279228059762" lon="121.46321735705436"/>
  <node id="3171" action="modify" visible="true" version="1" lat="25.011571708898504" lon="121.46200888314704"/>
  <node id="3172" action="modify" visible="true" version="1" lat="25.011536630468708" lon="121.46197531849477"/>
  <node id="3173" action="modify" visible="true" version="1" lat="25.011527472139484" lon="121.46196776995141"/>
  <node id="3174" action="modify" visible="true" version="1" lat="25.011486788797633" lon="121.46194472367283"/>
  <node id="3175" action="modify" visible="true" version="1" lat="25.011484138172634" lon="121.46194359808376"/>
  <node id="3176" action="modify" visible="true" version="1" lat="25.011442614691745" lon="121.46193329710242"/>
  <node id="3177" action="modify" visible="true" version="1" lat="25.01139844626849" lon="121.46193476764452"/>
  <node id="3178" action="modify" visible="true" version="1" lat="25.01136849646051" lon="121.46194261173359"/>
  <node id="3179" action="modify" visible="true" version="1" lat="25.011337711404277" lon="121.46195628499052"/>
  <node id="3180" action="modify" visible="true" version="1" lat="25.011312256904628" lon="121.46197213576372"/>
  <node id="3181" action="modify" visible="true" version="1" lat="25.011276537723383" lon="121.46200240809046"/>
  <node id="3182" action="modify" visible="true" version="1" lat="25.01127640909947" lon="121.46200256260072"/>
  <node id="3183" action="modify" visible="true" version="1" lat="25.010637886582767" lon="121.46278624476975"/>
  <node id="3184" action="modify" visible="true" version="1" lat="25.012868079827534" lon="121.46324650828365"/>
  <node id="3185" action="modify" visible="true" version="1" lat="25.012866414250833" lon="121.46324473051769"/>
  <node id="3186" action="modify" visible="true" version="1" lat="25.012813445480955" lon="121.46319161223663"/>
  <node id="3187" action="modify" visible="true" version="1" lat="25.0115928739922" lon="121.46198313832933"/>
  <node id="3188" action="modify" visible="true" version="1" lat="25.011556382336778" lon="121.4619482549502"/>
  <node id="3189" action="modify" visible="true" version="1" lat="25.011545227900527" lon="121.46193908854106"/>
  <node id="3190" action="modify" visible="true" version="1" lat="25.01149856926205" lon="121.46191255051092"/>
  <node id="3191" action="modify" visible="true" version="1" lat="25.011495107005572" lon="121.46191108086711"/>
  <node id="3192" action="modify" visible="true" version="1" lat="25.011446072879327" lon="121.4618988314399"/>
  <node id="3193" action="modify" visible="true" version="1" lat="25.0113930172049" lon="121.46190060920584"/>
  <node id="3194" action="modify" visible="true" version="1" lat="25.01135917367562" lon="121.46190948186592"/>
  <node id="3195" action="modify" visible="true" version="1" lat="25.011324075647316" lon="121.46192500655064"/>
  <node id="3196" action="modify" visible="true" version="1" lat="25.011295471487635" lon="121.4619427599556"/>
  <node id="3197" action="modify" visible="true" version="1" lat="25.01125339111528" lon="121.46197880575468"/>
  <node id="3198" action="modify" visible="true" version="1" lat="25.011252855453563" lon="121.46197945074508"/>
  <node id="3199" action="modify" visible="true" version="1" lat="25.0106143328144" lon="121.46276313291409"/>
  <node id="3203" action="modify" visible="true" version="1" lat="25.012890421021304" lon="121.46322198966627"/>
  <node id="3204" action="modify" visible="true" version="1" lat="25.012887728095233" lon="121.46321913302369"/>
  <node id="3205" action="modify" visible="true" version="1" lat="25.0128346111747" lon="121.46316586741891"/>
  <node id="3206" action="modify" visible="true" version="1" lat="25.01161403908225" lon="121.46195739351158"/>
  <node id="3207" action="modify" visible="true" version="1" lat="25.011576134201675" lon="121.46192119140564"/>
  <node id="3208" action="modify" visible="true" version="1" lat="25.011562983659" lon="121.46191040802896"/>
  <node id="3209" action="modify" visible="true" version="1" lat="25.011510349725334" lon="121.4618803764507"/>
  <node id="3210" action="modify" visible="true" version="1" lat="25.011506075837534" lon="121.46187856365047"/>
  <node id="3211" action="modify" visible="true" version="1" lat="25.011449531880892" lon="121.4618643657774"/>
  <node id="3212" action="modify" visible="true" version="1" lat="25.011387588141066" lon="121.46186645166549"/>
  <node id="3213" action="modify" visible="true" version="1" lat="25.011349851704104" lon="121.46187635109989"/>
  <node id="3214" action="modify" visible="true" version="1" lat="25.011310439074766" lon="121.46189372811075"/>
  <node id="3215" action="modify" visible="true" version="1" lat="25.011278686068348" lon="121.46191338324918"/>
  <node id="3216" action="modify" visible="true" version="1" lat="25.011230245316888" lon="121.46195520252061"/>
  <node id="3217" action="modify" visible="true" version="1" lat="25.01122930098906" lon="121.46195633978775"/>
  <node id="3218" action="modify" visible="true" version="1" lat="25.010590779041507" lon="121.46274002105848"/>
  <node id="3221" action="modify" visible="true" version="1" lat="25.012912762211016" lon="121.4631974701506"/>
  <node id="3222" action="modify" visible="true" version="1" lat="25.01290904193593" lon="121.46319353642795"/>
  <node id="3223" action="modify" visible="true" version="1" lat="25.012855776050742" lon="121.46314012260117"/>
  <node id="3224" action="modify" visible="true" version="1" lat="25.011635204168655" lon="121.46193164869385"/>
  <node id="3225" action="modify" visible="true" version="1" lat="25.011595885249324" lon="121.46189412696275"/>
  <node id="3226" action="modify" visible="true" version="1" lat="25.01158073860083" lon="121.46188172661857"/>
  <node id="3227" action="modify" visible="true" version="1" lat="25.011522130187494" lon="121.4618482032888"/>
  <node id="3228" action="modify" visible="true" version="1" lat="25.011517044668516" lon="121.4618460455355"/>
  <node id="3229" action="modify" visible="true" version="1" lat="25.01145299006828" lon="121.46182990011486"/>
  <node id="3230" action="modify" visible="true" version="1" lat="25.011382159076994" lon="121.4618322932268"/>
  <node id="3231" action="modify" visible="true" version="1" lat="25.011340528917803" lon="121.46184322123224"/>
  <node id="3232" action="modify" visible="true" version="1" lat="25.01129680331478" lon="121.46186244967087"/>
  <node id="3233" action="modify" visible="true" version="1" lat="25.011261899832697" lon="121.4618840074411"/>
  <node id="3234" action="modify" visible="true" version="1" lat="25.011207099514134" lon="121.46193160018483"/>
  <node id="3235" action="modify" visible="true" version="1" lat="25.011205747334117" lon="121.46193322793212"/>
  <node id="3236" action="modify" visible="true" version="1" lat="25.01056722526411" lon="121.46271691010115"/>
  <node id="3239" action="modify" visible="true" version="1" lat="25.015633085906618" lon="121.46391060851867"/>
  <node id="3240" action="modify" visible="true" version="1" lat="25.01469508826504" lon="121.46314867725762"/>
  <node id="3241" action="modify" visible="true" version="1" lat="25.01375708752823" lon="121.462386758573"/>
  <node id="3242" action="modify" visible="true" version="1" lat="25.01565456859244" lon="121.46387875605535"/>
  <node id="3243" action="modify" visible="true" version="1" lat="25.01471657111497" lon="121.46311682569258"/>
  <node id="3244" action="modify" visible="true" version="1" lat="25.013778569728213" lon="121.46235490610964"/>
  <node id="3248" action="modify" visible="true" version="1" lat="25.0156760512745" lon="121.46384690359199"/>
  <node id="3249" action="modify" visible="true" version="1" lat="25.014738053961143" lon="121.46308497322926"/>
  <node id="3250" action="modify" visible="true" version="1" lat="25.013800052738492" lon="121.46232305364629"/>
  <node id="3253" action="modify" visible="true" version="1" lat="25.011911202292477" lon="121.46951347370928"/>
  <node id="3254" action="modify" visible="true" version="1" lat="25.01253368025444" lon="121.46909870177967"/>
  <node id="3255" action="modify" visible="true" version="1" lat="25.01315615750326" lon="121.46868392535845"/>
  <node id="3256" action="modify" visible="true" version="1" lat="25.011929943024036" lon="121.4695473464837"/>
  <node id="3257" action="modify" visible="true" version="1" lat="25.012552421705063" lon="121.46913257455408"/>
  <node id="3258" action="modify" visible="true" version="1" lat="25.013174898858896" lon="121.46871779813289"/>
  <node id="3262" action="modify" visible="true" version="1" lat="25.01194868375274" lon="121.46958121925813"/>
  <node id="3263" action="modify" visible="true" version="1" lat="25.012571162338773" lon="121.46916644732849"/>
  <node id="3264" action="modify" visible="true" version="1" lat="25.0131936393976" lon="121.4687516709073"/>
  <node id="3267" action="modify" visible="true" version="1" lat="25.01196742529265" lon="121.4696150911342"/>
  <node id="3268" action="modify" visible="true" version="1" lat="25.012589903783685" lon="121.46920031920459"/>
  <node id="3269" action="modify" visible="true" version="1" lat="25.013212380747515" lon="121.46878554368173"/>
  <node id="3272" action="modify" visible="true" version="1" lat="25.015538724039747" lon="121.46670997543796"/>
  <node id="3273" action="modify" visible="true" version="1" lat="25.01586120513734" lon="121.46644984489127"/>
  <node id="3274" action="modify" visible="true" version="1" lat="25.015895767855465" lon="121.46642155873958"/>
  <node id="3275" action="modify" visible="true" version="1" lat="25.015935570568523" lon="121.46638845671968"/>
  <node id="3276" action="modify" visible="true" version="1" lat="25.015961190174853" lon="121.46636682079608"/>
  <node id="3277" action="modify" visible="true" version="1" lat="25.016091100187143" lon="121.46625580250168"/>
  <node id="3278" action="modify" visible="true" version="1" lat="25.01612492287523" lon="121.46622645813461"/>
  <node id="3279" action="modify" visible="true" version="1" lat="25.016163843905435" lon="121.46619211733793"/>
  <node id="3280" action="modify" visible="true" version="1" lat="25.016188878981374" lon="121.46616967203224"/>
  <node id="3281" action="modify" visible="true" version="1" lat="25.01634664933619" lon="121.4660264482366"/>
  <node id="3282" action="modify" visible="true" version="1" lat="25.016379545574573" lon="121.46599586509275"/>
  <node id="3283" action="modify" visible="true" version="1" lat="25.016417324424093" lon="121.46596001961797"/>
  <node id="3284" action="modify" visible="true" version="1" lat="25.016441684608232" lon="121.46593671192963"/>
  <node id="3285" action="modify" visible="true" version="1" lat="25.01647564233054" lon="121.46590367189346"/>
  <node id="3286" action="modify" visible="true" version="1" lat="25.01650603942934" lon="121.46587351994094"/>
  <node id="3287" action="modify" visible="true" version="1" lat="25.01653761606534" lon="121.46584129827002"/>
  <node id="3288" action="modify" visible="true" version="1" lat="25.016574010183707" lon="121.4658037693524"/>
  <node id="3289" action="modify" visible="true" version="1" lat="25.016597459425853" lon="121.46577939266884"/>
  <node id="3290" action="modify" visible="true" version="1" lat="25.0166307504064" lon="121.46574369092453"/>
  <node id="3291" action="modify" visible="true" version="1" lat="25.01663995475528" lon="121.4657335219955"/>
  <node id="3292" action="modify" visible="true" version="1" lat="25.016669957004172" lon="121.46569953603336"/>
  <node id="3293" action="modify" visible="true" version="1" lat="25.016704526006944" lon="121.4656599841097"/>
  <node id="3294" action="modify" visible="true" version="1" lat="25.01672678102857" lon="121.46563432103866"/>
  <node id="3295" action="modify" visible="true" version="1" lat="25.016756986766012" lon="121.46559777577629"/>
  <node id="3296" action="modify" visible="true" version="1" lat="25.016785632797532" lon="121.46556205067576"/>
  <node id="3297" action="modify" visible="true" version="1" lat="25.016818501240994" lon="121.46552083686885"/>
  <node id="3298" action="modify" visible="true" version="1" lat="25.016839204684537" lon="121.46549469499574"/>
  <node id="3299" action="modify" visible="true" version="1" lat="25.01686913280725" lon="121.46545600814973"/>
  <node id="3300" action="modify" visible="true" version="1" lat="25.016885143312013" lon="121.46543498487713"/>
  <node id="3301" action="modify" visible="true" version="1" lat="25.016912614656746" lon="121.46539851686985"/>
  <node id="3302" action="modify" visible="true" version="1" lat="25.016944297827134" lon="121.46535615142274"/>
  <node id="3303" action="modify" visible="true" version="1" lat="25.016964608069266" lon="121.46532855068564"/>
  <node id="3304" action="modify" visible="true" version="1" lat="25.016992696436656" lon="121.4652897749064"/>
  <node id="3305" action="modify" visible="true" version="1" lat="25.01709348563518" lon="121.46515064024193"/>
  <node id="3306" action="modify" visible="true" version="1" lat="25.017120116033436" lon="121.46511342663298"/>
  <node id="3307" action="modify" visible="true" version="1" lat="25.01715070020106" lon="121.4650700999885"/>
  <node id="3308" action="modify" visible="true" version="1" lat="25.017170335572928" lon="121.46504191624479"/>
  <node id="3309" action="modify" visible="true" version="1" lat="25.01729976483895" lon="121.46485423033415"/>
  <node id="3310" action="modify" visible="true" version="1" lat="25.01732562511507" lon="121.4648163708365"/>
  <node id="3311" action="modify" visible="true" version="1" lat="25.017355374845526" lon="121.464772348896"/>
  <node id="3312" action="modify" visible="true" version="1" lat="25.017374509553147" lon="121.4647437420458"/>
  <node id="3313" action="modify" visible="true" version="1" lat="25.017537918825383" lon="121.46449748328368"/>
  <node id="3314" action="modify" visible="true" version="1" lat="25.01756681946725" lon="121.46445891860854"/>
  <node id="3315" action="modify" visible="true" version="1" lat="25.01759144724035" lon="121.46442595672583"/>
  <node id="3316" action="modify" visible="true" version="1" lat="25.0176111769696" lon="121.46438223661924"/>
  <node id="3317" action="modify" visible="true" version="1" lat="25.017615370869642" lon="121.46436145948506"/>
  <node id="3318" action="modify" visible="true" version="1" lat="25.017611076843494" lon="121.46431185541338"/>
  <node id="3319" action="modify" visible="true" version="1" lat="25.01760986311968" lon="121.46430746175332"/>
  <node id="3320" action="modify" visible="true" version="1" lat="25.017601017018237" lon="121.46428556891154"/>
  <node id="3321" action="modify" visible="true" version="1" lat="25.017573685027283" lon="121.46424626132966"/>
  <node id="3322" action="modify" visible="true" version="1" lat="25.017573512452152" lon="121.46424607178511"/>
  <node id="3323" action="modify" visible="true" version="1" lat="25.017570563208174" lon="121.46424313968404"/>
  <node id="3324" action="modify" visible="true" version="1" lat="25.016979781730928" lon="121.46375172708765"/>
  <node id="3325" action="modify" visible="true" version="1" lat="25.016945422013368" lon="121.46372314449192"/>
  <node id="3326" action="modify" visible="true" version="1" lat="25.016905624511917" lon="121.4636900343872"/>
  <node id="3327" action="modify" visible="true" version="1" lat="25.016879856947693" lon="121.46366859429631"/>
  <node id="3328" action="modify" visible="true" version="1" lat="25.01634534768336" lon="121.46322381594125"/>
  <node id="3329" action="modify" visible="true" version="1" lat="25.015560109870478" lon="121.46674190605475"/>
  <node id="3330" action="modify" visible="true" version="1" lat="25.01588259091191" lon="121.46648177640635"/>
  <node id="3331" action="modify" visible="true" version="1" lat="25.01591747924187" lon="121.46645322435337"/>
  <node id="3332" action="modify" visible="true" version="1" lat="25.015957483830892" lon="121.4664199543485"/>
  <node id="3333" action="modify" visible="true" version="1" lat="25.01598337532341" lon="121.46639808845617"/>
  <node id="3334" action="modify" visible="true" version="1" lat="25.016113286126267" lon="121.46628706926347"/>
  <node id="3335" action="modify" visible="true" version="1" lat="25.016147446636136" lon="121.46625743294393"/>
  <node id="3336" action="modify" visible="true" version="1" lat="25.01618657686821" lon="121.46622290709429"/>
  <node id="3337" action="modify" visible="true" version="1" lat="25.016211894412336" lon="121.46620020756538"/>
  <node id="3338" action="modify" visible="true" version="1" lat="25.016369665551615" lon="121.46605698466806"/>
  <node id="3339" action="modify" visible="true" version="1" lat="25.016403066489513" lon="121.46602593440026"/>
  <node id="3340" action="modify" visible="true" version="1" lat="25.0164410154664" lon="121.46598992633041"/>
  <node id="3341" action="modify" visible="true" version="1" lat="25.01646545216569" lon="121.46596654677684"/>
  <node id="3342" action="modify" visible="true" version="1" lat="25.01649972003096" lon="121.46593320490675"/>
  <node id="3343" action="modify" visible="true" version="1" lat="25.01653049076842" lon="121.4659026801534"/>
  <node id="3344" action="modify" visible="true" version="1" lat="25.016562286374985" lon="121.46587023659859"/>
  <node id="3345" action="modify" visible="true" version="1" lat="25.016598792009535" lon="121.4658325926966"/>
  <node id="3346" action="modify" visible="true" version="1" lat="25.01662236579507" lon="121.46580808665566"/>
  <node id="3347" action="modify" visible="true" version="1" lat="25.016656238807276" lon="121.46577176237882"/>
  <node id="3348" action="modify" visible="true" version="1" lat="25.016665767142037" lon="121.46576123502203"/>
  <node id="3349" action="modify" visible="true" version="1" lat="25.016695964754092" lon="121.46572702717602"/>
  <node id="3350" action="modify" visible="true" version="1" lat="25.016730636318492" lon="121.46568735847138"/>
  <node id="3351" action="modify" visible="true" version="1" lat="25.016753007742967" lon="121.46566155975472"/>
  <node id="3352" action="modify" visible="true" version="1" lat="25.016784047863826" lon="121.46562401466743"/>
  <node id="3353" action="modify" visible="true" version="1" lat="25.016812773664828" lon="121.4655881907522"/>
  <node id="3354" action="modify" visible="true" version="1" lat="25.016845711294295" lon="121.4655468889104"/>
  <node id="3355" action="modify" visible="true" version="1" lat="25.016866527884577" lon="121.46552060420517"/>
  <node id="3356" action="modify" visible="true" version="1" lat="25.016896773475505" lon="121.4654815086257"/>
  <node id="3357" action="modify" visible="true" version="1" lat="25.016912951668495" lon="121.46546026436754"/>
  <node id="3358" action="modify" visible="true" version="1" lat="25.016940473477362" lon="121.46542372988493"/>
  <node id="3359" action="modify" visible="true" version="1" lat="25.016972285258507" lon="121.46538119285961"/>
  <node id="3360" action="modify" visible="true" version="1" lat="25.016992873896832" lon="121.46535321213513"/>
  <node id="3361" action="modify" visible="true" version="1" lat="25.017020963071797" lon="121.4653144363559"/>
  <node id="3362" action="modify" visible="true" version="1" lat="25.017121751433077" lon="121.46517530079313"/>
  <node id="3363" action="modify" visible="true" version="1" lat="25.01714859673083" lon="121.46513778804515"/>
  <node id="3364" action="modify" visible="true" version="1" lat="25.01717931439331" lon="121.46509427275448"/>
  <node id="3365" action="modify" visible="true" version="1" lat="25.017199128848553" lon="121.46506583209259"/>
  <node id="3366" action="modify" visible="true" version="1" lat="25.017328558084216" lon="121.46487814618196"/>
  <node id="3367" action="modify" visible="true" version="1" lat="25.017354579533226" lon="121.4648400504274"/>
  <node id="3368" action="modify" visible="true" version="1" lat="25.017384429382957" lon="121.46479588026487"/>
  <node id="3369" action="modify" visible="true" version="1" lat="25.017403700029863" lon="121.4647670712937"/>
  <node id="3370" action="modify" visible="true" version="1" lat="25.017567108449214" lon="121.4645208125316"/>
  <node id="3371" action="modify" visible="true" version="1" lat="25.017594294729633" lon="121.46448463378188"/>
  <node id="3372" action="modify" visible="true" version="1" lat="25.017620551377952" lon="121.46444941443282"/>
  <node id="3373" action="modify" visible="true" version="1" lat="25.01764593374903" lon="121.46439298226667"/>
  <node id="3374" action="modify" visible="true" version="1" lat="25.01765116716821" lon="121.46436667151032"/>
  <node id="3375" action="modify" visible="true" version="1" lat="25.017645818970355" lon="121.46430105137546"/>
  <node id="3376" action="modify" visible="true" version="1" lat="25.01764414776023" lon="121.46429502188327"/>
  <node id="3377" action="modify" visible="true" version="1" lat="25.017632906775425" lon="121.46426697827674"/>
  <node id="3378" action="modify" visible="true" version="1" lat="25.01759921637618" lon="121.46421823658771"/>
  <node id="3379" action="modify" visible="true" version="1" lat="25.017599035660744" lon="121.46421803806005"/>
  <node id="3380" action="modify" visible="true" version="1" lat="25.017592374424545" lon="121.46421155761358"/>
  <node id="3381" action="modify" visible="true" version="1" lat="25.01700159305225" lon="121.46372014411888"/>
  <node id="3382" action="modify" visible="true" version="1" lat="25.01696723578291" lon="121.46369156331981"/>
  <node id="3383" action="modify" visible="true" version="1" lat="25.0169274399166" lon="121.4636584550117"/>
  <node id="3384" action="modify" visible="true" version="1" lat="25.016901673985032" lon="121.46363701581912"/>
  <node id="3385" action="modify" visible="true" version="1" lat="25.016367164815676" lon="121.4631922383624"/>
  <node id="3389" action="modify" visible="true" version="1" lat="25.01558149569749" lon="121.46677383667154"/>
  <node id="3390" action="modify" visible="true" version="1" lat="25.015903977496794" lon="121.46651370702311"/>
  <node id="3391" action="modify" visible="true" version="1" lat="25.015939190624437" lon="121.46648488996713"/>
  <node id="3392" action="modify" visible="true" version="1" lat="25.01597939627531" lon="121.46645145197732"/>
  <node id="3393" action="modify" visible="true" version="1" lat="25.016005561282007" lon="121.46642935521797"/>
  <node id="3394" action="modify" visible="true" version="1" lat="25.01613547124735" lon="121.46631833602524"/>
  <node id="3395" action="modify" visible="true" version="1" lat="25.016169969578872" lon="121.46628840775325"/>
  <node id="3396" action="modify" visible="true" version="1" lat="25.016209310640825" lon="121.46625369685067"/>
  <node id="3397" action="modify" visible="true" version="1" lat="25.01623490983898" lon="121.46623074309852"/>
  <node id="3398" action="modify" visible="true" version="1" lat="25.016392680948684" lon="121.4660875202012"/>
  <node id="3399" action="modify" visible="true" version="1" lat="25.01642658739994" lon="121.46605600280945"/>
  <node id="3400" action="modify" visible="true" version="1" lat="25.016464707318168" lon="121.46601983304285"/>
  <node id="3401" action="modify" visible="true" version="1" lat="25.01648921890451" lon="121.46599638072576"/>
  <node id="3402" action="modify" visible="true" version="1" lat="25.01652379691262" lon="121.46596273881833"/>
  <node id="3403" action="modify" visible="true" version="1" lat="25.016554942916677" lon="121.46593184126414"/>
  <node id="3404" action="modify" visible="true" version="1" lat="25.01658695586564" lon="121.46589917492717"/>
  <node id="3405" action="modify" visible="true" version="1" lat="25.016623573016332" lon="121.46586141604082"/>
  <node id="3406" action="modify" visible="true" version="1" lat="25.016647272159236" lon="121.46583678064246"/>
  <node id="3407" action="modify" visible="true" version="1" lat="25.016681727202858" lon="121.46579983383315"/>
  <node id="3408" action="modify" visible="true" version="1" lat="25.016691578709324" lon="121.46578894715022"/>
  <node id="3409" action="modify" visible="true" version="1" lat="25.016721973312546" lon="121.46575451921696"/>
  <node id="3410" action="modify" visible="true" version="1" lat="25.016756746624488" lon="121.46571473283304"/>
  <node id="3411" action="modify" visible="true" version="1" lat="25.01677923526581" lon="121.46568879936909"/>
  <node id="3412" action="modify" visible="true" version="1" lat="25.01681110895568" lon="121.46565025266024"/>
  <node id="3413" action="modify" visible="true" version="1" lat="25.016839913712094" lon="121.46561432993035"/>
  <node id="3414" action="modify" visible="true" version="1" lat="25.016872921341562" lon="121.46557294095196"/>
  <node id="3415" action="modify" visible="true" version="1" lat="25.01689385107854" lon="121.46554651251628"/>
  <node id="3416" action="modify" visible="true" version="1" lat="25.01692441413754" lon="121.46550700910167"/>
  <node id="3417" action="modify" visible="true" version="1" lat="25.016940760018684" lon="121.46548554475628"/>
  <node id="3418" action="modify" visible="true" version="1" lat="25.016968332291654" lon="121.46544894290001"/>
  <node id="3419" action="modify" visible="true" version="1" lat="25.01700027186946" lon="121.46540623429645"/>
  <node id="3420" action="modify" visible="true" version="1" lat="25.01702113971789" lon="121.4653778726863"/>
  <node id="3421" action="modify" visible="true" version="1" lat="25.01704922888639" lon="121.46533909780538"/>
  <node id="3422" action="modify" visible="true" version="1" lat="25.01715001722447" lon="121.46519996224262"/>
  <node id="3423" action="modify" visible="true" version="1" lat="25.01717707823566" lon="121.46516214945736"/>
  <node id="3424" action="modify" visible="true" version="1" lat="25.01720792857889" lon="121.46511844552049"/>
  <node id="3425" action="modify" visible="true" version="1" lat="25.017227922117424" lon="121.46508974704209"/>
  <node id="3426" action="modify" visible="true" version="1" lat="25.017357351322737" lon="121.46490206113145"/>
  <node id="3427" action="modify" visible="true" version="1" lat="25.01738353475859" lon="121.46486372911997"/>
  <node id="3428" action="modify" visible="true" version="1" lat="25.01741348472755" lon="121.46481941163374"/>
  <node id="3429" action="modify" visible="true" version="1" lat="25.017432889685605" lon="121.46479039964332"/>
  <node id="3430" action="modify" visible="true" version="1" lat="25.017596298066103" lon="121.46454414267785"/>
  <node id="3431" action="modify" visible="true" version="1" lat="25.01762176917183" lon="121.46451034985351"/>
  <node id="3432" action="modify" visible="true" version="1" lat="25.017649655508656" lon="121.46447287213985"/>
  <node id="3433" action="modify" visible="true" version="1" lat="25.017680690518624" lon="121.46440372881243"/>
  <node id="3434" action="modify" visible="true" version="1" lat="25.0176869626423" lon="121.46437188443392"/>
  <node id="3435" action="modify" visible="true" version="1" lat="25.01768056108738" lon="121.46429024733753"/>
  <node id="3436" action="modify" visible="true" version="1" lat="25.017678432391207" lon="121.46428258201323"/>
  <node id="3437" action="modify" visible="true" version="1" lat="25.01766479733837" lon="121.46424838854026"/>
  <node id="3438" action="modify" visible="true" version="1" lat="25.017624747719772" lon="121.46419021184582"/>
  <node id="3439" action="modify" visible="true" version="1" lat="25.01762455886404" lon="121.46419000433498"/>
  <node id="3440" action="modify" visible="true" version="1" lat="25.01761418645107" lon="121.46417997464484"/>
  <node id="3441" action="modify" visible="true" version="1" lat="25.017023404369695" lon="121.46368856204845"/>
  <node id="3442" action="modify" visible="true" version="1" lat="25.01698904954857" lon="121.46365998304599"/>
  <node id="3443" action="modify" visible="true" version="1" lat="25.016949255317403" lon="121.46362687473787"/>
  <node id="3444" action="modify" visible="true" version="1" lat="25.01692349183253" lon="121.46360543824024"/>
  <node id="3445" action="modify" visible="true" version="1" lat="25.01638898194412" lon="121.46316066078352"/>
  <node id="3448" action="modify" visible="true" version="1" lat="25.01560288152078" lon="121.46680576818662"/>
  <node id="3449" action="modify" visible="true" version="1" lat="25.015925363263918" lon="121.4665456376399"/>
  <node id="3450" action="modify" visible="true" version="1" lat="25.015960902003158" lon="121.46651655558091"/>
  <node id="3451" action="modify" visible="true" version="1" lat="25.01600130952985" lon="121.4664829496061"/>
  <node id="3452" action="modify" visible="true" version="1" lat="25.016027746422548" lon="121.46646062197973"/>
  <node id="3453" action="modify" visible="true" version="1" lat="25.01615765717846" lon="121.46634960368536"/>
  <node id="3454" action="modify" visible="true" version="1" lat="25.01619249333152" lon="121.46631938256256"/>
  <node id="3455" action="modify" visible="true" version="1" lat="25.0162320435952" lon="121.46628448660702"/>
  <node id="3456" action="modify" visible="true" version="1" lat="25.01625792607535" lon="121.46626127952997"/>
  <node id="3457" action="modify" visible="true" version="1" lat="25.01641569715548" lon="121.46611805573433"/>
  <node id="3458" action="modify" visible="true" version="1" lat="25.01645010830587" lon="121.46608607121864"/>
  <node id="3459" action="modify" visible="true" version="1" lat="25.016488399165375" lon="121.46604973975529"/>
  <node id="3460" action="modify" visible="true" version="1" lat="25.016512986452764" lon="121.46602621557297"/>
  <node id="3461" action="modify" visible="true" version="1" lat="25.016547874603596" lon="121.46599227272995"/>
  <node id="3462" action="modify" visible="true" version="1" lat="25.016579395060056" lon="121.46596100147657"/>
  <node id="3463" action="modify" visible="true" version="1" lat="25.016611626165382" lon="121.46592811415404"/>
  <node id="3464" action="modify" visible="true" version="1" lat="25.01664835483216" lon="121.46589023938502"/>
  <node id="3465" action="modify" visible="true" version="1" lat="25.016672177704304" lon="121.46586547462928"/>
  <node id="3466" action="modify" visible="true" version="1" lat="25.016707215593158" lon="121.46582790528745"/>
  <node id="3467" action="modify" visible="true" version="1" lat="25.01671739108523" lon="121.46581666017674"/>
  <node id="3468" action="modify" visible="true" version="1" lat="25.01674798105145" lon="121.46578201035959"/>
  <node id="3469" action="modify" visible="true" version="1" lat="25.016782856924923" lon="121.46574210719467"/>
  <node id="3470" action="modify" visible="true" version="1" lat="25.01680546196901" lon="121.46571603898343"/>
  <node id="3471" action="modify" visible="true" version="1" lat="25.016838170041567" lon="121.46567649155136"/>
  <node id="3472" action="modify" visible="true" version="1" lat="25.01686705456738" lon="121.46564047000679"/>
  <node id="3473" action="modify" visible="true" version="1" lat="25.016900132196838" lon="121.46559899299349"/>
  <node id="3474" action="modify" visible="true" version="1" lat="25.01692117508046" lon="121.46557242172572"/>
  <node id="3475" action="modify" visible="true" version="1" lat="25.016952054793354" lon="121.46553250957766"/>
  <node id="3476" action="modify" visible="true" version="1" lat="25.016968568362575" lon="121.46551082424668"/>
  <node id="3477" action="modify" visible="true" version="1" lat="25.016996191099622" lon="121.4654741559151"/>
  <node id="3478" action="modify" visible="true" version="1" lat="25.017028259288075" lon="121.46543127573332"/>
  <node id="3479" action="modify" visible="true" version="1" lat="25.017049405532447" lon="121.4654025341358"/>
  <node id="3480" action="modify" visible="true" version="1" lat="25.017077494694476" lon="121.46536375835659"/>
  <node id="3481" action="modify" visible="true" version="1" lat="25.017178283009354" lon="121.4652246236921"/>
  <node id="3482" action="modify" visible="true" version="1" lat="25.017205558919844" lon="121.46518651086954"/>
  <node id="3483" action="modify" visible="true" version="1" lat="25.01723654275781" lon="121.46514261828645"/>
  <node id="3484" action="modify" visible="true" version="1" lat="25.01725671537955" lon="121.46511366199158"/>
  <node id="3485" action="modify" visible="true" version="1" lat="25.017386144554504" lon="121.46492597608098"/>
  <node id="3486" action="modify" visible="true" version="1" lat="25.01741248916309" lon="121.46488740871085"/>
  <node id="3487" action="modify" visible="true" version="1" lat="25.017442539251235" lon="121.4648429421043"/>
  <node id="3488" action="modify" visible="true" version="1" lat="25.017462079334408" lon="121.46481372889126"/>
  <node id="3489" action="modify" visible="true" version="1" lat="25.01762548686202" lon="121.46456747192579"/>
  <node id="3490" action="modify" visible="true" version="1" lat="25.01764924360788" lon="121.46453606502682"/>
  <node id="3491" action="modify" visible="true" version="1" lat="25.01767876044649" lon="121.46449632984685"/>
  <node id="3492" action="modify" visible="true" version="1" lat="25.01771544727837" lon="121.46441447445986"/>
  <node id="3493" action="modify" visible="true" version="1" lat="25.017722758919998" lon="121.4643770964592"/>
  <node id="3494" action="modify" visible="true" version="1" lat="25.017715303194578" lon="121.4642794432996"/>
  <node id="3495" action="modify" visible="true" version="1" lat="25.017712717012614" lon="121.46427014304147"/>
  <node id="3496" action="modify" visible="true" version="1" lat="25.01769668707899" lon="121.46422979790543"/>
  <node id="3497" action="modify" visible="true" version="1" lat="25.017650278244016" lon="121.46416218710388"/>
  <node id="3498" action="modify" visible="true" version="1" lat="25.017650082062023" lon="121.46416197150823"/>
  <node id="3499" action="modify" visible="true" version="1" lat="25.01763599847372" lon="121.46414839167609"/>
  <node id="3500" action="modify" visible="true" version="1" lat="25.0170452164973" lon="121.4636569790797"/>
  <node id="3501" action="modify" visible="true" version="1" lat="25.017010864124394" lon="121.46362840187385"/>
  <node id="3502" action="modify" visible="true" version="1" lat="25.01697107071434" lon="121.46359529536238"/>
  <node id="3503" action="modify" visible="true" version="1" lat="25.016945308862116" lon="121.46357385976307"/>
  <node id="3504" action="modify" visible="true" version="1" lat="25.016410799068684" lon="121.46312908230632"/>
  <node id="3507" action="modify" visible="true" version="1" lat="25.013310508624524" lon="121.46858210940586"/>
  <node id="3508" action="modify" visible="true" version="1" lat="25.013737671406478" lon="121.46822224340471"/>
  <node id="3509" action="modify" visible="true" version="1" lat="25.014164833516528" lon="121.46786237560697"/>
  <node id="3510" action="modify" visible="true" version="1" lat="25.0142010321507" lon="121.4678318795997"/>
  <node id="3511" action="modify" visible="true" version="1" lat="25.014235053174993" lon="121.46780321885055"/>
  <node id="3512" action="modify" visible="true" version="1" lat="25.014239605374886" lon="121.46779938394262"/>
  <node id="3513" action="modify" visible="true" version="1" lat="25.013332496434995" lon="121.46861354325428"/>
  <node id="3514" action="modify" visible="true" version="1" lat="25.013759659954516" lon="121.46825367725313"/>
  <node id="3515" action="modify" visible="true" version="1" lat="25.014186821988076" lon="121.46789380945538"/>
  <node id="3516" action="modify" visible="true" version="1" lat="25.014223020615773" lon="121.46786331344812"/>
  <node id="3517" action="modify" visible="true" version="1" lat="25.014257040819906" lon="121.46783465359728"/>
  <node id="3518" action="modify" visible="true" version="1" lat="25.014261593018986" lon="121.46783081868932"/>
  <node id="3522" action="modify" visible="true" version="1" lat="25.013354485055586" lon="121.46864497710268"/>
  <node id="3523" action="modify" visible="true" version="1" lat="25.01378164849862" lon="121.46828511110155"/>
  <node id="3524" action="modify" visible="true" version="1" lat="25.014208811269743" lon="121.4679252433038"/>
  <node id="3525" action="modify" visible="true" version="1" lat="25.014245008262844" lon="121.46789474729653"/>
  <node id="3526" action="modify" visible="true" version="1" lat="25.014279029274945" lon="121.46786608744573"/>
  <node id="3527" action="modify" visible="true" version="1" lat="25.014283580659153" lon="121.46786225253777"/>
  <node id="3530" action="modify" visible="true" version="1" lat="25.01337647367224" lon="121.4686764109511"/>
  <node id="3531" action="modify" visible="true" version="1" lat="25.013803637038784" lon="121.46831654494999"/>
  <node id="3532" action="modify" visible="true" version="1" lat="25.01423079973342" lon="121.46795667715222"/>
  <node id="3533" action="modify" visible="true" version="1" lat="25.014266996720036" lon="121.46792618204327"/>
  <node id="3534" action="modify" visible="true" version="1" lat="25.01430101691199" lon="121.46789752219246"/>
  <node id="3535" action="modify" visible="true" version="1" lat="25.01430556910944" lon="121.4678936872845"/>
  <node id="3538" action="modify" visible="true" version="1" lat="25.01429022172348" lon="121.46775674361102"/>
  <node id="3539" action="modify" visible="true" version="1" lat="25.014340834795004" lon="121.46771410507606"/>
  <node id="3540" action="modify" visible="true" version="1" lat="25.014312209358526" lon="121.46778817745944"/>
  <node id="3541" action="modify" visible="true" version="1" lat="25.014362822420974" lon="121.46774553982279"/>
  <node id="3545" action="modify" visible="true" version="1" lat="25.01433419698963" lon="121.46781961220617"/>
  <node id="3546" action="modify" visible="true" version="1" lat="25.01438481085707" lon="121.4677769736712"/>
  <node id="3549" action="modify" visible="true" version="1" lat="25.01435618543085" lon="121.46785104605459"/>
  <node id="3550" action="modify" visible="true" version="1" lat="25.014406798475168" lon="121.46780840841794"/>
  <node id="3553" action="modify" visible="true" version="1" lat="25.01502106629753" lon="121.46714104280684"/>
  <node id="3554" action="modify" visible="true" version="1" lat="25.015159591578314" lon="121.46702433997335"/>
  <node id="3555" action="modify" visible="true" version="1" lat="25.01529811019042" lon="121.46690764342806"/>
  <node id="3556" action="modify" visible="true" version="1" lat="25.015043054615752" lon="121.46717247755359"/>
  <node id="3557" action="modify" visible="true" version="1" lat="25.015181579871726" lon="121.46705577472008"/>
  <node id="3558" action="modify" visible="true" version="1" lat="25.015320099273076" lon="121.46693907727646"/>
  <node id="3562" action="modify" visible="true" version="1" lat="25.015065042930036" lon="121.467203911402"/>
  <node id="3563" action="modify" visible="true" version="1" lat="25.0152035681612" lon="121.4670872085685"/>
  <node id="3564" action="modify" visible="true" version="1" lat="25.015342087537746" lon="121.46697051202321"/>
  <node id="3567" action="modify" visible="true" version="1" lat="25.015225556446737" lon="121.46711864331523"/>
  <node id="3568" action="modify" visible="true" version="1" lat="25.015364075798473" lon="121.46700194587162"/>
  <node id="3571" action="modify" visible="true" version="1" lat="25.01620146896724" lon="121.46310415854877"/>
  <node id="3572" action="modify" visible="true" version="1" lat="25.014334279209198" lon="121.46155137925766"/>
  <node id="3573" action="modify" visible="true" version="1" lat="25.014295177692805" lon="121.4615248385326"/>
  <node id="3574" action="modify" visible="true" version="1" lat="25.01429166504374" lon="121.4615229457823"/>
  <node id="3575" action="modify" visible="true" version="1" lat="25.014252217540125" lon="121.46150927611862"/>
  <node id="3576" action="modify" visible="true" version="1" lat="25.01420800454028" lon="121.46150896979312"/>
  <node id="3577" action="modify" visible="true" version="1" lat="25.014184151069948" lon="121.46151532178047"/>
  <node id="3578" action="modify" visible="true" version="1" lat="25.01414412229552" lon="121.46153788476548"/>
  <node id="3579" action="modify" visible="true" version="1" lat="25.014132515478927" lon="121.46154712483647"/>
  <node id="3580" action="modify" visible="true" version="1" lat="25.014100201503105" lon="121.46158191119757"/>
  <node id="3581" action="modify" visible="true" version="1" lat="25.014099746445424" lon="121.46158249330585"/>
  <node id="3582" action="modify" visible="true" version="1" lat="25.014073379960557" lon="121.46162267584683"/>
  <node id="3583" action="modify" visible="true" version="1" lat="25.01368684805901" lon="121.4622306259867"/>
  <node id="3584" action="modify" visible="true" version="1" lat="25.0162232779847" lon="121.46307257378339"/>
  <node id="3585" action="modify" visible="true" version="1" lat="25.014356088558305" lon="121.46151979449229"/>
  <node id="3586" action="modify" visible="true" version="1" lat="25.01431160532951" lon="121.46148954821668"/>
  <node id="3587" action="modify" visible="true" version="1" lat="25.014306957073757" lon="121.46148704551028"/>
  <node id="3588" action="modify" visible="true" version="1" lat="25.014258765803806" lon="121.46147030540496"/>
  <node id="3589" action="modify" visible="true" version="1" lat="25.014201633738097" lon="121.46146996314683"/>
  <node id="3590" action="modify" visible="true" version="1" lat="25.014172870693667" lon="121.4614776769802"/>
  <node id="3591" action="modify" visible="true" version="1" lat="25.01412362598196" lon="121.46150525885267"/>
  <node id="3592" action="modify" visible="true" version="1" lat="25.014110320227275" lon="121.46151586615956"/>
  <node id="3593" action="modify" visible="true" version="1" lat="25.014072837798683" lon="121.46155605409042"/>
  <node id="3594" action="modify" visible="true" version="1" lat="25.01407230947578" lon="121.4615567305218"/>
  <node id="3595" action="modify" visible="true" version="1" lat="25.014043766196465" lon="121.4615999996741"/>
  <node id="3596" action="modify" visible="true" version="1" lat="25.013657234201705" lon="121.46220794981399"/>
  <node id="3600" action="modify" visible="true" version="1" lat="25.016245086998282" lon="121.46304098991631"/>
  <node id="3601" action="modify" visible="true" version="1" lat="25.01437789708948" lon="121.46148821062522"/>
  <node id="3602" action="modify" visible="true" version="1" lat="25.014328032964006" lon="121.46145425790073"/>
  <node id="3603" action="modify" visible="true" version="1" lat="25.014322248287804" lon="121.46145114613658"/>
  <node id="3604" action="modify" visible="true" version="1" lat="25.014265314881197" lon="121.46143133469131"/>
  <node id="3605" action="modify" visible="true" version="1" lat="25.014195262935587" lon="121.46143095739887"/>
  <node id="3606" action="modify" visible="true" version="1" lat="25.01416159031636" lon="121.46144003217991"/>
  <node id="3607" action="modify" visible="true" version="1" lat="25.014103129664967" lon="121.46147263293987"/>
  <node id="3608" action="modify" visible="true" version="1" lat="25.014088124971614" lon="121.4614846074826"/>
  <node id="3609" action="modify" visible="true" version="1" lat="25.014045474088164" lon="121.46153019698328"/>
  <node id="3610" action="modify" visible="true" version="1" lat="25.0140448725" lon="121.46153096683949"/>
  <node id="3611" action="modify" visible="true" version="1" lat="25.01401415242524" lon="121.4615773235014"/>
  <node id="3612" action="modify" visible="true" version="1" lat="25.013627620337257" lon="121.46218527453959"/>
  <node id="3615" action="modify" visible="true" version="1" lat="25.01626689600799" lon="121.46300940515093"/>
  <node id="3616" action="modify" visible="true" version="1" lat="25.014399705616785" lon="121.46145662585981"/>
  <node id="3617" action="modify" visible="true" version="1" lat="25.014344459782254" lon="121.46141896848312"/>
  <node id="3618" action="modify" visible="true" version="1" lat="25.01433754031401" lon="121.46141524676288"/>
  <node id="3619" action="modify" visible="true" version="1" lat="25.014271863144188" lon="121.46139236307934"/>
  <node id="3620" action="modify" visible="true" version="1" lat="25.014188892132744" lon="121.46139195075261"/>
  <node id="3621" action="modify" visible="true" version="1" lat="25.014150309123952" lon="121.4614023873796"/>
  <node id="3622" action="modify" visible="true" version="1" lat="25.014082633344557" lon="121.46144000702706"/>
  <node id="3623" action="modify" visible="true" version="1" lat="25.01406593052599" lon="121.46145334880568"/>
  <node id="3624" action="modify" visible="true" version="1" lat="25.014018110371538" lon="121.46150433987613"/>
  <node id="3625" action="modify" visible="true" version="1" lat="25.01401743470404" lon="121.46150520405543"/>
  <node id="3626" action="modify" visible="true" version="1" lat="25.013984538646863" lon="121.46155464822698"/>
  <node id="3627" action="modify" visible="true" version="1" lat="25.013598006465667" lon="121.46216259836689"/>
  <node id="3630" action="modify" visible="true" version="1" lat="25.01557633626836" lon="121.46838190367511"/>
  <node id="3631" action="modify" visible="true" version="1" lat="25.015731694578342" lon="121.46835189994464"/>
  <node id="3632" action="modify" visible="true" version="1" lat="25.015887053505793" lon="121.46832189621414"/>
  <node id="3633" action="modify" visible="true" version="1" lat="25.015582593846702" lon="121.46842093188093"/>
  <node id="3634" action="modify" visible="true" version="1" lat="25.01573795296281" lon="121.46839092904877"/>
  <node id="3635" action="modify" visible="true" version="1" lat="25.01589331188234" lon="121.46836092531827"/>
  <node id="3639" action="modify" visible="true" version="1" lat="25.015372223607695" lon="121.46684525812651"/>
  <node id="3640" action="modify" visible="true" version="1" lat="25.01541604544531" lon="121.46680861315113"/>
  <node id="3641" action="modify" visible="true" version="1" lat="25.015446884834365" lon="121.46678341271247"/>
  <node id="3642" action="modify" visible="true" version="1" lat="25.015474909239213" lon="121.46676102849221"/>
  <node id="3643" action="modify" visible="true" version="1" lat="25.01551028774151" lon="121.46673282947711"/>
  <node id="3644" action="modify" visible="true" version="1" lat="25.015394212677077" lon="121.46687669197493"/>
  <node id="3645" action="modify" visible="true" version="1" lat="25.01543778378012" lon="121.46684025630701"/>
  <node id="3646" action="modify" visible="true" version="1" lat="25.015468258470385" lon="121.46681535410902"/>
  <node id="3647" action="modify" visible="true" version="1" lat="25.01549609156921" lon="121.46679312260235"/>
  <node id="3648" action="modify" visible="true" version="1" lat="25.015531569379156" lon="121.46676484453553"/>
  <node id="3652" action="modify" visible="true" version="1" lat="25.01541620092847" lon="121.46690812582334"/>
  <node id="3653" action="modify" visible="true" version="1" lat="25.015459522111083" lon="121.4668718994629"/>
  <node id="3654" action="modify" visible="true" version="1" lat="25.015489632102685" lon="121.46684729460725"/>
  <node id="3655" action="modify" visible="true" version="1" lat="25.015517274709595" lon="121.46682521581421"/>
  <node id="3656" action="modify" visible="true" version="1" lat="25.01555285101312" lon="121.46679685959394"/>
  <node id="3659" action="modify" visible="true" version="1" lat="25.01543818998998" lon="121.46693955967176"/>
  <node id="3660" action="modify" visible="true" version="1" lat="25.015481259624142" lon="121.46690354261878"/>
  <node id="3661" action="modify" visible="true" version="1" lat="25.015511005731263" lon="121.46687923510551"/>
  <node id="3662" action="modify" visible="true" version="1" lat="25.015538457032275" lon="121.46685730992436"/>
  <node id="3663" action="modify" visible="true" version="1" lat="25.015574132643383" lon="121.46682887465236"/>
  <node id="3666" action="modify" visible="true" version="1" lat="25.015406417699708" lon="121.46680706355725"/>
  <node id="3667" action="modify" visible="true" version="1" lat="25.01542186914428" lon="121.46676588478462"/>
  <node id="3668" action="modify" visible="true" version="1" lat="25.01541857794849" lon="121.46672172270695"/>
  <node id="3669" action="modify" visible="true" version="1" lat="25.015396544924876" lon="121.46667457732421"/>
  <node id="3670" action="modify" visible="true" version="1" lat="25.01543246723372" lon="121.46682668635631"/>
  <node id="3671" action="modify" visible="true" version="1" lat="25.015453085435965" lon="121.46677124233697"/>
  <node id="3672" action="modify" visible="true" version="1" lat="25.015448805173005" lon="121.46671162654148"/>
  <node id="3673" action="modify" visible="true" version="1" lat="25.01542232501112" lon="121.46665452962202"/>
  <node id="3677" action="modify" visible="true" version="1" lat="25.015397994744507" lon="121.46681110058614"/>
  <node id="3678" action="modify" visible="true" version="1" lat="25.01540276669427" lon="121.46676974394708"/>
  <node id="3679" action="modify" visible="true" version="1" lat="25.015386539459396" lon="121.46672118731105"/>
  <node id="3680" action="modify" visible="true" version="1" lat="25.015426873096757" lon="121.46682516910181"/>
  <node id="3681" action="modify" visible="true" version="1" lat="25.015434058697256" lon="121.46676494245192"/>
  <node id="3682" action="modify" visible="true" version="1" lat="25.015414079519477" lon="121.46670419118585"/>
  <node id="3686" action="modify" visible="true" version="1" lat="25.01532380075199" lon="121.46677070065287"/>
  <node id="3687" action="modify" visible="true" version="1" lat="25.015289450339594" lon="121.46675848087008"/>
  <node id="3691" action="modify" visible="true" version="1" lat="25.015400554111647" lon="121.46672534381585"/>
  <node id="3692" action="modify" visible="true" version="1" lat="25.015437788664403" lon="121.46674363710831"/>
  <node id="3693" action="modify" visible="true" version="1" lat="25.015477973314226" lon="121.46674282772622"/>
  <node id="3694" action="modify" visible="true" version="1" lat="25.015521108058216" lon="121.46672291387301"/>
  <node id="3695" action="modify" visible="true" version="1" lat="25.01537965831014" lon="121.46675766340316"/>
  <node id="3696" action="modify" visible="true" version="1" lat="25.015430510262668" lon="121.46678245241343"/>
  <node id="3697" action="modify" visible="true" version="1" lat="25.015485954236148" lon="121.46678147594471"/>
  <node id="3698" action="modify" visible="true" version="1" lat="25.01553972857392" lon="121.4667568674958"/>
  <node id="3702" action="modify" visible="true" version="1" lat="25.01535876250508" lon="121.46678998299045"/>
  <node id="3703" action="modify" visible="true" version="1" lat="25.015423231860492" lon="121.46682126771853"/>
  <node id="3704" action="modify" visible="true" version="1" lat="25.015493935971598" lon="121.46682012416318"/>
  <node id="3705" action="modify" visible="true" version="1" lat="25.015558349086792" lon="121.46679082111862"/>
  <node id="3708" action="modify" visible="true" version="1" lat="25.015366319315586" lon="121.4666880179175"/>
  <node id="3709" action="modify" visible="true" version="1" lat="25.015341248253794" lon="121.46670912024183"/>
  <node id="3713" action="modify" visible="true" version="1" lat="25.015450907044258" lon="121.46666644577425"/>
  <node id="3714" action="modify" visible="true" version="1" lat="25.015416644584604" lon="121.46664607288194"/>
  <node id="3715" action="modify" visible="true" version="1" lat="25.01545083296592" lon="121.46663177080431"/>
  <node id="3716" action="modify" visible="true" version="1" lat="25.015441659461715" lon="121.46662489060753"/>
  <node id="3720" action="modify" visible="true" version="1" lat="25.015493007957506" lon="121.46674676055055"/>
  <node id="3721" action="modify" visible="true" version="1" lat="25.015459487921074" lon="121.46677366778826"/>
  <node id="3722" action="modify" visible="true" version="1" lat="25.015431618995855" lon="121.46679618855242"/>
  <node id="3723" action="modify" visible="true" version="1" lat="25.015402552599625" lon="121.4668200612811"/>
  <node id="3724" action="modify" visible="true" version="1" lat="25.01536543932938" lon="121.46685102171737"/>
  <node id="3725" action="modify" visible="true" version="1" lat="25.015471687238886" lon="121.46671477693319"/>
  <node id="3726" action="modify" visible="true" version="1" lat="25.01543814928759" lon="121.46674169854391"/>
  <node id="3727" action="modify" visible="true" version="1" lat="25.01541010940744" lon="121.46676435854697"/>
  <node id="3728" action="modify" visible="true" version="1" lat="25.01538080041976" lon="121.46678842980332"/>
  <node id="3729" action="modify" visible="true" version="1" lat="25.015343512122524" lon="121.46681953666499"/>
  <node id="3733" action="modify" visible="true" version="1" lat="25.01545036651657" lon="121.46668279331581"/>
  <node id="3734" action="modify" visible="true" version="1" lat="25.01541681065039" lon="121.46670973019789"/>
  <node id="3735" action="modify" visible="true" version="1" lat="25.015388599001213" lon="121.46673252764319"/>
  <node id="3736" action="modify" visible="true" version="1" lat="25.015359047421995" lon="121.46675679832553"/>
  <node id="3737" action="modify" visible="true" version="1" lat="25.015321584911757" lon="121.46678805071427"/>
  <node id="3740" action="modify" visible="true" version="1" lat="25.0154290466046" lon="121.46665080969842"/>
  <node id="3741" action="modify" visible="true" version="1" lat="25.015395472009487" lon="121.46667776095357"/>
  <node id="3742" action="modify" visible="true" version="1" lat="25.01536708859122" lon="121.46670069763773"/>
  <node id="3743" action="modify" visible="true" version="1" lat="25.015337295234424" lon="121.46672516684775"/>
  <node id="3744" action="modify" visible="true" version="1" lat="25.015299657697074" lon="121.46675656566188"/>
  <node id="3747" action="modify" visible="true" version="1" lat="25.010628464424702" lon="121.46288551130357"/>
  <node id="3748" action="modify" visible="true" version="1" lat="25.01064104928211" lon="121.46284010146594"/>
  <node id="3749" action="modify" visible="true" version="1" lat="25.010660031175032" lon="121.46288701598166"/>
  <node id="3750" action="modify" visible="true" version="1" lat="25.01066861808518" lon="121.46285704189556"/>
  <node id="3754" action="modify" visible="true" version="1" lat="25.010691597103172" lon="121.46288852155809"/>
  <node id="3755" action="modify" visible="true" version="1" lat="25.010696186067985" lon="121.46287398232522"/>
  <node id="3758" action="modify" visible="true" version="1" lat="25.010605995822967" lon="121.46287293668621"/>
  <node id="3759" action="modify" visible="true" version="1" lat="25.010573831523978" lon="121.46284022992505"/>
  <node id="3760" action="modify" visible="true" version="1" lat="25.010540994786265" lon="121.46283194116992"/>
  <node id="3761" action="modify" visible="true" version="1" lat="25.0106309375988" lon="121.46285165200386"/>
  <node id="3762" action="modify" visible="true" version="1" lat="25.010589575017267" lon="121.46281016690573"/>
  <node id="3763" action="modify" visible="true" version="1" lat="25.010537611468582" lon="121.46279746742258"/>
  <node id="3767" action="modify" visible="true" version="1" lat="25.010607337426546" lon="121.46288301758032"/>
  <node id="3768" action="modify" visible="true" version="1" lat="25.010571563496914" lon="121.46286356546118"/>
  <node id="3769" action="modify" visible="true" version="1" lat="25.010628719231647" lon="121.4628574901549"/>
  <node id="3770" action="modify" visible="true" version="1" lat="25.010575747054347" lon="121.46282919771502"/>
  <node id="3774" action="modify" visible="true" version="1" lat="25.010638183721834" lon="121.46292780847872"/>
  <node id="3775" action="modify" visible="true" version="1" lat="25.010666501478642" lon="121.46291242842274"/>
  <node id="3779" action="modify" visible="true" version="1" lat="25.0105860785438" lon="121.46290888636558"/>
  <node id="3780" action="modify" visible="true" version="1" lat="25.010565388699384" lon="121.46293509201905"/>
  <node id="3784" action="modify" visible="true" version="1" lat="25.010584092188633" lon="121.46284657742083"/>
  <node id="3785" action="modify" visible="true" version="1" lat="25.010610898211706" lon="121.46282029900382"/>
  <node id="3786" action="modify" visible="true" version="1" lat="25.010600802807506" lon="121.4628760044329"/>
  <node id="3787" action="modify" visible="true" version="1" lat="25.01063455211254" lon="121.46284328689195"/>
  <node id="3791" action="modify" visible="true" version="1" lat="25.010617512610025" lon="121.46290543234332"/>
  <node id="3792" action="modify" visible="true" version="1" lat="25.01065820682288" lon="121.46286627388177"/>
  <node id="3795" action="modify" visible="true" version="1" lat="25.010588686856032" lon="121.46281049479082"/>
  <node id="3796" action="modify" visible="true" version="1" lat="25.010572116257276" lon="121.46284656484444"/>
  <node id="3797" action="modify" visible="true" version="1" lat="25.010559172383456" lon="121.46279811690452"/>
  <node id="3798" action="modify" visible="true" version="1" lat="25.01054866667857" lon="121.46282332632633"/>
  <node id="3802" action="modify" visible="true" version="1" lat="25.01052965790378" lon="121.46278573901822"/>
  <node id="3803" action="modify" visible="true" version="1" lat="25.010525217095374" lon="121.46280008780825"/>
  <node id="3806" action="modify" visible="true" version="1" lat="25.01061916926235" lon="121.46282429471022"/>
  <node id="3807" action="modify" visible="true" version="1" lat="25.010618302267407" lon="121.46287059567658"/>
  <node id="3808" action="modify" visible="true" version="1" lat="25.010635284784225" lon="121.4629251458722"/>
  <node id="3809" action="modify" visible="true" version="1" lat="25.010588551718758" lon="121.46281573376555"/>
  <node id="3810" action="modify" visible="true" version="1" lat="25.010587180808084" lon="121.46287658474458"/>
  <node id="3811" action="modify" visible="true" version="1" lat="25.01060685142088" lon="121.46294026631509"/>
  <node id="3815" action="modify" visible="true" version="1" lat="25.01155338817424" lon="121.46483108524087"/>
  <node id="3816" action="modify" visible="true" version="1" lat="25.011580527755832" lon="121.46485722441899"/>
  <node id="3820" action="modify" visible="true" version="1" lat="25.011495523811433" lon="121.46483038455496"/>
  <node id="3821" action="modify" visible="true" version="1" lat="25.01147894438023" lon="121.46479154319869"/>
  <node id="3822" action="modify" visible="true" version="1" lat="25.011464568645543" lon="121.46475723024977"/>
  <node id="3823" action="modify" visible="true" version="1" lat="25.011446757515795" lon="121.46471607034178"/>
  <node id="3824" action="modify" visible="true" version="1" lat="25.011524028607518" lon="121.46481542760546"/>
  <node id="3825" action="modify" visible="true" version="1" lat="25.01150764862826" lon="121.46477705247484"/>
  <node id="3826" action="modify" visible="true" version="1" lat="25.011493229751018" lon="121.46474263621965"/>
  <node id="3827" action="modify" visible="true" version="1" lat="25.01147517928764" lon="121.46470092294945"/>
  <node id="3831" action="modify" visible="true" version="1" lat="25.01155253421106" lon="121.4648004715543"/>
  <node id="3832" action="modify" visible="true" version="1" lat="25.011536353683656" lon="121.46476256264931"/>
  <node id="3833" action="modify" visible="true" version="1" lat="25.0115218908498" lon="121.46472804218956"/>
  <node id="3834" action="modify" visible="true" version="1" lat="25.011503601052908" lon="121.46468577555714"/>
  <node id="3837" action="modify" visible="true" version="1" lat="25.011488009908636" lon="121.46483050313255"/>
  <node id="3838" action="modify" visible="true" version="1" lat="25.011454697181936" lon="121.46480410703624"/>
  <node id="3839" action="modify" visible="true" version="1" lat="25.011420006218152" lon="121.46480593959943"/>
  <node id="3840" action="modify" visible="true" version="1" lat="25.01151506728322" lon="121.46480426154649"/>
  <node id="3841" action="modify" visible="true" version="1" lat="25.01146598676272" lon="121.46476646672754"/>
  <node id="3842" action="modify" visible="true" version="1" lat="25.011406288248807" lon="121.46476928294594"/>
  <node id="3846" action="modify" visible="true" version="1" lat="25.01151901554119" lon="121.46488559321567"/>
  <node id="3847" action="modify" visible="true" version="1" lat="25.01152331710705" lon="121.46489668471449"/>
  <node id="3848" action="modify" visible="true" version="1" lat="25.011506772684776" lon="121.46485362846293"/>
  <node id="3849" action="modify" visible="true" version="1" lat="25.011491733483062" lon="121.46489570195757"/>
  <node id="3853" action="modify" visible="true" version="1" lat="25.011461072197" lon="121.46485127936845"/>
  <node id="3854" action="modify" visible="true" version="1" lat="25.011440060126557" lon="121.46487717510314"/>
  <node id="3858" action="modify" visible="true" version="1" lat="25.011460987533287" lon="121.46478345297122"/>
  <node id="3859" action="modify" visible="true" version="1" lat="25.0114929895992" lon="121.46476710722634"/>
  <node id="3860" action="modify" visible="true" version="1" lat="25.011531369110415" lon="121.46474745388454"/>
  <node id="3861" action="modify" visible="true" version="1" lat="25.011476569726174" lon="121.46481920052965"/>
  <node id="3862" action="modify" visible="true" version="1" lat="25.011508040197793" lon="121.4648031287709"/>
  <node id="3863" action="modify" visible="true" version="1" lat="25.011546911404764" lon="121.46478322210422"/>
  <node id="3867" action="modify" visible="true" version="1" lat="25.011492151917082" lon="121.46485494898639"/>
  <node id="3868" action="modify" visible="true" version="1" lat="25.011523090794544" lon="121.46483914941717"/>
  <node id="3869" action="modify" visible="true" version="1" lat="25.011562453697152" lon="121.46481899122217"/>
  <node id="3872" action="modify" visible="true" version="1" lat="25.011441676878142" lon="121.46478036725824"/>
  <node id="3873" action="modify" visible="true" version="1" lat="25.01144702534623" lon="121.46473772692664"/>
  <node id="3874" action="modify" visible="true" version="1" lat="25.01143072676414" lon="121.46468072612693"/>
  <node id="3875" action="modify" visible="true" version="1" lat="25.01146993258005" lon="121.46479588565477"/>
  <node id="3876" action="modify" visible="true" version="1" lat="25.011478394066167" lon="121.4647335758117"/>
  <node id="3877" action="modify" visible="true" version="1" lat="25.011459391133805" lon="121.46466613928334"/>
  <node id="3881" action="modify" visible="true" version="1" lat="25.01141413022862" lon="121.46474393428524"/>
  <node id="3882" action="modify" visible="true" version="1" lat="25.011378023577436" lon="121.46474335666852"/>
  <node id="3886" action="modify" visible="true" version="1" lat="25.011422638120834" lon="121.4647409851162"/>
  <node id="3887" action="modify" visible="true" version="1" lat="25.01143928431373" lon="121.46477980760781"/>
  <node id="3888" action="modify" visible="true" version="1" lat="25.011453653538776" lon="121.46481412055671"/>
  <node id="3889" action="modify" visible="true" version="1" lat="25.011471371863085" lon="121.46485527417653"/>
  <node id="3890" action="modify" visible="true" version="1" lat="25.011394164236048" lon="121.46475601303257"/>
  <node id="3891" action="modify" visible="true" version="1" lat="25.011410591446758" lon="121.46479432707774"/>
  <node id="3892" action="modify" visible="true" version="1" lat="25.01142497614258" lon="121.46482867595927"/>
  <node id="3893" action="modify" visible="true" version="1" lat="25.01144291589923" lon="121.46487034521203"/>
  <node id="3897" action="modify" visible="true" version="1" lat="25.011426391817988" lon="121.46467088598129"/>
  <node id="3898" action="modify" visible="true" version="1" lat="25.01139815401571" lon="121.46468644300538"/>
  <node id="3902" action="modify" visible="true" version="1" lat="25.011450877545627" lon="121.46472543258366"/>
  <node id="3903" action="modify" visible="true" version="1" lat="25.011467526990998" lon="121.46476425956688"/>
  <node id="3904" action="modify" visible="true" version="1" lat="25.011481895398664" lon="121.46479857071915"/>
  <node id="3905" action="modify" visible="true" version="1" lat="25.01149960557816" lon="121.46483970816928"/>
  <node id="3906" action="modify" visible="true" version="1" lat="25.011422403667392" lon="121.46474046050004"/>
  <node id="3907" action="modify" visible="true" version="1" lat="25.011438834130626" lon="121.46477877993513"/>
  <node id="3908" action="modify" visible="true" version="1" lat="25.01145321882313" lon="121.46481312612171"/>
  <node id="3909" action="modify" visible="true" version="1" lat="25.011471150434925" lon="121.46485477830647"/>
  <node id="3913" action="modify" visible="true" version="1" lat="25.011456311491106" lon="121.46471932044646"/>
  <node id="3914" action="modify" visible="true" version="1" lat="25.011490944645374" lon="121.46474412203315"/>
  <node id="3915" action="modify" visible="true" version="1" lat="25.01153022696499" lon="121.46474514880751"/>
  <node id="3916" action="modify" visible="true" version="1" lat="25.011430344963248" lon="121.4647468583015"/>
  <node id="3917" action="modify" visible="true" version="1" lat="25.01147998883724" lon="121.46478188091947"/>
  <node id="3918" action="modify" visible="true" version="1" lat="25.011538582617373" lon="121.46478370000793"/>
  <node id="3922" action="modify" visible="true" version="1" lat="25.011473752215764" lon="121.46467440917384"/>
  <node id="3923" action="modify" visible="true" version="1" lat="25.011483209314164" lon="121.46464132512025"/>
  <node id="3927" action="modify" visible="true" version="1" lat="25.011494596581205" lon="121.46473127163301"/>
  <node id="3928" action="modify" visible="true" version="1" lat="25.0114705317386" lon="121.46476112624316"/>
  <node id="3929" action="modify" visible="true" version="1" lat="25.011440623465987" lon="121.46479178664212"/>
  <node id="3930" action="modify" visible="true" version="1" lat="25.011469933394114" lon="121.46470232701625"/>
  <node id="3931" action="modify" visible="true" version="1" lat="25.011442872753296" lon="121.46473565181834"/>
  <node id="3932" action="modify" visible="true" version="1" lat="25.011419828749922" lon="121.4647593889014"/>
  <node id="3936" action="modify" visible="true" version="1" lat="25.011445270202085" lon="121.46467338329778"/>
  <node id="3937" action="modify" visible="true" version="1" lat="25.01141521294769" lon="121.4647101773935"/>
  <node id="3938" action="modify" visible="true" version="1" lat="25.01139903484442" lon="121.46472699205898"/>
  <node id="3941" action="modify" visible="true" version="1" lat="25.011517664178683" lon="121.46476527017157"/>
  <node id="3942" action="modify" visible="true" version="1" lat="25.011502633119044" lon="121.46480448432867"/>
  <node id="3943" action="modify" visible="true" version="1" lat="25.011508071946675" lon="121.46485357366569"/>
  <node id="3944" action="modify" visible="true" version="1" lat="25.01149309868511" lon="121.46474346356804"/>
  <node id="3945" action="modify" visible="true" version="1" lat="25.011471259520857" lon="121.46480037992613"/>
  <node id="3946" action="modify" visible="true" version="1" lat="25.011477964235056" lon="121.46486409114104"/>
  <node id="3950" action="modify" visible="true" version="1" lat="25.013307161201865" lon="121.46872652526586"/>
  <node id="3951" action="modify" visible="true" version="1" lat="25.013311041835077" lon="121.4686928842568"/>
  <node id="3952" action="modify" visible="true" version="1" lat="25.013349498113957" lon="121.46864925128682"/>
  <node id="3953" action="modify" visible="true" version="1" lat="25.013339281639684" lon="121.468708418823"/>
  <node id="3954" action="modify" visible="true" version="1" lat="25.013341988394902" lon="121.46871330386152"/>
  <node id="3955" action="modify" visible="true" version="1" lat="25.013371967841856" lon="121.4686802719102"/>
  <node id="3959" action="modify" visible="true" version="1" lat="25.01327905571012" lon="121.46874236795423"/>
  <node id="3960" action="modify" visible="true" version="1" lat="25.01325438392674" lon="121.46868750963645"/>
  <node id="3961" action="modify" visible="true" version="1" lat="25.013238298868874" lon="121.46864801340836"/>
  <node id="3962" action="modify" visible="true" version="1" lat="25.013224914868257" lon="121.46861327106474"/>
  <node id="3963" action="modify" visible="true" version="1" lat="25.0132083495096" lon="121.46857267799368"/>
  <node id="3964" action="modify" visible="true" version="1" lat="25.013307161201865" lon="121.46872652526586"/>
  <node id="3965" action="modify" visible="true" version="1" lat="25.013282992514508" lon="121.46867279163884"/>
  <node id="3966" action="modify" visible="true" version="1" lat="25.013267356822727" lon="121.4686343976436"/>
  <node id="3967" action="modify" visible="true" version="1" lat="25.013253964684658" lon="121.46859963374041"/>
  <node id="3968" action="modify" visible="true" version="1" lat="25.013236953223718" lon="121.46855794921629"/>
  <node id="3972" action="modify" visible="true" version="1" lat="25.013311601095612" lon="121.46865807364122"/>
  <node id="3973" action="modify" visible="true" version="1" lat="25.013296415583767" lon="121.46862078187883"/>
  <node id="3974" action="modify" visible="true" version="1" lat="25.01328301449418" lon="121.46858599641608"/>
  <node id="3975" action="modify" visible="true" version="1" lat="25.01326555693118" lon="121.46854322043886"/>
  <node id="3978" action="modify" visible="true" version="1" lat="25.013248054592264" lon="121.4686933495841"/>
  <node id="3979" action="modify" visible="true" version="1" lat="25.01321321516164" lon="121.4686705620203"/>
  <node id="3980" action="modify" visible="true" version="1" lat="25.01317453660094" lon="121.46867400526277"/>
  <node id="3981" action="modify" visible="true" version="1" lat="25.013273508690656" lon="121.46866524129888"/>
  <node id="3982" action="modify" visible="true" version="1" lat="25.013221635010456" lon="121.46863202609124"/>
  <node id="3983" action="modify" visible="true" version="1" lat="25.01316195770159" lon="121.46863685902747"/>
  <node id="3987" action="modify" visible="true" version="1" lat="25.01323793986735" lon="121.4687427497382"/>
  <node id="3988" action="modify" visible="true" version="1" lat="25.013223043338588" lon="121.4687733283905"/>
  <node id="3992" action="modify" visible="true" version="1" lat="25.013202736547864" lon="121.46865482173992"/>
  <node id="3993" action="modify" visible="true" version="1" lat="25.01323546674576" lon="121.46863631824168"/>
  <node id="3994" action="modify" visible="true" version="1" lat="25.0132671785431" lon="121.46861612321578"/>
  <node id="3995" action="modify" visible="true" version="1" lat="25.01321960636667" lon="121.46868985873091"/>
  <node id="3996" action="modify" visible="true" version="1" lat="25.013252227475714" lon="121.46867141811477"/>
  <node id="3997" action="modify" visible="true" version="1" lat="25.01328676406417" lon="121.46864941567853"/>
  <node id="4001" action="modify" visible="true" version="1" lat="25.01323647699721" lon="121.46872489572195"/>
  <node id="4002" action="modify" visible="true" version="1" lat="25.01326898901744" lon="121.46870651798785"/>
  <node id="4003" action="modify" visible="true" version="1" lat="25.013306350396164" lon="121.46868270724295"/>
  <node id="4006" action="modify" visible="true" version="1" lat="25.013253347625437" lon="121.46875993271298"/>
  <node id="4007" action="modify" visible="true" version="1" lat="25.013285750556875" lon="121.46874161786094"/>
  <node id="4008" action="modify" visible="true" version="1" lat="25.013325935910984" lon="121.4687159997057"/>
  <node id="4011" action="modify" visible="true" version="1" lat="25.01318952431061" lon="121.46865159319475"/>
  <node id="4012" action="modify" visible="true" version="1" lat="25.013204366301252" lon="121.46861140706052"/>
  <node id="4013" action="modify" visible="true" version="1" lat="25.013200684295956" lon="121.46856336515914"/>
  <node id="4014" action="modify" visible="true" version="1" lat="25.013215050058644" lon="121.46867202896915"/>
  <node id="4015" action="modify" visible="true" version="1" lat="25.01323566212073" lon="121.46861617441974"/>
  <node id="4016" action="modify" visible="true" version="1" lat="25.013231161983626" lon="121.46855422300447"/>
  <node id="4020" action="modify" visible="true" version="1" lat="25.013157116469408" lon="121.46857786127286"/>
  <node id="4021" action="modify" visible="true" version="1" lat="25.01312563420944" lon="121.46855845406947"/>
  <node id="4025" action="modify" visible="true" version="1" lat="25.013210588995786" lon="121.46857788103581"/>
  <node id="4026" action="modify" visible="true" version="1" lat="25.013226577997905" lon="121.46861741858639"/>
  <node id="4027" action="modify" visible="true" version="1" lat="25.013239968510838" lon="121.46865215823507"/>
  <node id="4028" action="modify" visible="true" version="1" lat="25.013256651090195" lon="121.4686927243567"/>
  <node id="4029" action="modify" visible="true" version="1" lat="25.01318193398956" lon="121.46859249033727"/>
  <node id="4030" action="modify" visible="true" version="1" lat="25.013197502125024" lon="121.46863099033372"/>
  <node id="4031" action="modify" visible="true" version="1" lat="25.013210939856755" lon="121.46866585125494"/>
  <node id="4032" action="modify" visible="true" version="1" lat="25.013228096224413" lon="121.46870756632178"/>
  <node id="4036" action="modify" visible="true" version="1" lat="25.01315327897666" lon="121.46860709963875"/>
  <node id="4037" action="modify" visible="true" version="1" lat="25.01316842705932" lon="121.46864456118273"/>
  <node id="4038" action="modify" visible="true" version="1" lat="25.01318191200987" lon="121.46867954517315"/>
  <node id="4039" action="modify" visible="true" version="1" lat="25.01319954053793" lon="121.46872240828692"/>
  <node id="4042" action="modify" visible="true" version="1" lat="25.013217853690044" lon="121.4685750585292"/>
  <node id="4043" action="modify" visible="true" version="1" lat="25.013251953136713" lon="121.46859957085833"/>
  <node id="4044" action="modify" visible="true" version="1" lat="25.01328840928361" lon="121.46859646268747"/>
  <node id="4045" action="modify" visible="true" version="1" lat="25.013191578190845" lon="121.46860224154969"/>
  <node id="4046" action="modify" visible="true" version="1" lat="25.01324233173392" lon="121.4686377663259"/>
  <node id="4047" action="modify" visible="true" version="1" lat="25.01330209773649" lon="121.46863313281568"/>
  <node id="4051" action="modify" visible="true" version="1" lat="25.013226884085398" lon="121.46852506369038"/>
  <node id="4052" action="modify" visible="true" version="1" lat="25.013246200972315" lon="121.46849762465001"/>
  <node id="4056" action="modify" visible="true" version="1" lat="25.013267119116563" lon="121.46861615735173"/>
  <node id="4057" action="modify" visible="true" version="1" lat="25.01323542441451" lon="121.46863633261471"/>
  <node id="4058" action="modify" visible="true" version="1" lat="25.013202679563488" lon="121.46865484958765"/>
  <node id="4059" action="modify" visible="true" version="1" lat="25.013247541732987" lon="121.46858285860081"/>
  <node id="4060" action="modify" visible="true" version="1" lat="25.01321866368227" lon="121.4686012318433"/>
  <node id="4061" action="modify" visible="true" version="1" lat="25.013185802415798" lon="121.46861981618991"/>
  <node id="4065" action="modify" visible="true" version="1" lat="25.013227964346296" lon="121.46854956074817"/>
  <node id="4066" action="modify" visible="true" version="1" lat="25.013201903761797" lon="121.46856613107188"/>
  <node id="4067" action="modify" visible="true" version="1" lat="25.01316892607985" lon="121.46858478279214"/>
  <node id="4070" action="modify" visible="true" version="1" lat="25.013208386956478" lon="121.46851626289552"/>
  <node id="4071" action="modify" visible="true" version="1" lat="25.01318514302497" lon="121.4685310311988"/>
  <node id="4072" action="modify" visible="true" version="1" lat="25.01315204974159" lon="121.46854974939437"/>
  <node id="4075" action="modify" visible="true" version="1" lat="25.013277959982492" lon="121.46861951345764"/>
  <node id="4076" action="modify" visible="true" version="1" lat="25.01326338908347" lon="121.46866174325915"/>
  <node id="4077" action="modify" visible="true" version="1" lat="25.013266869199466" lon="121.46870873682661"/>
  <node id="4078" action="modify" visible="true" version="1" lat="25.013251466327453" lon="121.4686006200906"/>
  <node id="4079" action="modify" visible="true" version="1" lat="25.01323208268824" lon="121.4686570567483"/>
  <node id="4080" action="modify" visible="true" version="1" lat="25.013236427339404" lon="121.4687180227117"/>
  <node id="4084" action="modify" visible="true" version="1" lat="25.014683935741996" lon="121.46559760779132"/>
  <node id="4085" action="modify" visible="true" version="1" lat="25.01465768416404" lon="121.46554419306622"/>
  <node id="4086" action="modify" visible="true" version="1" lat="25.014666501985687" lon="121.4655092557882"/>
  <node id="4087" action="modify" visible="true" version="1" lat="25.014712588769598" lon="121.46557349161921"/>
  <node id="4088" action="modify" visible="true" version="1" lat="25.01469297661221" lon="121.46553580549639"/>
  <node id="4089" action="modify" visible="true" version="1" lat="25.014690487238862" lon="121.46553887863301"/>
  <node id="4093" action="modify" visible="true" version="1" lat="25.014633792520566" lon="121.46563981154169"/>
  <node id="4094" action="modify" visible="true" version="1" lat="25.014599772420812" lon="121.46559114351456"/>
  <node id="4095" action="modify" visible="true" version="1" lat="25.014575582008423" lon="121.46555673085265"/>
  <node id="4096" action="modify" visible="true" version="1" lat="25.014554415800696" lon="121.46552709004153"/>
  <node id="4097" action="modify" visible="true" version="1" lat="25.014529471565528" lon="121.46549273936338"/>
  <node id="4098" action="modify" visible="true" version="1" lat="25.014658863726805" lon="121.46561871011568"/>
  <node id="4099" action="modify" visible="true" version="1" lat="25.01462482898104" lon="121.46557001963063"/>
  <node id="4100" action="modify" visible="true" version="1" lat="25.014600536816918" lon="121.46553546233999"/>
  <node id="4101" action="modify" visible="true" version="1" lat="25.014579197220105" lon="121.46550557988205"/>
  <node id="4102" action="modify" visible="true" version="1" lat="25.014554131695974" lon="121.46547106121893"/>
  <node id="4106" action="modify" visible="true" version="1" lat="25.014683935741996" lon="121.46559760779132"/>
  <node id="4107" action="modify" visible="true" version="1" lat="25.014649885536166" lon="121.46554889574672"/>
  <node id="4108" action="modify" visible="true" version="1" lat="25.01462549162035" lon="121.46551419472561"/>
  <node id="4109" action="modify" visible="true" version="1" lat="25.01460397863451" lon="121.46548406882425"/>
  <node id="4110" action="modify" visible="true" version="1" lat="25.014578791007406" lon="121.46544938217619"/>
  <node id="4113" action="modify" visible="true" version="1" lat="25.014674942086174" lon="121.46552777276115"/>
  <node id="4114" action="modify" visible="true" version="1" lat="25.014650446418706" lon="121.46549292711127"/>
  <node id="4115" action="modify" visible="true" version="1" lat="25.014628760043916" lon="121.46546255776647"/>
  <node id="4116" action="modify" visible="true" version="1" lat="25.01460345031389" lon="121.46542770313346"/>
  <node id="4119" action="modify" visible="true" version="1" lat="25.014602444957998" lon="121.46560769587197"/>
  <node id="4120" action="modify" visible="true" version="1" lat="25.014565245156234" lon="121.46559268502357"/>
  <node id="4121" action="modify" visible="true" version="1" lat="25.014522191481834" lon="121.4655947789965"/>
  <node id="4122" action="modify" visible="true" version="1" lat="25.014473284742714" lon="121.46561397779075"/>
  <node id="4123" action="modify" visible="true" version="1" lat="25.014621615098942" lon="121.4655741132534"/>
  <node id="4124" action="modify" visible="true" version="1" lat="25.0145704844051" lon="121.46555347625636"/>
  <node id="4125" action="modify" visible="true" version="1" lat="25.014514736376125" lon="121.46555600411557"/>
  <node id="4126" action="modify" visible="true" version="1" lat="25.014457451387297" lon="121.46557836228469"/>
  <node id="4130" action="modify" visible="true" version="1" lat="25.014551137606517" lon="121.4656689178552"/>
  <node id="4131" action="modify" visible="true" version="1" lat="25.014583545079816" lon="121.46568195959652"/>
  <node id="4132" action="modify" visible="true" version="1" lat="25.014553287522304" lon="121.46570351197683"/>
  <node id="4133" action="modify" visible="true" version="1" lat="25.01455952642955" lon="121.46570448844552"/>
  <node id="4137" action="modify" visible="true" version="1" lat="25.014529035232673" lon="121.46562095949716"/>
  <node id="4138" action="modify" visible="true" version="1" lat="25.014557124157243" lon="121.46559078957834"/>
  <node id="4139" action="modify" visible="true" version="1" lat="25.01457775878755" lon="121.46555960007166"/>
  <node id="4140" action="modify" visible="true" version="1" lat="25.014601840116352" lon="121.46552428999279"/>
  <node id="4141" action="modify" visible="true" version="1" lat="25.014640267499125" lon="121.46548175925567"/>
  <node id="4142" action="modify" visible="true" version="1" lat="25.014551401359917" lon="121.46565207085038"/>
  <node id="4143" action="modify" visible="true" version="1" lat="25.01458504293821" lon="121.46561592174501"/>
  <node id="4144" action="modify" visible="true" version="1" lat="25.014607498601123" lon="121.46558207592005"/>
  <node id="4145" action="modify" visible="true" version="1" lat="25.014629473154493" lon="121.46554979945192"/>
  <node id="4146" action="modify" visible="true" version="1" lat="25.014664015868018" lon="121.46551161117087"/>
  <node id="4150" action="modify" visible="true" version="1" lat="25.01457376666903" lon="121.46568318220363"/>
  <node id="4151" action="modify" visible="true" version="1" lat="25.014612962526886" lon="121.46564105481006"/>
  <node id="4152" action="modify" visible="true" version="1" lat="25.014637238407484" lon="121.46560455266679"/>
  <node id="4153" action="modify" visible="true" version="1" lat="25.014657106186412" lon="121.46557530980934"/>
  <node id="4154" action="modify" visible="true" version="1" lat="25.01468776504637" lon="121.46554146308607"/>
  <node id="4157" action="modify" visible="true" version="1" lat="25.014506653634335" lon="121.46558594676063"/>
  <node id="4158" action="modify" visible="true" version="1" lat="25.014526760766216" lon="121.46554875740618"/>
  <node id="4159" action="modify" visible="true" version="1" lat="25.01452605823774" lon="121.46550659138508"/>
  <node id="4160" action="modify" visible="true" version="1" lat="25.01450454604853" lon="121.46545944869725"/>
  <node id="4161" action="modify" visible="true" version="1" lat="25.0145293909742" lon="121.46561002430518"/>
  <node id="4162" action="modify" visible="true" version="1" lat="25.014557277199327" lon="121.46555774415228"/>
  <node id="4163" action="modify" visible="true" version="1" lat="25.01455653885266" lon="121.4654974600102"/>
  <node id="4164" action="modify" visible="true" version="1" lat="25.014530360512314" lon="121.46543945489398"/>
  <node id="4168" action="modify" visible="true" version="1" lat="25.01445097965531" lon="121.46553117827438"/>
  <node id="4169" action="modify" visible="true" version="1" lat="25.014421580078643" lon="121.46550816972501"/>
  <node id="4173" action="modify" visible="true" version="1" lat="25.014529793930844" lon="121.46549318133451"/>
  <node id="4174" action="modify" visible="true" version="1" lat="25.014554610359532" lon="121.4655273640277"/>
  <node id="4175" action="modify" visible="true" version="1" lat="25.01457576598452" lon="121.46555699495734"/>
  <node id="4176" action="modify" visible="true" version="1" lat="25.014599870921266" lon="121.46559128365173"/>
  <node id="4177" action="modify" visible="true" version="1" lat="25.01463353527977" lon="121.46563944413073"/>
  <node id="4178" action="modify" visible="true" version="1" lat="25.014505132981466" lon="121.46551485768232"/>
  <node id="4179" action="modify" visible="true" version="1" lat="25.014529827307054" lon="121.46554887149222"/>
  <node id="4180" action="modify" visible="true" version="1" lat="25.014550811170988" lon="121.46557826167337"/>
  <node id="4181" action="modify" visible="true" version="1" lat="25.014574815169997" lon="121.46561240753562"/>
  <node id="4182" action="modify" visible="true" version="1" lat="25.014608464068356" lon="121.46566054555677"/>
  <node id="4186" action="modify" visible="true" version="1" lat="25.01448047202713" lon="121.46553653403011"/>
  <node id="4187" action="modify" visible="true" version="1" lat="25.014505043435527" lon="121.46557037895674"/>
  <node id="4188" action="modify" visible="true" version="1" lat="25.014525855538324" lon="121.46559952928774"/>
  <node id="4189" action="modify" visible="true" version="1" lat="25.014549758599554" lon="121.46563353141956"/>
  <node id="4190" action="modify" visible="true" version="1" lat="25.014583392037764" lon="121.46568164698279"/>
  <node id="4193" action="modify" visible="true" version="1" lat="25.014455811067844" lon="121.46555821127623"/>
  <node id="4194" action="modify" visible="true" version="1" lat="25.014480259558994" lon="121.46559188642128"/>
  <node id="4195" action="modify" visible="true" version="1" lat="25.014500899900593" lon="121.46562079600376"/>
  <node id="4196" action="modify" visible="true" version="1" lat="25.014524702838056" lon="121.46565465530344"/>
  <node id="4197" action="modify" visible="true" version="1" lat="25.014558320002056" lon="121.46570274840882"/>
  <node id="4200" action="modify" visible="true" version="1" lat="25.014533437635766" lon="121.465486786228"/>
  <node id="4201" action="modify" visible="true" version="1" lat="25.01457194888745" lon="121.46550542806675"/>
  <node id="4202" action="modify" visible="true" version="1" lat="25.01461023951862" lon="121.46550116017085"/>
  <node id="4203" action="modify" visible="true" version="1" lat="25.01451253110399" lon="121.46551909683214"/>
  <node id="4204" action="modify" visible="true" version="1" lat="25.014565877675878" lon="121.4655444922052"/>
  <node id="4205" action="modify" visible="true" version="1" lat="25.01462292572463" lon="121.46553826238873"/>
  <node id="4209" action="modify" visible="true" version="1" lat="25.014590878887397" lon="121.46544969748484"/>
  <node id="4210" action="modify" visible="true" version="1" lat="25.01454973173578" lon="121.4654095221304"/>
  <node id="4211" action="modify" visible="true" version="1" lat="25.014604854555905" lon="121.46541859960634"/>
  <node id="4212" action="modify" visible="true" version="1" lat="25.014573923781363" lon="121.46538721786021"/>
  <node id="4216" action="modify" visible="true" version="1" lat="25.014600288530648" lon="121.46551424413296"/>
  <node id="4217" action="modify" visible="true" version="1" lat="25.01456553577337" lon="121.46553350580928"/>
  <node id="4218" action="modify" visible="true" version="1" lat="25.014532404601468" lon="121.46554564025215"/>
  <node id="4219" action="modify" visible="true" version="1" lat="25.014493351991423" lon="121.46556047592907"/>
  <node id="4220" action="modify" visible="true" version="1" lat="25.014581159089044" lon="121.4654806336666"/>
  <node id="4221" action="modify" visible="true" version="1" lat="25.014552357873004" lon="121.46549661110224"/>
  <node id="4222" action="modify" visible="true" version="1" lat="25.014521715260315" lon="121.46550778883933"/>
  <node id="4223" action="modify" visible="true" version="1" lat="25.014479990921117" lon="121.46552366027377"/>
  <node id="4227" action="modify" visible="true" version="1" lat="25.01456202964447" lon="121.46544702320026"/>
  <node id="4228" action="modify" visible="true" version="1" lat="25.01453917997122" lon="121.4654597154969"/>
  <node id="4229" action="modify" visible="true" version="1" lat="25.014511025918225" lon="121.4654699365282"/>
  <node id="4230" action="modify" visible="true" version="1" lat="25.014466630663417" lon="121.4654868446185"/>
  <node id="4233" action="modify" visible="true" version="1" lat="25.014602088402626" lon="121.46551810329542"/>
  <node id="4234" action="modify" visible="true" version="1" lat="25.014571901672348" lon="121.46554622775035"/>
  <node id="4235" action="modify" visible="true" version="1" lat="25.01454426292288" lon="121.46556871258188"/>
  <node id="4236" action="modify" visible="true" version="1" lat="25.01450979181242" lon="121.46559186486172"/>
  <node id="4237" action="modify" visible="true" version="1" lat="25.014578377468222" lon="121.46548821544762"/>
  <node id="4238" action="modify" visible="true" version="1" lat="25.01454920667114" lon="121.4655154047563"/>
  <node id="4239" action="modify" visible="true" version="1" lat="25.01452411102089" lon="121.46553582885261"/>
  <node id="4240" action="modify" visible="true" version="1" lat="25.014491944491915" lon="121.46555741536888"/>
  <node id="4244" action="modify" visible="true" version="1" lat="25.01461436595474" lon="121.46551712772504"/>
  <node id="4245" action="modify" visible="true" version="1" lat="25.014604476835157" lon="121.46555954796936"/>
  <node id="4246" action="modify" visible="true" version="1" lat="25.014614535277822" lon="121.46560529287858"/>
  <node id="4247" action="modify" visible="true" version="1" lat="25.01458650416418" lon="121.4655007747936"/>
  <node id="4248" action="modify" visible="true" version="1" lat="25.014572880164717" lon="121.4655596207329"/>
  <node id="4249" action="modify" visible="true" version="1" lat="25.01458587083059" lon="121.46561988062048"/>
  <node id="4253" action="modify" visible="true" version="1" lat="25.012476108603753" lon="121.46686531930344"/>
  <node id="4254" action="modify" visible="true" version="1" lat="25.012503563839523" lon="121.46689105783294"/>
  <node id="4258" action="modify" visible="true" version="1" lat="25.012418409117434" lon="121.466865175573"/>
  <node id="4259" action="modify" visible="true" version="1" lat="25.01240129985259" lon="121.46682659921973"/>
  <node id="4260" action="modify" visible="true" version="1" lat="25.012386357634522" lon="121.46679258900306"/>
  <node id="4261" action="modify" visible="true" version="1" lat="25.01236817460931" lon="121.46675167343683"/>
  <node id="4262" action="modify" visible="true" version="1" lat="25.012446769609326" lon="121.46684988984013"/>
  <node id="4263" action="modify" visible="true" version="1" lat="25.012429753152162" lon="121.46681152459095"/>
  <node id="4264" action="modify" visible="true" version="1" lat="25.012414804425013" lon="121.46677749730632"/>
  <node id="4265" action="modify" visible="true" version="1" lat="25.01239652534399" lon="121.46673636524606"/>
  <node id="4269" action="modify" visible="true" version="1" lat="25.01247513009467" lon="121.46683460500554"/>
  <node id="4270" action="modify" visible="true" version="1" lat="25.01245820725921" lon="121.46679644996216"/>
  <node id="4271" action="modify" visible="true" version="1" lat="25.012443250394853" lon="121.46676240560954"/>
  <node id="4272" action="modify" visible="true" version="1" lat="25.01242487607213" lon="121.46672105795363"/>
  <node id="4275" action="modify" visible="true" version="1" lat="25.012411295792504" lon="121.46686590320837"/>
  <node id="4276" action="modify" visible="true" version="1" lat="25.012377749678702" lon="121.46684001466019"/>
  <node id="4277" action="modify" visible="true" version="1" lat="25.012342459821387" lon="121.46684212210783"/>
  <node id="4278" action="modify" visible="true" version="1" lat="25.012438150260802" lon="121.46683941189063"/>
  <node id="4279" action="modify" visible="true" version="1" lat="25.012388593065356" lon="121.46680221624797"/>
  <node id="4280" action="modify" visible="true" version="1" lat="25.01232888116078" lon="121.4668054034706"/>
  <node id="4284" action="modify" visible="true" version="1" lat="25.01238436235373" lon="121.46688690222645"/>
  <node id="4285" action="modify" visible="true" version="1" lat="25.01236371188754" lon="121.46691314560915"/>
  <node id="4289" action="modify" visible="true" version="1" lat="25.01238376889811" lon="121.46681935430699"/>
  <node id="4290" action="modify" visible="true" version="1" lat="25.01241545893557" lon="121.4668022997913"/>
  <node id="4291" action="modify" visible="true" version="1" lat="25.012453496250096" lon="121.46678187928825"/>
  <node id="4292" action="modify" visible="true" version="1" lat="25.01239974742501" lon="121.46685489165962"/>
  <node id="4293" action="modify" visible="true" version="1" lat="25.012431303951224" lon="121.46683790900916"/>
  <node id="4294" action="modify" visible="true" version="1" lat="25.012469404758114" lon="121.46681745347185"/>
  <node id="4298" action="modify" visible="true" version="1" lat="25.012415725949822" lon="121.46689042811393"/>
  <node id="4299" action="modify" visible="true" version="1" lat="25.012447148964853" lon="121.4668735173287"/>
  <node id="4300" action="modify" visible="true" version="1" lat="25.01248531407814" lon="121.4668530276554"/>
  <node id="4303" action="modify" visible="true" version="1" lat="25.012363844580655" lon="121.46681682285451"/>
  <node id="4304" action="modify" visible="true" version="1" lat="25.012368746085162" lon="121.46677415287851"/>
  <node id="4305" action="modify" visible="true" version="1" lat="25.012352182239145" lon="121.46671658793677"/>
  <node id="4306" action="modify" visible="true" version="1" lat="25.012392249858895" lon="121.46683200797607"/>
  <node id="4307" action="modify" visible="true" version="1" lat="25.012400087705412" lon="121.4667697619134"/>
  <node id="4308" action="modify" visible="true" version="1" lat="25.012380878956456" lon="121.46670207745001"/>
  <node id="4312" action="modify" visible="true" version="1" lat="25.01233599856083" lon="121.46678007906443"/>
  <node id="4313" action="modify" visible="true" version="1" lat="25.01229988892441" lon="121.46678029106685"/>
  <node id="4317" action="modify" visible="true" version="1" lat="25.012372324728748" lon="121.46676094315227"/>
  <node id="4318" action="modify" visible="true" version="1" lat="25.012389417716264" lon="121.46679954106506"/>
  <node id="4319" action="modify" visible="true" version="1" lat="25.012404360748032" lon="121.46683354768847"/>
  <node id="4320" action="modify" visible="true" version="1" lat="25.01242255435077" lon="121.46687441744064"/>
  <node id="4321" action="modify" visible="true" version="1" lat="25.012343952822697" lon="121.46677620373231"/>
  <node id="4322" action="modify" visible="true" version="1" lat="25.012360959522937" lon="121.4668146067107"/>
  <node id="4323" action="modify" visible="true" version="1" lat="25.012375919653593" lon="121.46684865196166"/>
  <node id="4324" action="modify" visible="true" version="1" lat="25.012394215833115" lon="121.46688975168254"/>
  <node id="4328" action="modify" visible="true" version="1" lat="25.012315581724177" lon="121.46679146431234"/>
  <node id="4329" action="modify" visible="true" version="1" lat="25.012332501323023" lon="121.466829671458"/>
  <node id="4330" action="modify" visible="true" version="1" lat="25.012347479366646" lon="121.46686375713317"/>
  <node id="4331" action="modify" visible="true" version="1" lat="25.012365876494854" lon="121.4669050850261"/>
  <node id="4334" action="modify" visible="true" version="1" lat="25.012377453357914" lon="121.46675456960533"/>
  <node id="4335" action="modify" visible="true" version="1" lat="25.01241208625241" lon="121.46677907205301"/>
  <node id="4336" action="modify" visible="true" version="1" lat="25.01245157830681" lon="121.46677980507827"/>
  <node id="4337" action="modify" visible="true" version="1" lat="25.012351549708097" lon="121.46678217932558"/>
  <node id="4338" action="modify" visible="true" version="1" lat="25.012401387771924" lon="121.46681692077087"/>
  <node id="4339" action="modify" visible="true" version="1" lat="25.01246008531308" lon="121.46681831765112"/>
  <node id="4343" action="modify" visible="true" version="1" lat="25.012395097468747" lon="121.46670955053484"/>
  <node id="4344" action="modify" visible="true" version="1" lat="25.012403991161197" lon="121.46667627783505"/>
  <node id="4348" action="modify" visible="true" version="1" lat="25.01241671260005" lon="121.46676612014322"/>
  <node id="4349" action="modify" visible="true" version="1" lat="25.01239309811775" lon="121.46679660896396"/>
  <node id="4350" action="modify" visible="true" version="1" lat="25.01236374037993" lon="121.46682754873902"/>
  <node id="4351" action="modify" visible="true" version="1" lat="25.012391600232622" lon="121.46673764354873"/>
  <node id="4352" action="modify" visible="true" version="1" lat="25.012364984276125" lon="121.46677174000367"/>
  <node id="4353" action="modify" visible="true" version="1" lat="25.012342774865832" lon="121.46679528484725"/>
  <node id="4357" action="modify" visible="true" version="1" lat="25.012366488674125" lon="121.46670916695423"/>
  <node id="4358" action="modify" visible="true" version="1" lat="25.012336870428058" lon="121.46674687194165"/>
  <node id="4359" action="modify" visible="true" version="1" lat="25.012321808534082" lon="121.46676302095551"/>
  <node id="4362" action="modify" visible="true" version="1" lat="25.012440083671574" lon="121.46679962191344"/>
  <node id="4363" action="modify" visible="true" version="1" lat="25.01242542312568" lon="121.46683897530943"/>
  <node id="4364" action="modify" visible="true" version="1" lat="25.01243115986124" lon="121.46688825958083"/>
  <node id="4365" action="modify" visible="true" version="1" lat="25.012415331126917" lon="121.4667780722281"/>
  <node id="4366" action="modify" visible="true" version="1" lat="25.012394018014596" lon="121.46683516735092"/>
  <node id="4367" action="modify" visible="true" version="1" lat="25.012401088194927" lon="121.46689889743043"/>
  <node id="4371" action="modify" visible="true" version="1" lat="25.014716575999284" lon="121.47181491434804"/>
  <node id="4372" action="modify" visible="true" version="1" lat="25.014744684418215" lon="121.4717990770496"/>
  <node id="4376" action="modify" visible="true" version="1" lat="25.01630263408869" lon="121.46318827858862"/>
  <node id="4377" action="modify" visible="true" version="1" lat="25.016273405090207" lon="121.46316397197366"/>
  <node id="4378" action="modify" visible="true" version="1" lat="25.016244169572424" lon="121.4631396653587"/>
  <node id="4379" action="modify" visible="true" version="1" lat="25.016324445530305" lon="121.46315669651815"/>
  <node id="4380" action="modify" visible="true" version="1" lat="25.016295210838713" lon="121.4631323845133"/>
  <node id="4381" action="modify" visible="true" version="1" lat="25.01626597532613" lon="121.46310807789835"/>
  <node id="4385" action="modify" visible="true" version="1" lat="25.016346257782086" lon="121.46312511444772"/>
  <node id="4386" action="modify" visible="true" version="1" lat="25.01631701658335" lon="121.46310079705297"/>
  <node id="4387" action="modify" visible="true" version="1" lat="25.016287781075963" lon="121.46307649043803"/>
  <node id="4390" action="modify" visible="true" version="1" lat="25.016368070029994" lon="121.46309353237729"/>
  <node id="4391" action="modify" visible="true" version="1" lat="25.016338822324126" lon="121.46306920959265"/>
  <node id="4392" action="modify" visible="true" version="1" lat="25.016309586007875" lon="121.4630449029777"/>
  <node id="4395" action="modify" visible="true" version="1" lat="25.01629964574017" lon="121.46319411224808"/>
  <node id="4396" action="modify" visible="true" version="1" lat="25.01625780966729" lon="121.46318427479737"/>
  <node id="4397" action="modify" visible="true" version="1" lat="25.0162198362125" lon="121.46319430269091"/>
  <node id="4398" action="modify" visible="true" version="1" lat="25.01618572782152" lon="121.4632241959286"/>
  <node id="4399" action="modify" visible="true" version="1" lat="25.016313390026255" lon="121.46315746547606"/>
  <node id="4400" action="modify" visible="true" version="1" lat="25.016257730705178" lon="121.46314464561863"/>
  <node id="4401" action="modify" visible="true" version="1" lat="25.01620356756944" lon="121.46315892344175"/>
  <node id="4402" action="modify" visible="true" version="1" lat="25.01615870892207" lon="121.4631979049352"/>
  <node id="4406" action="modify" visible="true" version="1" lat="25.01630565499882" lon="121.4632024081897"/>
  <node id="4407" action="modify" visible="true" version="1" lat="25.016266822744186" lon="121.4632049576085"/>
  <node id="4408" action="modify" visible="true" version="1" lat="25.0162288476641" lon="121.46323146150263"/>
  <node id="4409" action="modify" visible="true" version="1" lat="25.016313374559452" lon="121.46316369529255"/>
  <node id="4410" action="modify" visible="true" version="1" lat="25.016255055761892" lon="121.46316749157292"/>
  <node id="4411" action="modify" visible="true" version="1" lat="25.01620420089469" lon="121.46320249981787"/>
  <node id="4415" action="modify" visible="true" version="1" lat="25.016270434649904" lon="121.46326879997741"/>
  <node id="4416" action="modify" visible="true" version="1" lat="25.016261839177" lon="121.46330729009239"/>
  <node id="4420" action="modify" visible="true" version="1" lat="25.01623986247364" lon="121.46320258605614"/>
  <node id="4421" action="modify" visible="true" version="1" lat="25.016254774103217" lon="121.4631545172053"/>
  <node id="4422" action="modify" visible="true" version="1" lat="25.016251924140747" lon="121.46311364116491"/>
  <node id="4423" action="modify" visible="true" version="1" lat="25.016231311770945" lon="121.46307995883333"/>
  <node id="4424" action="modify" visible="true" version="1" lat="25.01627209041192" lon="121.46322046073367"/>
  <node id="4425" action="modify" visible="true" version="1" lat="25.016290490208306" lon="121.46316035086475"/>
  <node id="4426" action="modify" visible="true" version="1" lat="25.016286055306523" lon="121.46310070542484"/>
  <node id="4427" action="modify" visible="true" version="1" lat="25.01625589585364" lon="121.46305093246988"/>
  <node id="4431" action="modify" visible="true" version="1" lat="25.016233497475174" lon="121.4632078259292"/>
  <node id="4432" action="modify" visible="true" version="1" lat="25.016238006456728" lon="121.4631631634899"/>
  <node id="4433" action="modify" visible="true" version="1" lat="25.01622071537854" lon="121.4631238612979"/>
  <node id="4434" action="modify" visible="true" version="1" lat="25.016267503283558" lon="121.46322115602969"/>
  <node id="4435" action="modify" visible="true" version="1" lat="25.016273622439495" lon="121.46315663363609"/>
  <node id="4436" action="modify" visible="true" version="1" lat="25.01624830002385" lon="121.4630982880584"/>
  <node id="4440" action="modify" visible="true" version="1" lat="25.016207128192328" lon="121.46325793395575"/>
  <node id="4441" action="modify" visible="true" version="1" lat="25.016178583781194" lon="121.46323366147676"/>
  <node id="4445" action="modify" visible="true" version="1" lat="25.016185862952632" lon="121.46320961806818"/>
  <node id="4446" action="modify" visible="true" version="1" lat="25.016149882253103" lon="121.46321296608924"/>
  <node id="4450" action="modify" visible="true" version="1" lat="25.016244189109443" lon="121.46313968152836"/>
  <node id="4451" action="modify" visible="true" version="1" lat="25.01627341974297" lon="121.46316398365174"/>
  <node id="4452" action="modify" visible="true" version="1" lat="25.016302653625697" lon="121.46318829475827"/>
  <node id="4453" action="modify" visible="true" version="1" lat="25.01622238335187" lon="121.46317126898872"/>
  <node id="4454" action="modify" visible="true" version="1" lat="25.01625161399059" lon="121.4631955711121"/>
  <node id="4455" action="modify" visible="true" version="1" lat="25.016280842180215" lon="121.46321987772704"/>
  <node id="4459" action="modify" visible="true" version="1" lat="25.01620057840446" lon="121.46320285644904"/>
  <node id="4460" action="modify" visible="true" version="1" lat="25.01622980823433" lon="121.46322715857242"/>
  <node id="4461" action="modify" visible="true" version="1" lat="25.01625902991681" lon="121.46325145979748"/>
  <node id="4464" action="modify" visible="true" version="1" lat="25.016178772639144" lon="121.46323444480771"/>
  <node id="4465" action="modify" visible="true" version="1" lat="25.016208002474205" lon="121.46325874603278"/>
  <node id="4466" action="modify" visible="true" version="1" lat="25.01623721764953" lon="121.46328304186794"/>
  <node id="4469" action="modify" visible="true" version="1" lat="25.008910880201867" lon="121.46488084022951"/>
  <node id="4470" action="modify" visible="true" version="1" lat="25.008941815659146" lon="121.46487379025113"/>
  <node id="4474" action="modify" visible="true" version="1" lat="25.008893513195556" lon="121.46488369777042"/>
  <node id="4475" action="modify" visible="true" version="1" lat="25.008881913209517" lon="121.46484977379203"/>
  <node id="4476" action="modify" visible="true" version="1" lat="25.008915317812285" lon="121.46485860423127"/>
  <node id="4477" action="modify" visible="true" version="1" lat="25.00891275505362" lon="121.46485730347074"/>
  <node id="4481" action="modify" visible="true" version="1" lat="25.008875332909568" lon="121.4649362941303"/>
  <node id="4482" action="modify" visible="true" version="1" lat="25.008834937691667" lon="121.46494383279217"/>
  <node id="4483" action="modify" visible="true" version="1" lat="25.008809116332003" lon="121.4649733343644"/>
  <node id="4484" action="modify" visible="true" version="1" lat="25.00887770354346" lon="121.46489675298645"/>
  <node id="4485" action="modify" visible="true" version="1" lat="25.00881853862965" lon="121.46490852810318"/>
  <node id="4486" action="modify" visible="true" version="1" lat="25.008776849800935" lon="121.46495554502683"/>
  <node id="4490" action="modify" visible="true" version="1" lat="25.008884454802452" lon="121.46494473470071"/>
  <node id="4491" action="modify" visible="true" version="1" lat="25.008851725073136" lon="121.46496955605032"/>
  <node id="4492" action="modify" visible="true" version="1" lat="25.008876747800272" lon="121.46490602180356"/>
  <node id="4493" action="modify" visible="true" version="1" lat="25.00882233636735" lon="121.46494653043295"/>
  <node id="4497" action="modify" visible="true" version="1" lat="25.00893026777949" lon="121.4649507049041"/>
  <node id="4498" action="modify" visible="true" version="1" lat="25.0089428544391" lon="121.46491356405866"/>
  <node id="4502" action="modify" visible="true" version="1" lat="25.008905111552316" lon="121.4649844240666"/>
  <node id="4503" action="modify" visible="true" version="1" lat="25.00890134231036" lon="121.46502383405641"/>
  <node id="4507" action="modify" visible="true" version="1" lat="25.00885529974875" lon="121.46494444274823"/>
  <node id="4508" action="modify" visible="true" version="1" lat="25.008865361104593" lon="121.46490754444795"/>
  <node id="4509" action="modify" visible="true" version="1" lat="25.008878808265358" lon="121.46485968041299"/>
  <node id="4510" action="modify" visible="true" version="1" lat="25.008885439852875" lon="121.46495484703588"/>
  <node id="4511" action="modify" visible="true" version="1" lat="25.008895675421755" lon="121.46491732260982"/>
  <node id="4512" action="modify" visible="true" version="1" lat="25.00890887428142" lon="121.46487034072045"/>
  <node id="4516" action="modify" visible="true" version="1" lat="25.00891557994961" lon="121.4649652513235"/>
  <node id="4517" action="modify" visible="true" version="1" lat="25.00892598891736" lon="121.46492709987338"/>
  <node id="4518" action="modify" visible="true" version="1" lat="25.00893894029013" lon="121.46488100102792"/>
  <node id="4521" action="modify" visible="true" version="1" lat="25.00886743540942" lon="121.46489983061461"/>
  <node id="4522" action="modify" visible="true" version="1" lat="25.00885746930245" lon="121.46493676215258"/>
  <node id="4523" action="modify" visible="true" version="1" lat="25.008843146990955" lon="121.46498438903231"/>
  <node id="4524" action="modify" visible="true" version="1" lat="25.008832825938075" lon="121.4648885271134"/>
  <node id="4525" action="modify" visible="true" version="1" lat="25.008822939609274" lon="121.46492516759717"/>
  <node id="4526" action="modify" visible="true" version="1" lat="25.00880905527512" lon="121.46497132752806"/>
  <node id="4530" action="modify" visible="true" version="1" lat="25.00879821645697" lon="121.46487722271387"/>
  <node id="4531" action="modify" visible="true" version="1" lat="25.008788410720488" lon="121.4649135721435"/>
  <node id="4532" action="modify" visible="true" version="1" lat="25.008774963549822" lon="121.46495826602384"/>
  <node id="4535" action="modify" visible="true" version="1" lat="25.008878750464874" lon="121.46489644037273"/>
  <node id="4536" action="modify" visible="true" version="1" lat="25.00890074313928" lon="121.46493326321453"/>
  <node id="4537" action="modify" visible="true" version="1" lat="25.00884354345353" lon="121.46490524386252"/>
  <node id="4538" action="modify" visible="true" version="1" lat="25.008878384123793" lon="121.46496437905934"/>
  <node id="4542" action="modify" visible="true" version="1" lat="25.01430427638958" lon="121.46834839561669"/>
  <node id="4543" action="modify" visible="true" version="1" lat="25.01434727152841" lon="121.46834352045964"/>
  <node id="4544" action="modify" visible="true" version="1" lat="25.0143781852649" lon="121.46834294823282"/>
  <node id="4545" action="modify" visible="true" version="1" lat="25.01439641927793" lon="121.4683429302665"/>
  <node id="4546" action="modify" visible="true" version="1" lat="25.01443267075738" lon="121.46837095231348"/>
  <node id="4547" action="modify" visible="true" version="1" lat="25.014565915122343" lon="121.46849921017647"/>
  <node id="4548" action="modify" visible="true" version="1" lat="25.01430838818299" lon="121.46838776608065"/>
  <node id="4549" action="modify" visible="true" version="1" lat="25.014349126759853" lon="121.4683830957395"/>
  <node id="4550" action="modify" visible="true" version="1" lat="25.01437821864115" lon="121.46838257651326"/>
  <node id="4551" action="modify" visible="true" version="1" lat="25.014396451840117" lon="121.46838255764862"/>
  <node id="4552" action="modify" visible="true" version="1" lat="25.014408860475587" lon="121.46840074493988"/>
  <node id="4553" action="modify" visible="true" version="1" lat="25.014542104866393" lon="121.46852900190459"/>
  <node id="4557" action="modify" visible="true" version="1" lat="25.01431454325499" lon="121.46834079856433"/>
  <node id="4558" action="modify" visible="true" version="1" lat="25.01431998847052" lon="121.46832119373155"/>
  <node id="4559" action="modify" visible="true" version="1" lat="25.014323325282845" lon="121.46829301537775"/>
  <node id="4560" action="modify" visible="true" version="1" lat="25.01432745091456" lon="121.46824244831208"/>
  <node id="4561" action="modify" visible="true" version="1" lat="25.01432784003293" lon="121.4682357549649"/>
  <node id="4562" action="modify" visible="true" version="1" lat="25.01432911402927" lon="121.46818605207854"/>
  <node id="4563" action="modify" visible="true" version="1" lat="25.014329104260614" lon="121.4681854250545"/>
  <node id="4564" action="modify" visible="true" version="1" lat="25.01432612563272" lon="121.46813707682756"/>
  <node id="4565" action="modify" visible="true" version="1" lat="25.014319355949606" lon="121.46810319776496"/>
  <node id="4566" action="modify" visible="true" version="1" lat="25.01430471190918" lon="121.46805728217583"/>
  <node id="4567" action="modify" visible="true" version="1" lat="25.01429362854539" lon="121.4680283986445"/>
  <node id="4568" action="modify" visible="true" version="1" lat="25.01427420681008" lon="121.46798369039114"/>
  <node id="4569" action="modify" visible="true" version="1" lat="25.014266699589754" lon="121.46796767432792"/>
  <node id="4570" action="modify" visible="true" version="1" lat="25.01425474192675" lon="121.46791734621415"/>
  <node id="4571" action="modify" visible="true" version="1" lat="25.014270217123862" lon="121.46787591231997"/>
  <node id="4572" action="modify" visible="true" version="1" lat="25.01434504264568" lon="121.4683620140764"/>
  <node id="4573" action="modify" visible="true" version="1" lat="25.01435579631256" lon="121.46832630334892"/>
  <node id="4574" action="modify" visible="true" version="1" lat="25.014359133937976" lon="121.46829812230013"/>
  <node id="4575" action="modify" visible="true" version="1" lat="25.014363478549257" lon="121.46824512259667"/>
  <node id="4576" action="modify" visible="true" version="1" lat="25.014363887204837" lon="121.46823808699138"/>
  <node id="4577" action="modify" visible="true" version="1" lat="25.01436521981276" lon="121.46818543134268"/>
  <node id="4578" action="modify" visible="true" version="1" lat="25.014365207601937" lon="121.46818467046965"/>
  <node id="4579" action="modify" visible="true" version="1" lat="25.014361933472976" lon="121.46813196271866"/>
  <node id="4580" action="modify" visible="true" version="1" lat="25.014354059119206" lon="121.46809224460671"/>
  <node id="4581" action="modify" visible="true" version="1" lat="25.014338255054398" lon="121.4680426099923"/>
  <node id="4582" action="modify" visible="true" version="1" lat="25.014326592086345" lon="121.46801222088456"/>
  <node id="4583" action="modify" visible="true" version="1" lat="25.014306317226275" lon="121.46796556418533"/>
  <node id="4584" action="modify" visible="true" version="1" lat="25.014298810821966" lon="121.46794954812212"/>
  <node id="4585" action="modify" visible="true" version="1" lat="25.01429082005422" lon="121.46791901258898"/>
  <node id="4586" action="modify" visible="true" version="1" lat="25.014297512403648" lon="121.4679018565637"/>
  <node id="4590" action="modify" visible="true" version="1" lat="25.011056440029932" lon="121.46386219381644"/>
  <node id="4591" action="modify" visible="true" version="1" lat="25.01103835775335" lon="121.46382219453179"/>
  <node id="4592" action="modify" visible="true" version="1" lat="25.011084698262696" lon="121.46384668170812"/>
  <node id="4593" action="modify" visible="true" version="1" lat="25.011066690885343" lon="121.4638068486118"/>
  <node id="4597" action="modify" visible="true" version="1" lat="25.011112955674893" lon="121.46383116959979"/>
  <node id="4598" action="modify" visible="true" version="1" lat="25.011095024010803" lon="121.46379150179347"/>
  <node id="4601" action="modify" visible="true" version="1" lat="25.011047183975666" lon="121.46387778228156"/>
  <node id="4602" action="modify" visible="true" version="1" lat="25.01100123746554" lon="121.46388480620877"/>
  <node id="4603" action="modify" visible="true" version="1" lat="25.011056689951527" lon="121.46383955267804"/>
  <node id="4604" action="modify" visible="true" version="1" lat="25.01098698297246" lon="121.46384839749031"/>
  <node id="4608" action="modify" visible="true" version="1" lat="25.0109961445983" lon="121.4638873349663"/>
  <node id="4609" action="modify" visible="true" version="1" lat="25.01103167499523" lon="121.46389531110772"/>
  <node id="4610" action="modify" visible="true" version="1" lat="25.01100967374756" lon="121.4639186691017"/>
  <node id="4611" action="modify" visible="true" version="1" lat="25.011009485695734" lon="121.46391999501509"/>
  <node id="4615" action="modify" visible="true" version="1" lat="25.011034199448055" lon="121.46385318910404"/>
  <node id="4616" action="modify" visible="true" version="1" lat="25.01103316638433" lon="121.46381065118038"/>
  <node id="4617" action="modify" visible="true" version="1" lat="25.011062119029983" lon="121.46386942166123"/>
  <node id="4618" action="modify" visible="true" version="1" lat="25.011061615116432" lon="121.46379556487351"/>
  <node id="4622" action="modify" visible="true" version="1" lat="25.011009412428784" lon="121.46387509901383"/>
  <node id="4623" action="modify" visible="true" version="1" lat="25.010978715202896" lon="121.46385423114977"/>
  <node id="4627" action="modify" visible="true" version="1" lat="25.011053432015892" lon="121.46385558401259"/>
  <node id="4628" action="modify" visible="true" version="1" lat="25.01107165756776" lon="121.46389546382129"/>
  <node id="4629" action="modify" visible="true" version="1" lat="25.011025155866236" lon="121.46387105569671"/>
  <node id="4630" action="modify" visible="true" version="1" lat="25.011043422940222" lon="121.46391102803193"/>
  <node id="4634" action="modify" visible="true" version="1" lat="25.010996879710067" lon="121.46388652827916"/>
  <node id="4635" action="modify" visible="true" version="1" lat="25.011015189120272" lon="121.46392659224254"/>
  <node id="4638" action="modify" visible="true" version="1" lat="25.009272111422572" lon="121.4636896813493"/>
  <node id="4639" action="modify" visible="true" version="1" lat="25.009303690732853" lon="121.46369080154844"/>
  <node id="4643" action="modify" visible="true" version="1" lat="25.009244214228207" lon="121.46371551150696"/>
  <node id="4644" action="modify" visible="true" version="1" lat="25.009214398219576" lon="121.4637453481508"/>
  <node id="4645" action="modify" visible="true" version="1" lat="25.009235651641134" lon="121.4636821355009"/>
  <node id="4646" action="modify" visible="true" version="1" lat="25.009186170491862" lon="121.46372977046546"/>
  <node id="4650" action="modify" visible="true" version="1" lat="25.00928983576023" lon="121.46372220934572"/>
  <node id="4651" action="modify" visible="true" version="1" lat="25.009275699111377" lon="121.4637586728614"/>
  <node id="4655" action="modify" visible="true" version="1" lat="25.009265439965585" lon="121.46372365293837"/>
  <node id="4656" action="modify" visible="true" version="1" lat="25.009284462775543" lon="121.46375733526995"/>
  <node id="4660" action="modify" visible="true" version="1" lat="25.009224441636043" lon="121.46370937781019"/>
  <node id="4661" action="modify" visible="true" version="1" lat="25.009237607082724" lon="121.4636732197217"/>
  <node id="4662" action="modify" visible="true" version="1" lat="25.00925418681651" lon="121.46372107028192"/>
  <node id="4663" action="modify" visible="true" version="1" lat="25.00926655770941" lon="121.46368710767598"/>
  <node id="4667" action="modify" visible="true" version="1" lat="25.00928393198977" lon="121.46373276365199"/>
  <node id="4668" action="modify" visible="true" version="1" lat="25.009295509143364" lon="121.46370099563028"/>
  <node id="4671" action="modify" visible="true" version="1" lat="25.00920873053133" lon="121.46376060693422"/>
  <node id="4672" action="modify" visible="true" version="1" lat="25.009238740294496" lon="121.46377145588791"/>
  <node id="4676" action="modify" visible="true" version="1" lat="25.009234545294262" lon="121.4636810126068"/>
  <node id="4677" action="modify" visible="true" version="1" lat="25.00922187481338" lon="121.463717383596"/>
  <node id="4678" action="modify" visible="true" version="1" lat="25.009205459521247" lon="121.46366746870724"/>
  <node id="4679" action="modify" visible="true" version="1" lat="25.00919201728078" lon="121.46370604326387"/>
  <node id="4683" action="modify" visible="true" version="1" lat="25.00917637374133" lon="121.4636539239094"/>
  <node id="4684" action="modify" visible="true" version="1" lat="25.009162158926824" lon="121.46369470203341"/>
  <node id="4687" action="modify" visible="true" version="1" lat="25.00924870799871" lon="121.46367940731737"/>
  <node id="4688" action="modify" visible="true" version="1" lat="25.009275730046745" lon="121.46371439939264"/>
  <node id="4689" action="modify" visible="true" version="1" lat="25.009213930118364" lon="121.4636900712181"/>
  <node id="4690" action="modify" visible="true" version="1" lat="25.009257167195596" lon="121.46374838894803"/>
  <node id="4694" action="modify" visible="true" version="1" lat="25.00925557972245" lon="121.46363216401826"/>
  <node id="4695" action="modify" visible="true" version="1" lat="25.009260724763553" lon="121.46362151449057"/>
  <node id="4696" action="modify" visible="true" version="1" lat="25.009240655031597" lon="121.46366272560253"/>
  <node id="4697" action="modify" visible="true" version="1" lat="25.009279912020148" lon="121.46364906222708"/>
  <node id="4701" action="modify" visible="true" version="1" lat="25.010391022383583" lon="121.46420418064847"/>
  <node id="4702" action="modify" visible="true" version="1" lat="25.010414538747046" lon="121.46423425175261"/>
  <node id="4706" action="modify" visible="true" version="1" lat="25.01035749199955" lon="121.46420609495836"/>
  <node id="4707" action="modify" visible="true" version="1" lat="25.010380685993226" lon="121.4641757238169"/>
  <node id="4711" action="modify" visible="true" version="1" lat="25.010371511296174" lon="121.46422399658532"/>
  <node id="4712" action="modify" visible="true" version="1" lat="25.01034092136961" lon="121.4642450539939"/>
  <node id="4716" action="modify" visible="true" version="1" lat="25.01038386416674" lon="121.46420179112982"/>
  <node id="4717" action="modify" visible="true" version="1" lat="25.010388414881238" lon="121.46424110140667"/>
  <node id="4721" action="modify" visible="true" version="1" lat="25.010405324162544" lon="121.46419456328503"/>
  <node id="4722" action="modify" visible="true" version="1" lat="25.01036295937075" lon="121.46420129346313"/>
  <node id="4723" action="modify" visible="true" version="1" lat="25.010389872086737" lon="121.46415874745468"/>
  <node id="4724" action="modify" visible="true" version="1" lat="25.010368113320357" lon="121.46416207211954"/>
  <node id="4728" action="modify" visible="true" version="1" lat="25.010379070855837" lon="121.46423108519124"/>
  <node id="4729" action="modify" visible="true" version="1" lat="25.010343002976256" lon="121.46422917088137"/>
  <node id="4733" action="modify" visible="true" version="1" lat="25.010036113371076" lon="121.4656315659057"/>
  <node id="4734" action="modify" visible="true" version="1" lat="25.01006581113813" lon="121.46565410912775"/>
  <node id="4738" action="modify" visible="true" version="1" lat="25.009982424544273" lon="121.46563766546649"/>
  <node id="4739" action="modify" visible="true" version="1" lat="25.009971998570286" lon="121.46560025512647"/>
  <node id="4740" action="modify" visible="true" version="1" lat="25.009953525373636" lon="121.46555825798863"/>
  <node id="4741" action="modify" visible="true" version="1" lat="25.010016871689007" lon="121.46562577985695"/>
  <node id="4742" action="modify" visible="true" version="1" lat="25.01000606147039" lon="121.46558710019745"/>
  <node id="4743" action="modify" visible="true" version="1" lat="25.00998442393451" lon="121.46553775034899"/>
  <node id="4747" action="modify" visible="true" version="1" lat="25.01005131882409" lon="121.46561389514575"/>
  <node id="4748" action="modify" visible="true" version="1" lat="25.01004012354695" lon="121.46557394616676"/>
  <node id="4749" action="modify" visible="true" version="1" lat="25.01001532167354" lon="121.46551724270938"/>
  <node id="4752" action="modify" visible="true" version="1" lat="25.00996668260133" lon="121.46558624769627"/>
  <node id="4753" action="modify" visible="true" version="1" lat="25.00997778100916" lon="121.465623056165"/>
  <node id="4754" action="modify" visible="true" version="1" lat="25.00999285295963" lon="121.46566971735581"/>
  <node id="4755" action="modify" visible="true" version="1" lat="25.009933452498558" lon="121.465601755313"/>
  <node id="4756" action="modify" visible="true" version="1" lat="25.009943099397198" lon="121.46563409106996"/>
  <node id="4757" action="modify" visible="true" version="1" lat="25.00995969287517" lon="121.465685402839"/>
  <node id="4761" action="modify" visible="true" version="1" lat="25.0099002223868" lon="121.46561726292974"/>
  <node id="4762" action="modify" visible="true" version="1" lat="25.009908417775446" lon="121.46564512507659"/>
  <node id="4763" action="modify" visible="true" version="1" lat="25.00992653196768" lon="121.46570108922049"/>
  <node id="4766" action="modify" visible="true" version="1" lat="25.009975342827524" lon="121.46557370901152"/>
  <node id="4767" action="modify" visible="true" version="1" lat="25.010015085589245" lon="121.46558218641286"/>
  <node id="4768" action="modify" visible="true" version="1" lat="25.009958001208336" lon="121.46560846662646"/>
  <node id="4769" action="modify" visible="true" version="1" lat="25.01001900703067" lon="121.46562157843637"/>
  <node id="4773" action="modify" visible="true" version="1" lat="25.009992641297814" lon="121.46553727424191"/>
  <node id="4774" action="modify" visible="true" version="1" lat="25.010008472786648" lon="121.46550165873585"/>
  <node id="4778" action="modify" visible="true" version="1" lat="25.01000853384293" lon="121.4656030848196"/>
  <node id="4779" action="modify" visible="true" version="1" lat="25.009991408774756" lon="121.46564233760428"/>
  <node id="4780" action="modify" visible="true" version="1" lat="25.009981711406706" lon="121.46557655487432"/>
  <node id="4781" action="modify" visible="true" version="1" lat="25.009955518251676" lon="121.46563797269032"/>
  <node id="4785" action="modify" visible="true" version="1" lat="25.01005069686427" lon="121.46556898566976"/>
  <node id="4786" action="modify" visible="true" version="1" lat="25.010034168525276" lon="121.46553375374431"/>
  <node id="4790" action="modify" visible="true" version="1" lat="25.013059313281186" lon="121.4633866239084"/>
  <node id="4791" action="modify" visible="true" version="1" lat="25.013059288045216" lon="121.46334188690892"/>
  <node id="4792" action="modify" visible="true" version="1" lat="25.01309393458649" lon="121.46337536352632"/>
  <node id="4793" action="modify" visible="true" version="1" lat="25.013094102283546" lon="121.4633524061809"/>
  <node id="4797" action="modify" visible="true" version="1" lat="25.012996833071124" lon="121.46343091444517"/>
  <node id="4798" action="modify" visible="true" version="1" lat="25.012966638619634" lon="121.46339822475197"/>
  <node id="4799" action="modify" visible="true" version="1" lat="25.012941218648333" lon="121.46337181158768"/>
  <node id="4800" action="modify" visible="true" version="1" lat="25.012915425830215" lon="121.46334535799919"/>
  <node id="4801" action="modify" visible="true" version="1" lat="25.012884111205622" lon="121.46331254613513"/>
  <node id="4802" action="modify" visible="true" version="1" lat="25.0130192613463" lon="121.46340649104923"/>
  <node id="4803" action="modify" visible="true" version="1" lat="25.012988562180617" lon="121.46337325607865"/>
  <node id="4804" action="modify" visible="true" version="1" lat="25.012962791352173" lon="121.46334647730004"/>
  <node id="4805" action="modify" visible="true" version="1" lat="25.012937070176246" lon="121.4633200973734"/>
  <node id="4806" action="modify" visible="true" version="1" lat="25.012906109675274" lon="121.46328765651356"/>
  <node id="4810" action="modify" visible="true" version="1" lat="25.013041689617385" lon="121.46338206765328"/>
  <node id="4811" action="modify" visible="true" version="1" lat="25.01301048655175" lon="121.46334828740534"/>
  <node id="4812" action="modify" visible="true" version="1" lat="25.01298436486628" lon="121.46332114391072"/>
  <node id="4813" action="modify" visible="true" version="1" lat="25.01295871451847" lon="121.46329483674762"/>
  <node id="4814" action="modify" visible="true" version="1" lat="25.012928107326932" lon="121.46326276599368"/>
  <node id="4817" action="modify" visible="true" version="1" lat="25.013064117884372" lon="121.46335764425733"/>
  <node id="4818" action="modify" visible="true" version="1" lat="25.013032410104902" lon="121.463323318732"/>
  <node id="4819" action="modify" visible="true" version="1" lat="25.013005937562543" lon="121.46329580962308"/>
  <node id="4820" action="modify" visible="true" version="1" lat="25.01298035885688" lon="121.4632695761218"/>
  <node id="4821" action="modify" visible="true" version="1" lat="25.01295010578871" lon="121.46323787637208"/>
  <node id="4824" action="modify" visible="true" version="1" lat="25.012997384192445" lon="121.46344175351739"/>
  <node id="4825" action="modify" visible="true" version="1" lat="25.012959129691236" lon="121.46343071232423"/>
  <node id="4826" action="modify" visible="true" version="1" lat="25.01292218663601" lon="121.46344307314253"/>
  <node id="4827" action="modify" visible="true" version="1" lat="25.012886556656095" lon="121.46347883597232"/>
  <node id="4828" action="modify" visible="true" version="1" lat="25.013014358239637" lon="121.46340677671347"/>
  <node id="4829" action="modify" visible="true" version="1" lat="25.01295855170562" lon="121.46339108943369"/>
  <node id="4830" action="modify" visible="true" version="1" lat="25.01290351199511" lon="121.46340915635066"/>
  <node id="4831" action="modify" visible="true" version="1" lat="25.012858477932227" lon="121.46345391850296"/>
  <node id="4835" action="modify" visible="true" version="1" lat="25.012975584370793" lon="121.46351301058066"/>
  <node id="4836" action="modify" visible="true" version="1" lat="25.012966549886638" lon="121.4635462374664"/>
  <node id="4840" action="modify" visible="true" version="1" lat="25.01291291769734" lon="121.46343648220329"/>
  <node id="4841" action="modify" visible="true" version="1" lat="25.012935328078427" lon="121.46339741087833"/>
  <node id="4842" action="modify" visible="true" version="1" lat="25.012952895587063" lon="121.46336430885842"/>
  <node id="4843" action="modify" visible="true" version="1" lat="25.012971194936874" lon="121.46333065976454"/>
  <node id="4844" action="modify" visible="true" version="1" lat="25.012995800023905" lon="121.4632899472175"/>
  <node id="4845" action="modify" visible="true" version="1" lat="25.012943025057147" lon="121.46345836157035"/>
  <node id="4846" action="modify" visible="true" version="1" lat="25.012966324390856" lon="121.46341773975321"/>
  <node id="4847" action="modify" visible="true" version="1" lat="25.012984159722137" lon="121.46338413827"/>
  <node id="4848" action="modify" visible="true" version="1" lat="25.013001829795844" lon="121.46335163812135"/>
  <node id="4849" action="modify" visible="true" version="1" lat="25.013025379035984" lon="121.46331267639084"/>
  <node id="4853" action="modify" visible="true" version="1" lat="25.01297313159551" lon="121.46348024183574"/>
  <node id="4854" action="modify" visible="true" version="1" lat="25.012997320695458" lon="121.46343806772977"/>
  <node id="4855" action="modify" visible="true" version="1" lat="25.013015423849247" lon="121.46340396678328"/>
  <node id="4856" action="modify" visible="true" version="1" lat="25.013032465461237" lon="121.46337261557984"/>
  <node id="4857" action="modify" visible="true" version="1" lat="25.013054958854998" lon="121.46333540466584"/>
  <node id="4860" action="modify" visible="true" version="1" lat="25.013003238126494" lon="121.46350212120281"/>
  <node id="4861" action="modify" visible="true" version="1" lat="25.01302831699223" lon="121.46345839660465"/>
  <node id="4862" action="modify" visible="true" version="1" lat="25.013046687968412" lon="121.46342379619485"/>
  <node id="4863" action="modify" visible="true" version="1" lat="25.013063100304922" lon="121.46339359393669"/>
  <node id="4864" action="modify" visible="true" version="1" lat="25.013084538666888" lon="121.46335813383917"/>
  <node id="4867" action="modify" visible="true" version="1" lat="25.012900988394772" lon="121.4634455497978"/>
  <node id="4868" action="modify" visible="true" version="1" lat="25.01290768489027" lon="121.46340226178087"/>
  <node id="4869" action="modify" visible="true" version="1" lat="25.012900180842657" lon="121.46335817426335"/>
  <node id="4870" action="modify" visible="true" version="1" lat="25.012878477877447" lon="121.46331328544859"/>
  <node id="4871" action="modify" visible="true" version="1" lat="25.0129307823427" lon="121.46345709225085"/>
  <node id="4872" action="modify" visible="true" version="1" lat="25.012939278732926" lon="121.46340191053959"/>
  <node id="4873" action="modify" visible="true" version="1" lat="25.01292990722343" lon="121.4633464225028"/>
  <node id="4874" action="modify" visible="true" version="1" lat="25.01290438711457" lon="121.46329344076567"/>
  <node id="4878" action="modify" visible="true" version="1" lat="25.01283033733299" lon="121.4633660120642"/>
  <node id="4879" action="modify" visible="true" version="1" lat="25.012834800851863" lon="121.46340989117256"/>
  <node id="4880" action="modify" visible="true" version="1" lat="25.012796967985842" lon="121.46338115406664"/>
  <node id="4881" action="modify" visible="true" version="1" lat="25.012799434603746" lon="121.46340188898002"/>
  <node id="4885" action="modify" visible="true" version="1" lat="25.012886718654975" lon="121.46331533450577"/>
  <node id="4886" action="modify" visible="true" version="1" lat="25.01291750739321" lon="121.46334754719355"/>
  <node id="4887" action="modify" visible="true" version="1" lat="25.012943125187068" lon="121.46337383100045"/>
  <node id="4888" action="modify" visible="true" version="1" lat="25.012968655870708" lon="121.46340042113286"/>
  <node id="4889" action="modify" visible="true" version="1" lat="25.012999183273863" lon="121.46343355100053"/>
  <node id="4890" action="modify" visible="true" version="1" lat="25.012864742161593" lon="121.46334024748354"/>
  <node id="4891" action="modify" visible="true" version="1" lat="25.012895871184373" lon="121.46337281590415"/>
  <node id="4892" action="modify" visible="true" version="1" lat="25.012921534570356" lon="121.46339914642346"/>
  <node id="4893" action="modify" visible="true" version="1" lat="25.012946702185786" lon="121.46342535746682"/>
  <node id="4894" action="modify" visible="true" version="1" lat="25.012976732201224" lon="121.46345794834531"/>
  <node id="4898" action="modify" visible="true" version="1" lat="25.012842766478347" lon="121.46336516046132"/>
  <node id="4899" action="modify" visible="true" version="1" lat="25.012874234971726" lon="121.4633980846148"/>
  <node id="4900" action="modify" visible="true" version="1" lat="25.01289994394984" lon="121.46342446274481"/>
  <node id="4901" action="modify" visible="true" version="1" lat="25.01292474768288" lon="121.46345029380079"/>
  <node id="4902" action="modify" visible="true" version="1" lat="25.012954281124475" lon="121.46348234658844"/>
  <node id="4905" action="modify" visible="true" version="1" lat="25.012820790791167" lon="121.46339007433743"/>
  <node id="4906" action="modify" visible="true" version="1" lat="25.01285259875526" lon="121.46342335422375"/>
  <node id="4907" action="modify" visible="true" version="1" lat="25.012878353325537" lon="121.46344977816781"/>
  <node id="4908" action="modify" visible="true" version="1" lat="25.012902793176053" lon="121.46347523013476"/>
  <node id="4909" action="modify" visible="true" version="1" lat="25.012931830043627" lon="121.46350674393324"/>
  <node id="4912" action="modify" visible="true" version="1" lat="25.01288460534292" lon="121.46330386301958"/>
  <node id="4913" action="modify" visible="true" version="1" lat="25.012922906269022" lon="121.46331642955211"/>
  <node id="4914" action="modify" visible="true" version="1" lat="25.01296057872559" lon="121.46330865822658"/>
  <node id="4915" action="modify" visible="true" version="1" lat="25.012997621085074" lon="121.4632805481447"/>
  <node id="4916" action="modify" visible="true" version="1" lat="25.01286753440408" lon="121.46333878322963"/>
  <node id="4917" action="modify" visible="true" version="1" lat="25.012920833660825" lon="121.46335599225552"/>
  <node id="4918" action="modify" visible="true" version="1" lat="25.0129750552291" lon="121.46334496184217"/>
  <node id="4919" action="modify" visible="true" version="1" lat="25.01302248829536" lon="121.4633092825557"/>
  <node id="4923" action="modify" visible="true" version="1" lat="25.012927072651006" lon="121.46323545451408"/>
  <node id="4924" action="modify" visible="true" version="1" lat="25.012891377547326" lon="121.46322301913561"/>
  <node id="4925" action="modify" visible="true" version="1" lat="25.012918713836836" lon="121.46320201562592"/>
  <node id="4926" action="modify" visible="true" version="1" lat="25.012913284026386" lon="121.46319803159767"/>
  <node id="4930" action="modify" visible="true" version="1" lat="25.01298984677369" lon="121.46329936156171"/>
  <node id="4931" action="modify" visible="true" version="1" lat="25.01296695854687" lon="121.46333811667968"/>
  <node id="4932" action="modify" visible="true" version="1" lat="25.012949240438346" lon="121.4633711306647"/>
  <node id="4933" action="modify" visible="true" version="1" lat="25.012931157626404" lon="121.4634048785733"/>
  <node id="4934" action="modify" visible="true" version="1" lat="25.012907176099898" lon="121.46344583456371"/>
  <node id="4935" action="modify" visible="true" version="1" lat="25.012960051211966" lon="121.46327697284988"/>
  <node id="4936" action="modify" visible="true" version="1" lat="25.012936146213153" lon="121.46331745363153"/>
  <node id="4937" action="modify" visible="true" version="1" lat="25.012917960827156" lon="121.46335133089752"/>
  <node id="4938" action="modify" visible="true" version="1" lat="25.012900308650803" lon="121.46338428110212"/>
  <node id="4939" action="modify" visible="true" version="1" lat="25.01287726003653" lon="121.46342364258295"/>
  <node id="4943" action="modify" visible="true" version="1" lat="25.01293025645707" lon="121.46325458503637"/>
  <node id="4944" action="modify" visible="true" version="1" lat="25.012905333057645" lon="121.46329679148168"/>
  <node id="4945" action="modify" visible="true" version="1" lat="25.012886681208" lon="121.46333153113034"/>
  <node id="4946" action="modify" visible="true" version="1" lat="25.01286945966745" lon="121.46336368363099"/>
  <node id="4947" action="modify" visible="true" version="1" lat="25.0128473431518" lon="121.46340145060218"/>
  <node id="4950" action="modify" visible="true" version="1" lat="25.012900461694954" lon="121.46323219632453"/>
  <node id="4951" action="modify" visible="true" version="1" lat="25.012874520708476" lon="121.4632761284335"/>
  <node id="4952" action="modify" visible="true" version="1" lat="25.012855401580868" lon="121.46331173136316"/>
  <node id="4953" action="modify" visible="true" version="1" lat="25.01283861149041" lon="121.46334308705816"/>
  <node id="4954" action="modify" visible="true" version="1" lat="25.012817427073855" lon="121.46337925772308"/>
  <node id="4957" action="modify" visible="true" version="1" lat="25.012998409913077" lon="121.46329420253701"/>
  <node id="4958" action="modify" visible="true" version="1" lat="25.01298683555075" lon="121.46333940216884"/>
  <node id="4959" action="modify" visible="true" version="1" lat="25.012988716852785" lon="121.46338398825137"/>
  <node id="4960" action="modify" visible="true" version="1" lat="25.01300405300452" lon="121.46342796078451"/>
  <node id="4961" action="modify" visible="true" version="1" lat="25.01303284481495" lon="121.46347132066664"/>
  <node id="4962" action="modify" visible="true" version="1" lat="25.012969504125582" lon="121.46328020139501"/>
  <node id="4963" action="modify" visible="true" version="1" lat="25.012955459075485" lon="121.46333532291915"/>
  <node id="4964" action="modify" visible="true" version="1" lat="25.012957816605592" lon="121.46339122328266"/>
  <node id="4965" action="modify" visible="true" version="1" lat="25.012976421228725" lon="121.46344477634831"/>
  <node id="4966" action="modify" visible="true" version="1" lat="25.013009422570217" lon="121.4634945924224"/>
  <node id="4970" action="modify" visible="true" version="1" lat="25.013742799978623" lon="121.46231206725037"/>
  <node id="4971" action="modify" visible="true" version="1" lat="25.013776008699153" lon="121.46229650393808"/>
  <node id="4975" action="modify" visible="true" version="1" lat="25.01370547780753" lon="121.46235133530638"/>
  <node id="4976" action="modify" visible="true" version="1" lat="25.013660893399646" lon="121.46233461316737"/>
  <node id="4977" action="modify" visible="true" version="1" lat="25.013623333498188" lon="121.46233659215595"/>
  <node id="4978" action="modify" visible="true" version="1" lat="25.01359279648147" lon="121.46235727047548"/>
  <node id="4979" action="modify" visible="true" version="1" lat="25.01372147000145" lon="121.46231580514026"/>
  <node id="4980" action="modify" visible="true" version="1" lat="25.013666722066215" lon="121.46229550501147"/>
  <node id="4981" action="modify" visible="true" version="1" lat="25.01361285573347" lon="121.4622986688779"/>
  <node id="4982" action="modify" visible="true" version="1" lat="25.013567104743668" lon="121.46232942449831"/>
  <node id="4986" action="modify" visible="true" version="1" lat="25.0137102709886" lon="121.46235795678837"/>
  <node id="4987" action="modify" visible="true" version="1" lat="25.013668955031566" lon="121.46235207461987"/>
  <node id="4988" action="modify" visible="true" version="1" lat="25.01363313803457" lon="121.46236911206753"/>
  <node id="4989" action="modify" visible="true" version="1" lat="25.013722459897426" lon="121.46232065424617"/>
  <node id="4990" action="modify" visible="true" version="1" lat="25.013664236742365" lon="121.46231278680092"/>
  <node id="4991" action="modify" visible="true" version="1" lat="25.013610836050802" lon="121.46233794591707"/>
  <node id="4995" action="modify" visible="true" version="1" lat="25.013753486945408" lon="121.46239073092318"/>
  <node id="4996" action="modify" visible="true" version="1" lat="25.013761519265127" lon="121.46238454961569"/>
  <node id="4997" action="modify" visible="true" version="1" lat="25.013732039745577" lon="121.46235885061206"/>
  <node id="4998" action="modify" visible="true" version="1" lat="25.013727117129953" lon="121.46239659153208"/>
  <node id="5002" action="modify" visible="true" version="1" lat="25.01370904827157" lon="121.46240946528842"/>
  <node id="5003" action="modify" visible="true" version="1" lat="25.013713051815028" lon="121.46244884922709"/>
  <node id="5007" action="modify" visible="true" version="1" lat="25.013640570400142" lon="121.46234311482321"/>
  <node id="5008" action="modify" visible="true" version="1" lat="25.013652802461053" lon="121.46230573233099"/>
  <node id="5009" action="modify" visible="true" version="1" lat="25.013667453091703" lon="121.46226548870457"/>
  <node id="5010" action="modify" visible="true" version="1" lat="25.01367344294174" lon="121.46235951356874"/>
  <node id="5011" action="modify" visible="true" version="1" lat="25.01368722415447" lon="121.46231770867035"/>
  <node id="5012" action="modify" visible="true" version="1" lat="25.013699583203987" lon="121.46228357448618"/>
  <node id="5016" action="modify" visible="true" version="1" lat="25.0137063162886" lon="121.46237591231423"/>
  <node id="5017" action="modify" visible="true" version="1" lat="25.01372164502418" lon="121.46232968500972"/>
  <node id="5018" action="modify" visible="true" version="1" lat="25.01373171249381" lon="121.4623016602678"/>
  <node id="5021" action="modify" visible="true" version="1" lat="25.013739189626666" lon="121.46239231105974"/>
  <node id="5022" action="modify" visible="true" version="1" lat="25.013756066698292" lon="121.46234166045078"/>
  <node id="5023" action="modify" visible="true" version="1" lat="25.013763842589285" lon="121.46231974694773"/>
  <node id="5026" action="modify" visible="true" version="1" lat="25.013661092030183" lon="121.46228044655236"/>
  <node id="5027" action="modify" visible="true" version="1" lat="25.013649236879736" lon="121.46231812459035"/>
  <node id="5028" action="modify" visible="true" version="1" lat="25.013633820216665" lon="121.46235777532866"/>
  <node id="5029" action="modify" visible="true" version="1" lat="25.013627815711608" lon="121.46226505841155"/>
  <node id="5030" action="modify" visible="true" version="1" lat="25.01361488681294" lon="121.46230590570583"/>
  <node id="5031" action="modify" visible="true" version="1" lat="25.01360227621036" lon="121.46233848849953"/>
  <node id="5035" action="modify" visible="true" version="1" lat="25.01359453938402" lon="121.46224967116906"/>
  <node id="5036" action="modify" visible="true" version="1" lat="25.013580535922475" lon="121.46229368682135"/>
  <node id="5037" action="modify" visible="true" version="1" lat="25.01357073138189" lon="121.46231920256868"/>
  <node id="5040" action="modify" visible="true" version="1" lat="25.01356126304741" lon="121.46223428302822"/>
  <node id="5041" action="modify" visible="true" version="1" lat="25.013546185836468" lon="121.46228146793686"/>
  <node id="5042" action="modify" visible="true" version="1" lat="25.01353918654532" lon="121.46229991663783"/>
  <node id="5045" action="modify" visible="true" version="1" lat="25.013667700565804" lon="121.46227393646151"/>
  <node id="5046" action="modify" visible="true" version="1" lat="25.013665820088224" lon="121.46231647887673"/>
  <node id="5047" action="modify" visible="true" version="1" lat="25.013681208255193" lon="121.46235825233407"/>
  <node id="5048" action="modify" visible="true" version="1" lat="25.01371386424616" lon="121.46239925683352"/>
  <node id="5049" action="modify" visible="true" version="1" lat="25.013632827877796" lon="121.46226365075151"/>
  <node id="5050" action="modify" visible="true" version="1" lat="25.013630256262918" lon="121.4623233411072"/>
  <node id="5051" action="modify" visible="true" version="1" lat="25.01365075184478" lon="121.462379541508"/>
  <node id="5052" action="modify" visible="true" version="1" lat="25.0136897607636" lon="121.46242876379566"/>
  <node id="5056" action="modify" visible="true" version="1" lat="25.013675626249345" lon="121.46226577526716"/>
  <node id="5057" action="modify" visible="true" version="1" lat="25.013684532059926" lon="121.46230426807708"/>
  <node id="5058" action="modify" visible="true" version="1" lat="25.01371356630047" lon="121.46234610261985"/>
  <node id="5059" action="modify" visible="true" version="1" lat="25.013639538172395" lon="121.46226440892961"/>
  <node id="5060" action="modify" visible="true" version="1" lat="25.013652472766893" lon="121.46232250387733"/>
  <node id="5061" action="modify" visible="true" version="1" lat="25.013687856678636" lon="121.4623739288341"/>
  <node id="5065" action="modify" visible="true" version="1" lat="25.015504205993718" lon="121.46840280657345"/>
  <node id="5066" action="modify" visible="true" version="1" lat="25.015547405038216" lon="121.46840426633578"/>
  <node id="5067" action="modify" visible="true" version="1" lat="25.015515513111243" lon="121.46844044239059"/>
  <node id="5068" action="modify" visible="true" version="1" lat="25.015526001296223" lon="121.46843618257954"/>
  <node id="5072" action="modify" visible="true" version="1" lat="25.015545506680386" lon="121.4683885736661"/>
  <node id="5073" action="modify" visible="true" version="1" lat="25.01555406557132" lon="121.46842707276424"/>
  <node id="5077" action="modify" visible="true" version="1" lat="25.015535754395714" lon="121.4683725638911"/>
  <node id="5078" action="modify" visible="true" version="1" lat="25.01553555088393" lon="121.46837162245669"/>
  <node id="5079" action="modify" visible="true" version="1" lat="25.015442645273584" lon="121.46799146530991"/>
  <node id="5080" action="modify" visible="true" version="1" lat="25.01542992496225" lon="121.46794347730743"/>
  <node id="5081" action="modify" visible="true" version="1" lat="25.015429374665892" lon="121.46794162857458"/>
  <node id="5082" action="modify" visible="true" version="1" lat="25.015412104639076" lon="121.46789562854383"/>
  <node id="5083" action="modify" visible="true" version="1" lat="25.015405904849448" lon="121.46788198942288"/>
  <node id="5084" action="modify" visible="true" version="1" lat="25.015383761927055" lon="121.46783829357082"/>
  <node id="5085" action="modify" visible="true" version="1" lat="25.015382614933173" lon="121.46783631727719"/>
  <node id="5086" action="modify" visible="true" version="1" lat="25.015357808440424" lon="121.46779493368868"/>
  <node id="5087" action="modify" visible="true" version="1" lat="25.015312491988706" lon="121.467719333271"/>
  <node id="5088" action="modify" visible="true" version="1" lat="25.015288516625617" lon="121.46768034099779"/>
  <node id="5089" action="modify" visible="true" version="1" lat="25.015571115785498" lon="121.46836453654574"/>
  <node id="5090" action="modify" visible="true" version="1" lat="25.01557042954393" lon="121.46836136100119"/>
  <node id="5091" action="modify" visible="true" version="1" lat="25.01547752233189" lon="121.46798119936285"/>
  <node id="5092" action="modify" visible="true" version="1" lat="25.015464331504635" lon="121.46793145156074"/>
  <node id="5093" action="modify" visible="true" version="1" lat="25.015463598861754" lon="121.46792899107517"/>
  <node id="5094" action="modify" visible="true" version="1" lat="25.01544452735204" lon="121.46787818415935"/>
  <node id="5095" action="modify" visible="true" version="1" lat="25.015438090676152" lon="121.46786402401551"/>
  <node id="5096" action="modify" visible="true" version="1" lat="25.015414434444388" lon="121.46781738079102"/>
  <node id="5097" action="modify" visible="true" version="1" lat="25.015412783555092" lon="121.46781454031806"/>
  <node id="5098" action="modify" visible="true" version="1" lat="25.015387976254388" lon="121.46777315493293"/>
  <node id="5099" action="modify" visible="true" version="1" lat="25.015342659813808" lon="121.46769755451525"/>
  <node id="5100" action="modify" visible="true" version="1" lat="25.015317977048365" lon="121.4676574258732"/>
  <node id="5104" action="modify" visible="true" version="1" lat="25.015555021262543" lon="121.46841411995617"/>
  <node id="5105" action="modify" visible="true" version="1" lat="25.015523629162566" lon="121.46843370502596"/>
  <node id="5109" action="modify" visible="true" version="1" lat="25.0155750785659" lon="121.46838214083034"/>
  <node id="5110" action="modify" visible="true" version="1" lat="25.0155810512279" lon="121.46842122293509"/>
  <node id="5114" action="modify" visible="true" version="1" lat="25.014595665521476" lon="121.46853435945694"/>
  <node id="5115" action="modify" visible="true" version="1" lat="25.014609393717233" lon="121.46857197820609"/>
  <node id="5116" action="modify" visible="true" version="1" lat="25.01462854024955" lon="121.4686308546881"/>
  <node id="5117" action="modify" visible="true" version="1" lat="25.01464168639367" lon="121.46867740538613"/>
  <node id="5118" action="modify" visible="true" version="1" lat="25.014658864540863" lon="121.46872714240848"/>
  <node id="5119" action="modify" visible="true" version="1" lat="25.01466654187428" lon="121.4687405219163"/>
  <node id="5120" action="modify" visible="true" version="1" lat="25.014694917313964" lon="121.46877904437065"/>
  <node id="5121" action="modify" visible="true" version="1" lat="25.015013913234885" lon="121.46921211138933"/>
  <node id="5122" action="modify" visible="true" version="1" lat="25.01502194710025" lon="121.46921775550426"/>
  <node id="5123" action="modify" visible="true" version="1" lat="25.01503133228895" lon="121.46921399156321"/>
  <node id="5124" action="modify" visible="true" version="1" lat="25.015067675568638" lon="121.46918461575511"/>
  <node id="5125" action="modify" visible="true" version="1" lat="25.015197531170934" lon="121.4690796548007"/>
  <node id="5126" action="modify" visible="true" version="1" lat="25.015234220372317" lon="121.46905165700824"/>
  <node id="5127" action="modify" visible="true" version="1" lat="25.015251606019117" lon="121.46903874013275"/>
  <node id="5128" action="modify" visible="true" version="1" lat="25.015290844805183" lon="121.46901324235175"/>
  <node id="5129" action="modify" visible="true" version="1" lat="25.01529394795913" lon="121.46901159214654"/>
  <node id="5130" action="modify" visible="true" version="1" lat="25.01533820615467" lon="121.46900121570671"/>
  <node id="5131" action="modify" visible="true" version="1" lat="25.01533872795974" lon="121.46900111150212"/>
  <node id="5132" action="modify" visible="true" version="1" lat="25.015343762035396" lon="121.46900082404126"/>
  <node id="5133" action="modify" visible="true" version="1" lat="25.01538658260395" lon="121.46900192268085"/>
  <node id="5134" action="modify" visible="true" version="1" lat="25.015432093585755" lon="121.4690106776616"/>
  <node id="5135" action="modify" visible="true" version="1" lat="25.015437580268163" lon="121.46901195686256"/>
  <node id="5136" action="modify" visible="true" version="1" lat="25.015480458601377" lon="121.46902568940831"/>
  <node id="5137" action="modify" visible="true" version="1" lat="25.015499763737104" lon="121.46903309332289"/>
  <node id="5138" action="modify" visible="true" version="1" lat="25.015532269459744" lon="121.46904716633013"/>
  <node id="5139" action="modify" visible="true" version="1" lat="25.015573317782426" lon="121.4690677233771"/>
  <node id="5140" action="modify" visible="true" version="1" lat="25.015627714013508" lon="121.46909909614008"/>
  <node id="5141" action="modify" visible="true" version="1" lat="25.0156661003729" lon="121.46912111205106"/>
  <node id="5142" action="modify" visible="true" version="1" lat="25.014564153510353" lon="121.46855371096476"/>
  <node id="5143" action="modify" visible="true" version="1" lat="25.014575385007465" lon="121.46858529842511"/>
  <node id="5144" action="modify" visible="true" version="1" lat="25.014594530731035" lon="121.46864417400884"/>
  <node id="5145" action="modify" visible="true" version="1" lat="25.01460720228571" lon="121.46868916433321"/>
  <node id="5146" action="modify" visible="true" version="1" lat="25.01462678026656" lon="121.46874532520813"/>
  <node id="5147" action="modify" visible="true" version="1" lat="25.01463845867311" lon="121.46876543309746"/>
  <node id="5148" action="modify" visible="true" version="1" lat="25.014666834933337" lon="121.46880395645009"/>
  <node id="5149" action="modify" visible="true" version="1" lat="25.01498583011316" lon="121.46923702257048"/>
  <node id="5150" action="modify" visible="true" version="1" lat="25.015018426331473" lon="121.4692571951385"/>
  <node id="5151" action="modify" visible="true" version="1" lat="25.01505274018742" lon="121.46924590511199"/>
  <node id="5152" action="modify" visible="true" version="1" lat="25.015089089973166" lon="121.469216523914"/>
  <node id="5153" action="modify" visible="true" version="1" lat="25.015218945552817" lon="121.46911156295957"/>
  <node id="5154" action="modify" visible="true" version="1" lat="25.015254620442715" lon="121.46908435568457"/>
  <node id="5155" action="modify" visible="true" version="1" lat="25.01527150544655" lon="121.46907180801668"/>
  <node id="5156" action="modify" visible="true" version="1" lat="25.015306830280235" lon="121.46904877611112"/>
  <node id="5157" action="modify" visible="true" version="1" lat="25.015309377438545" lon="121.46904742055335"/>
  <node id="5158" action="modify" visible="true" version="1" lat="25.015344664815117" lon="121.46904020528498"/>
  <node id="5159" action="modify" visible="true" version="1" lat="25.01534513289296" lon="121.46904011186018"/>
  <node id="5160" action="modify" visible="true" version="1" lat="25.015343205226266" lon="121.46904044783011"/>
  <node id="5161" action="modify" visible="true" version="1" lat="25.01538270122228" lon="121.46904132189088"/>
  <node id="5162" action="modify" visible="true" version="1" lat="25.01542473296484" lon="121.46904947410209"/>
  <node id="5163" action="modify" visible="true" version="1" lat="25.01542990216891" lon="121.46905067964119"/>
  <node id="5164" action="modify" visible="true" version="1" lat="25.015468929245614" lon="121.46906324347877"/>
  <node id="5165" action="modify" visible="true" version="1" lat="25.015487274621183" lon="121.46907027638912"/>
  <node id="5166" action="modify" visible="true" version="1" lat="25.015518191326837" lon="121.4690836585919"/>
  <node id="5167" action="modify" visible="true" version="1" lat="25.015556519923134" lon="121.46910280258894"/>
  <node id="5168" action="modify" visible="true" version="1" lat="25.01561091534761" lon="121.46913417535191"/>
  <node id="5169" action="modify" visible="true" version="1" lat="25.01564789585409" lon="121.46915533606673"/>
  <node id="5173" action="modify" visible="true" version="1" lat="25.014578742978244" lon="121.4685050348528"/>
  <node id="5174" action="modify" visible="true" version="1" lat="25.014591435699945" lon="121.46849770280345"/>
  <node id="5175" action="modify" visible="true" version="1" lat="25.014617628680227" lon="121.46846885789967"/>
  <node id="5176" action="modify" visible="true" version="1" lat="25.0146518417056" lon="121.46843541811322"/>
  <node id="5177" action="modify" visible="true" version="1" lat="25.014653986735315" lon="121.46843348404042"/>
  <node id="5178" action="modify" visible="true" version="1" lat="25.01469085519071" lon="121.46840249575638"/>
  <node id="5179" action="modify" visible="true" version="1" lat="25.014697973267914" lon="121.46839703399944"/>
  <node id="5180" action="modify" visible="true" version="1" lat="25.01473761355876" lon="121.46837026869554"/>
  <node id="5181" action="modify" visible="true" version="1" lat="25.01474864641123" lon="121.46836367506135"/>
  <node id="5182" action="modify" visible="true" version="1" lat="25.0147911480789" lon="121.46834286199456"/>
  <node id="5183" action="modify" visible="true" version="1" lat="25.014804989406034" lon="121.46833730232126"/>
  <node id="5184" action="modify" visible="true" version="1" lat="25.014850172540566" lon="121.46832513464074"/>
  <node id="5185" action="modify" visible="true" version="1" lat="25.014866031080945" lon="121.46832244508477"/>
  <node id="5186" action="modify" visible="true" version="1" lat="25.014912523187505" lon="121.46832298048066"/>
  <node id="5187" action="modify" visible="true" version="1" lat="25.01492781025589" lon="121.46832373506551"/>
  <node id="5188" action="modify" visible="true" version="1" lat="25.014972095447085" lon="121.46833722686277"/>
  <node id="5189" action="modify" visible="true" version="1" lat="25.01499470082455" lon="121.46834543476953"/>
  <node id="5190" action="modify" visible="true" version="1" lat="25.01503684748104" lon="121.46836691348796"/>
  <node id="5191" action="modify" visible="true" version="1" lat="25.01505327827472" lon="121.46837555078942"/>
  <node id="5192" action="modify" visible="true" version="1" lat="25.01509567889473" lon="121.46839648063722"/>
  <node id="5193" action="modify" visible="true" version="1" lat="25.01510483451568" lon="121.46840081950005"/>
  <node id="5194" action="modify" visible="true" version="1" lat="25.0151476722626" lon="121.46841961045916"/>
  <node id="5195" action="modify" visible="true" version="1" lat="25.01515222442866" lon="121.46842142505604"/>
  <node id="5196" action="modify" visible="true" version="1" lat="25.015195768753944" lon="121.46843623378349"/>
  <node id="5197" action="modify" visible="true" version="1" lat="25.015197361848653" lon="121.46843668294112"/>
  <node id="5198" action="modify" visible="true" version="1" lat="25.015241782888832" lon="121.46844622933767"/>
  <node id="5199" action="modify" visible="true" version="1" lat="25.01524223142989" lon="121.46844629401636"/>
  <node id="5200" action="modify" visible="true" version="1" lat="25.015287628498367" lon="121.46844984685332"/>
  <node id="5201" action="modify" visible="true" version="1" lat="25.015288989587972" lon="121.46844986122635"/>
  <node id="5202" action="modify" visible="true" version="1" lat="25.015335057415122" lon="121.46844733246884"/>
  <node id="5203" action="modify" visible="true" version="1" lat="25.015339907515976" lon="121.46844679078471"/>
  <node id="5204" action="modify" visible="true" version="1" lat="25.015385865427525" lon="121.46843884249108"/>
  <node id="5205" action="modify" visible="true" version="1" lat="25.01539714162212" lon="121.46843638919204"/>
  <node id="5206" action="modify" visible="true" version="1" lat="25.015442227667073" lon="121.46842436254703"/>
  <node id="5207" action="modify" visible="true" version="1" lat="25.015462587000528" lon="121.46841786503256"/>
  <node id="5208" action="modify" visible="true" version="1" lat="25.0145806942645" lon="121.46854460474275"/>
  <node id="5209" action="modify" visible="true" version="1" lat="25.01461701162786" lon="121.46852567813802"/>
  <node id="5210" action="modify" visible="true" version="1" lat="25.014643206230794" lon="121.4684968314376"/>
  <node id="5211" action="modify" visible="true" version="1" lat="25.014674868007358" lon="121.46846594376488"/>
  <node id="5212" action="modify" visible="true" version="1" lat="25.01467679242834" lon="121.46846420911807"/>
  <node id="5213" action="modify" visible="true" version="1" lat="25.01471193589939" lon="121.4684346707149"/>
  <node id="5214" action="modify" visible="true" version="1" lat="25.014718113744635" lon="121.46842992581357"/>
  <node id="5215" action="modify" visible="true" version="1" lat="25.0147554754965" lon="121.4684047083069"/>
  <node id="5216" action="modify" visible="true" version="1" lat="25.014765016189553" lon="121.46839899681834"/>
  <node id="5217" action="modify" visible="true" version="1" lat="25.014804452945757" lon="121.46837970190435"/>
  <node id="5218" action="modify" visible="true" version="1" lat="25.01481599620279" lon="121.46837504503792"/>
  <node id="5219" action="modify" visible="true" version="1" lat="25.01485689579347" lon="121.46836407032008"/>
  <node id="5220" action="modify" visible="true" version="1" lat="25.014869647098127" lon="121.46836187393922"/>
  <node id="5221" action="modify" visible="true" version="1" lat="25.014910791700384" lon="121.46836256384536"/>
  <node id="5222" action="modify" visible="true" version="1" lat="25.014926566385654" lon="121.46836333998976"/>
  <node id="5223" action="modify" visible="true" version="1" lat="25.014961619425563" lon="121.46837515103911"/>
  <node id="5224" action="modify" visible="true" version="1" lat="25.01498170531763" lon="121.46838240673166"/>
  <node id="5225" action="modify" visible="true" version="1" lat="25.015021011756144" lon="121.46840252809574"/>
  <node id="5226" action="modify" visible="true" version="1" lat="25.01503823543709" lon="121.46841157682557"/>
  <node id="5227" action="modify" visible="true" version="1" lat="25.015081183918074" lon="121.46843277526965"/>
  <node id="5228" action="modify" visible="true" version="1" lat="25.01509078238337" lon="121.46843732343993"/>
  <node id="5229" action="modify" visible="true" version="1" lat="25.01513510496208" lon="121.46845676118605"/>
  <node id="5230" action="modify" visible="true" version="1" lat="25.015140199285767" lon="121.46845879137861"/>
  <node id="5231" action="modify" visible="true" version="1" lat="25.015186628606713" lon="121.46847457208318"/>
  <node id="5232" action="modify" visible="true" version="1" lat="25.015188545693228" lon="121.46847511197066"/>
  <node id="5233" action="modify" visible="true" version="1" lat="25.015236971044416" lon="121.46848550368189"/>
  <node id="5234" action="modify" visible="true" version="1" lat="25.015237540064767" lon="121.46848558722519"/>
  <node id="5235" action="modify" visible="true" version="1" lat="25.015287131114544" lon="121.4684894715405"/>
  <node id="5236" action="modify" visible="true" version="1" lat="25.015288821079867" lon="121.46848948950678"/>
  <node id="5237" action="modify" visible="true" version="1" lat="25.01533838443129" lon="121.46848679276432"/>
  <node id="5238" action="modify" visible="true" version="1" lat="25.015343980200377" lon="121.46848616663857"/>
  <node id="5239" action="modify" visible="true" version="1" lat="25.015392490151275" lon="121.46847779793337"/>
  <node id="5240" action="modify" visible="true" version="1" lat="25.01540472692195" lon="121.46847513353025"/>
  <node id="5241" action="modify" visible="true" version="1" lat="25.015451577819594" lon="121.46846263976127"/>
  <node id="5242" action="modify" visible="true" version="1" lat="25.015473893307842" lon="121.4684555008497"/>
  <node id="5246" action="modify" visible="true" version="1" lat="25.01525220515922" lon="121.4676976515333"/>
  <node id="5247" action="modify" visible="true" version="1" lat="25.015288418939758" lon="121.46769186997614"/>
  <node id="5248" action="modify" visible="true" version="1" lat="25.015276015277472" lon="121.46772744415969"/>
  <node id="5249" action="modify" visible="true" version="1" lat="25.015270438228406" lon="121.46772623682394"/>
  <node id="5253" action="modify" visible="true" version="1" lat="25.01527298457342" lon="121.4676566030164"/>
  <node id="5254" action="modify" visible="true" version="1" lat="25.01530406658492" lon="121.467636432245"/>
  <node id="5258" action="modify" visible="true" version="1" lat="25.01101919519379" lon="121.46700567657501"/>
  <node id="5259" action="modify" visible="true" version="1" lat="25.011058492317677" lon="121.46698666103707"/>
  <node id="5260" action="modify" visible="true" version="1" lat="25.011035965181076" lon="121.46704077105821"/>
  <node id="5261" action="modify" visible="true" version="1" lat="25.011071713739053" lon="121.46702353687947"/>
  <node id="5265" action="modify" visible="true" version="1" lat="25.011039845071988" lon="121.46699654430184"/>
  <node id="5266" action="modify" visible="true" version="1" lat="25.01105175583158" lon="121.46698407299074"/>
  <node id="5267" action="modify" visible="true" version="1" lat="25.010901747419112" lon="121.46661346224049"/>
  <node id="5268" action="modify" visible="true" version="1" lat="25.010899671520484" lon="121.46658988954911"/>
  <node id="5269" action="modify" visible="true" version="1" lat="25.01094040960004" lon="121.46656855905267"/>
  <node id="5270" action="modify" visible="true" version="1" lat="25.011936369300905" lon="121.46604707086058"/>
  <node id="5271" action="modify" visible="true" version="1" lat="25.01105447159206" lon="121.46703277515387"/>
  <node id="5272" action="modify" visible="true" version="1" lat="25.011084765831065" lon="121.46696801021515"/>
  <node id="5273" action="modify" visible="true" version="1" lat="25.010934746875908" lon="121.46659737341373"/>
  <node id="5274" action="modify" visible="true" version="1" lat="25.01091522529187" lon="121.46662565237888"/>
  <node id="5275" action="modify" visible="true" version="1" lat="25.010955959295877" lon="121.4666043236791"/>
  <node id="5276" action="modify" visible="true" version="1" lat="25.011951918870636" lon="121.46608283548699"/>
  <node id="5280" action="modify" visible="true" version="1" lat="25.010505617294513" lon="121.46683438671495"/>
  <node id="5281" action="modify" visible="true" version="1" lat="25.01048111184047" lon="121.4667859836908"/>
  <node id="5282" action="modify" visible="true" version="1" lat="25.01046285852221" lon="121.46675306402891"/>
  <node id="5283" action="modify" visible="true" version="1" lat="25.010440503047437" lon="121.4667061791576"/>
  <node id="5284" action="modify" visible="true" version="1" lat="25.010537692062528" lon="121.46681618415234"/>
  <node id="5285" action="modify" visible="true" version="1" lat="25.010512031434704" lon="121.46676551467874"/>
  <node id="5286" action="modify" visible="true" version="1" lat="25.010494059792926" lon="121.46673311603969"/>
  <node id="5287" action="modify" visible="true" version="1" lat="25.010473056511923" lon="121.46668902942051"/>
  <node id="5291" action="modify" visible="true" version="1" lat="25.010569766822172" lon="121.46679798158974"/>
  <node id="5292" action="modify" visible="true" version="1" lat="25.010542951021158" lon="121.46674504566668"/>
  <node id="5293" action="modify" visible="true" version="1" lat="25.010525260241632" lon="121.46671316715218"/>
  <node id="5294" action="modify" visible="true" version="1" lat="25.010505609153707" lon="121.46667188058171"/>
  <node id="5297" action="modify" visible="true" version="1" lat="25.010474643969335" lon="121.46678566478886"/>
  <node id="5298" action="modify" visible="true" version="1" lat="25.010439586392287" lon="121.46676228703193"/>
  <node id="5299" action="modify" visible="true" version="1" lat="25.010400443745787" lon="121.46676425344408"/>
  <node id="5300" action="modify" visible="true" version="1" lat="25.010500113296043" lon="121.46675757446995"/>
  <node id="5301" action="modify" visible="true" version="1" lat="25.010448769225064" lon="121.46672396310527"/>
  <node id="5302" action="modify" visible="true" version="1" lat="25.010389317697385" lon="121.46672655474485"/>
  <node id="5306" action="modify" visible="true" version="1" lat="25.01047652042538" lon="121.4667994144026"/>
  <node id="5307" action="modify" visible="true" version="1" lat="25.01043595233487" lon="121.4667936472185"/>
  <node id="5308" action="modify" visible="true" version="1" lat="25.01049350214772" lon="121.4667644429886"/>
  <node id="5309" action="modify" visible="true" version="1" lat="25.010429766947468" lon="121.46675460553793"/>
  <node id="5313" action="modify" visible="true" version="1" lat="25.01046352851071" lon="121.46683923132927"/>
  <node id="5314" action="modify" visible="true" version="1" lat="25.010442123882584" lon="121.46687114577637"/>
  <node id="5318" action="modify" visible="true" version="1" lat="25.010475379084223" lon="121.46682120932803"/>
  <node id="5319" action="modify" visible="true" version="1" lat="25.010504591553065" lon="121.46683248318485"/>
  <node id="5320" action="modify" visible="true" version="1" lat="25.010478672854745" lon="121.46686067052184"/>
  <node id="5321" action="modify" visible="true" version="1" lat="25.010474325663775" lon="121.4668540966506"/>
  <node id="5325" action="modify" visible="true" version="1" lat="25.01045222255615" lon="121.46677231582375"/>
  <node id="5326" action="modify" visible="true" version="1" lat="25.01047571855588" lon="121.46673545884595"/>
  <node id="5327" action="modify" visible="true" version="1" lat="25.01047478236306" lon="121.46669454417803"/>
  <node id="5328" action="modify" visible="true" version="1" lat="25.01047621026063" lon="121.4668019359736"/>
  <node id="5329" action="modify" visible="true" version="1" lat="25.01051012648639" lon="121.4667474792028"/>
  <node id="5330" action="modify" visible="true" version="1" lat="25.010509011196124" lon="121.46668192015336"/>
  <node id="5334" action="modify" visible="true" version="1" lat="25.010440260451315" lon="121.46677352226119"/>
  <node id="5335" action="modify" visible="true" version="1" lat="25.01044717118427" lon="121.4667304067208"/>
  <node id="5336" action="modify" visible="true" version="1" lat="25.01047081534766" lon="121.46679463985689"/>
  <node id="5337" action="modify" visible="true" version="1" lat="25.01048276442423" lon="121.46672372864496"/>
  <node id="5341" action="modify" visible="true" version="1" lat="25.010399980533577" lon="121.46676182350124"/>
  <node id="5342" action="modify" visible="true" version="1" lat="25.01037706007488" lon="121.46673120352645"/>
  <node id="5346" action="modify" visible="true" version="1" lat="25.010420560504915" lon="121.46677630434361"/>
  <node id="5347" action="modify" visible="true" version="1" lat="25.010384479612213" lon="121.46677472061377"/>
  <node id="5351" action="modify" visible="true" version="1" lat="25.01046148761014" lon="121.46675049664381"/>
  <node id="5352" action="modify" visible="true" version="1" lat="25.010479685571124" lon="121.46678344415349"/>
  <node id="5353" action="modify" visible="true" version="1" lat="25.010503311004403" lon="121.4668295241343"/>
  <node id="5354" action="modify" visible="true" version="1" lat="25.01043017317389" lon="121.46677022993566"/>
  <node id="5355" action="modify" visible="true" version="1" lat="25.010448835165615" lon="121.4668040389297"/>
  <node id="5356" action="modify" visible="true" version="1" lat="25.010471319263637" lon="121.46684790186839"/>
  <node id="5360" action="modify" visible="true" version="1" lat="25.010398858729655" lon="121.4667899632275"/>
  <node id="5361" action="modify" visible="true" version="1" lat="25.010417985566445" lon="121.46682463370591"/>
  <node id="5362" action="modify" visible="true" version="1" lat="25.010439327514543" lon="121.46686627960248"/>
  <node id="5365" action="modify" visible="true" version="1" lat="25.0109545598966" lon="121.4676624806933"/>
  <node id="5366" action="modify" visible="true" version="1" lat="25.01098872998238" lon="121.46767529516083"/>
  <node id="5370" action="modify" visible="true" version="1" lat="25.010904319905208" lon="121.46767675492318"/>
  <node id="5371" action="modify" visible="true" version="1" lat="25.010886890496778" lon="121.46764134602961"/>
  <node id="5372" action="modify" visible="true" version="1" lat="25.010856479795784" lon="121.46757871009811"/>
  <node id="5373" action="modify" visible="true" version="1" lat="25.010936151973954" lon="121.46765804660907"/>
  <node id="5374" action="modify" visible="true" version="1" lat="25.010918632207407" lon="121.46762245266257"/>
  <node id="5375" action="modify" visible="true" version="1" lat="25.01088848446146" lon="121.4675603602118"/>
  <node id="5379" action="modify" visible="true" version="1" lat="25.01096798403445" lon="121.46763933739663"/>
  <node id="5380" action="modify" visible="true" version="1" lat="25.010950373909832" lon="121.46760356019381"/>
  <node id="5381" action="modify" visible="true" version="1" lat="25.0109204891188" lon="121.46754200942716"/>
  <node id="5384" action="modify" visible="true" version="1" lat="25.010929356867546" lon="121.46772875031013"/>
  <node id="5385" action="modify" visible="true" version="1" lat="25.010961358257923" lon="121.46771039233899"/>
  <node id="5389" action="modify" visible="true" version="1" lat="25.010869661349084" lon="121.46760619225759"/>
  <node id="5390" action="modify" visible="true" version="1" lat="25.01088701993518" lon="121.46764161911744"/>
  <node id="5391" action="modify" visible="true" version="1" lat="25.010904472137774" lon="121.46767707202845"/>
  <node id="5392" action="modify" visible="true" version="1" lat="25.010837772277622" lon="121.46762478289239"/>
  <node id="5393" action="modify" visible="true" version="1" lat="25.010855279030455" lon="121.46766051428115"/>
  <node id="5394" action="modify" visible="true" version="1" lat="25.010872640060814" lon="121.46769578124086"/>
  <node id="5398" action="modify" visible="true" version="1" lat="25.010805882383803" lon="121.4676433726289"/>
  <node id="5399" action="modify" visible="true" version="1" lat="25.010823538931607" lon="121.46767940944483"/>
  <node id="5400" action="modify" visible="true" version="1" lat="25.010840807975608" lon="121.467714489555"/>
  <node id="5403" action="modify" visible="true" version="1" lat="25.010873728483205" lon="121.46759465249947"/>
  <node id="5404" action="modify" visible="true" version="1" lat="25.01091051910803" lon="121.46761038738997"/>
  <node id="5405" action="modify" visible="true" version="1" lat="25.010955194877077" lon="121.46760130362583"/>
  <node id="5406" action="modify" visible="true" version="1" lat="25.010851505777964" lon="121.46762588602355"/>
  <node id="5407" action="modify" visible="true" version="1" lat="25.01090783997787" lon="121.46764990517764"/>
  <node id="5408" action="modify" visible="true" version="1" lat="25.01096868821144" lon="121.46763805999228"/>
  <node id="5412" action="modify" visible="true" version="1" lat="25.010844757069332" lon="121.46755395612213"/>
  <node id="5413" action="modify" visible="true" version="1" lat="25.010876830120623" lon="121.4675357517629"/>
  <node id="5417" action="modify" visible="true" version="1" lat="25.01090694205" lon="121.4675672898159"/>
  <node id="5418" action="modify" visible="true" version="1" lat="25.01091776602865" lon="121.4675294851155"/>
  <node id="5422" action="modify" visible="true" version="1" lat="25.010929470024344" lon="121.46762669630395"/>
  <node id="5423" action="modify" visible="true" version="1" lat="25.010914841861226" lon="121.46766666594422"/>
  <node id="5424" action="modify" visible="true" version="1" lat="25.010923502834633" lon="121.46771518125774"/>
  <node id="5425" action="modify" visible="true" version="1" lat="25.010901377827754" lon="121.46760179769923"/>
  <node id="5426" action="modify" visible="true" version="1" lat="25.010878831124458" lon="121.46766374192796"/>
  <node id="5427" action="modify" visible="true" version="1" lat="25.01089023554317" lon="121.46773059185645"/>
  <node id="5431" action="modify" visible="true" version="1" lat="25.010967515125838" lon="121.46759519957345"/>
  <node id="5432" action="modify" visible="true" version="1" lat="25.010983644441318" lon="121.46763065338277"/>
  <node id="5436" action="modify" visible="true" version="1" lat="25.015745169478844" lon="121.46400012384011"/>
  <node id="5437" action="modify" visible="true" version="1" lat="25.015764672386055" lon="121.46395211607471"/>
  <node id="5438" action="modify" visible="true" version="1" lat="25.015780789674803" lon="121.46400662494781"/>
  <node id="5439" action="modify" visible="true" version="1" lat="25.015795179557006" lon="121.4639733172137"/>
  <node id="5443" action="modify" visible="true" version="1" lat="25.01569585213356" lon="121.4640169438955"/>
  <node id="5444" action="modify" visible="true" version="1" lat="25.01568105033234" lon="121.4639791239237"/>
  <node id="5445" action="modify" visible="true" version="1" lat="25.01566287512141" lon="121.46394159859936"/>
  <node id="5446" action="modify" visible="true" version="1" lat="25.015727170111326" lon="121.46399721779017"/>
  <node id="5447" action="modify" visible="true" version="1" lat="25.015714825918714" lon="121.46396510661202"/>
  <node id="5448" action="modify" visible="true" version="1" lat="25.01569144651596" lon="121.46391736474794"/>
  <node id="5452" action="modify" visible="true" version="1" lat="25.01575848889515" lon="121.46397749168486"/>
  <node id="5453" action="modify" visible="true" version="1" lat="25.0157486014958" lon="121.46395109019865"/>
  <node id="5454" action="modify" visible="true" version="1" lat="25.015720017089816" lon="121.4638931299982"/>
  <node id="5457" action="modify" visible="true" version="1" lat="25.015683468049534" lon="121.4640315729599"/>
  <node id="5458" action="modify" visible="true" version="1" lat="25.015649399397827" lon="121.46404326094004"/>
  <node id="5459" action="modify" visible="true" version="1" lat="25.015690061823477" lon="121.46399261122939"/>
  <node id="5460" action="modify" visible="true" version="1" lat="25.015623465504454" lon="121.46401568625409"/>
  <node id="5464" action="modify" visible="true" version="1" lat="25.015677229199394" lon="121.46400341796226"/>
  <node id="5465" action="modify" visible="true" version="1" lat="25.01570052150193" lon="121.46397226079493"/>
  <node id="5466" action="modify" visible="true" version="1" lat="25.015723875667536" lon="121.46394134257949"/>
  <node id="5467" action="modify" visible="true" version="1" lat="25.01575694953474" lon="121.46389556173767"/>
  <node id="5468" action="modify" visible="true" version="1" lat="25.015705421245155" lon="121.46402818002306"/>
  <node id="5469" action="modify" visible="true" version="1" lat="25.015728231627172" lon="121.46399767054108"/>
  <node id="5470" action="modify" visible="true" version="1" lat="25.015751869075427" lon="121.46396637503321"/>
  <node id="5471" action="modify" visible="true" version="1" lat="25.01578548671749" lon="121.46391984409811"/>
  <node id="5475" action="modify" visible="true" version="1" lat="25.01573361328444" lon="121.46405294298219"/>
  <node id="5476" action="modify" visible="true" version="1" lat="25.015755941746157" lon="121.46402307938887"/>
  <node id="5477" action="modify" visible="true" version="1" lat="25.01577986329097" lon="121.46399140748692"/>
  <node id="5478" action="modify" visible="true" version="1" lat="25.01581402307956" lon="121.46394412645857"/>
  <node id="5481" action="modify" visible="true" version="1" lat="25.01566783917579" lon="121.4640011164785"/>
  <node id="5482" action="modify" visible="true" version="1" lat="25.01566729783501" lon="121.46395753381417"/>
  <node id="5483" action="modify" visible="true" version="1" lat="25.01564271689064" lon="121.46391916676839"/>
  <node id="5484" action="modify" visible="true" version="1" lat="25.015702677095916" lon="121.46401154322399"/>
  <node id="5485" action="modify" visible="true" version="1" lat="25.0157015227786" lon="121.4639448981114"/>
  <node id="5486" action="modify" visible="true" version="1" lat="25.0156667280026" lon="121.46388956817809"/>
  <node id="5490" action="modify" visible="true" version="1" lat="25.01563266992885" lon="121.46398107506452"/>
  <node id="5491" action="modify" visible="true" version="1" lat="25.015596564518056" lon="121.46398172274985"/>
  <node id="5495" action="modify" visible="true" version="1" lat="25.015676604011894" lon="121.46393428810957"/>
  <node id="5496" action="modify" visible="true" version="1" lat="25.015716220379467" lon="121.46393145751811"/>
  <node id="5497" action="modify" visible="true" version="1" lat="25.01575197815755" lon="121.4639021517786"/>
  <node id="5498" action="modify" visible="true" version="1" lat="25.015668568561267" lon="121.46397292285329"/>
  <node id="5499" action="modify" visible="true" version="1" lat="25.015729296399194" lon="121.4639683962426"/>
  <node id="5500" action="modify" visible="true" version="1" lat="25.01577918519103" lon="121.46392820741342"/>
  <node id="5504" action="modify" visible="true" version="1" lat="25.015692836906748" lon="121.46389453586161"/>
  <node id="5505" action="modify" visible="true" version="1" lat="25.01569115590149" lon="121.46385495070031"/>
  <node id="5509" action="modify" visible="true" version="1" lat="25.015689113459718" lon="121.46391230633456"/>
  <node id="5510" action="modify" visible="true" version="1" lat="25.015652268097348" lon="121.4639205843099"/>
  <node id="5511" action="modify" visible="true" version="1" lat="25.015670631354535" lon="121.46387826198193"/>
  <node id="5512" action="modify" visible="true" version="1" lat="25.015660044682306" lon="121.46388188578578"/>
  <node id="5516" action="modify" visible="true" version="1" lat="25.01572433316134" lon="121.46394070477564"/>
  <node id="5517" action="modify" visible="true" version="1" lat="25.015700948062076" lon="121.46397164185571"/>
  <node id="5518" action="modify" visible="true" version="1" lat="25.015677605288754" lon="121.46400285292195"/>
  <node id="5519" action="modify" visible="true" version="1" lat="25.01569634300336" lon="121.46391566872867"/>
  <node id="5520" action="modify" visible="true" version="1" lat="25.015673248513274" lon="121.46394621863485"/>
  <node id="5521" action="modify" visible="true" version="1" lat="25.015649411608518" lon="121.46397809175944"/>
  <node id="5525" action="modify" visible="true" version="1" lat="25.015668352024953" lon="121.4638906326817"/>
  <node id="5526" action="modify" visible="true" version="1" lat="25.015645548958226" lon="121.46392079541401"/>
  <node id="5527" action="modify" visible="true" version="1" lat="25.015621218735856" lon="121.46395333059696"/>
  <node id="5530" action="modify" visible="true" version="1" lat="25.009841291607927" lon="121.46531912915493"/>
  <node id="5531" action="modify" visible="true" version="1" lat="25.009824381434875" lon="121.46527287310433"/>
  <node id="5532" action="modify" visible="true" version="1" lat="25.009821554931627" lon="121.46522971624144"/>
  <node id="5533" action="modify" visible="true" version="1" lat="25.009826964526646" lon="121.4652042454099"/>
  <node id="5534" action="modify" visible="true" version="1" lat="25.009992129239027" lon="121.46470195960529"/>
  <node id="5535" action="modify" visible="true" version="1" lat="25.01015729047296" lon="121.46419968008888"/>
  <node id="5536" action="modify" visible="true" version="1" lat="25.010182697995198" lon="121.46415711252085"/>
  <node id="5537" action="modify" visible="true" version="1" lat="25.010220696111247" lon="121.46414566169591"/>
  <node id="5538" action="modify" visible="true" version="1" lat="25.009872934270465" lon="121.46530003546356"/>
  <node id="5539" action="modify" visible="true" version="1" lat="25.00985947582136" lon="121.46526354410011"/>
  <node id="5540" action="modify" visible="true" version="1" lat="25.00985744386569" lon="121.46523409552846"/>
  <node id="5541" action="modify" visible="true" version="1" lat="25.009860929776796" lon="121.46521769678294"/>
  <node id="5542" action="modify" visible="true" version="1" lat="25.01002609525758" lon="121.46471541008003"/>
  <node id="5543" action="modify" visible="true" version="1" lat="25.010191256445832" lon="121.46421313056365"/>
  <node id="5544" action="modify" visible="true" version="1" lat="25.010204841855455" lon="121.46418841431694"/>
  <node id="5545" action="modify" visible="true" version="1" lat="25.01021765551344" lon="121.46418514804255"/>
  <node id="5549" action="modify" visible="true" version="1" lat="25.009811926747396" lon="121.46534835404607"/>
  <node id="5550" action="modify" visible="true" version="1" lat="25.009788998038108" lon="121.46531790924278"/>
  <node id="5551" action="modify" visible="true" version="1" lat="25.009759229378684" lon="121.46528931766393"/>
  <node id="5552" action="modify" visible="true" version="1" lat="25.009840573585027" lon="121.4653242288908"/>
  <node id="5553" action="modify" visible="true" version="1" lat="25.009815209138523" lon="121.46529065256044"/>
  <node id="5554" action="modify" visible="true" version="1" lat="25.009780975227578" lon="121.46525768259286"/>
  <node id="5558" action="modify" visible="true" version="1" lat="25.00986922041598" lon="121.46530010463385"/>
  <node id="5559" action="modify" visible="true" version="1" lat="25.009841420233343" lon="121.46526339677641"/>
  <node id="5560" action="modify" visible="true" version="1" lat="25.009802721072617" lon="121.46522604752184"/>
  <node id="5563" action="modify" visible="true" version="1" lat="25.009911067620372" lon="121.46530012619341"/>
  <node id="5564" action="modify" visible="true" version="1" lat="25.009882525816103" lon="121.46530257050932"/>
  <node id="5565" action="modify" visible="true" version="1" lat="25.00984522200984" lon="121.46529161196115"/>
  <node id="5566" action="modify" visible="true" version="1" lat="25.009799156193598" lon="121.4652672523456"/>
  <node id="5567" action="modify" visible="true" version="1" lat="25.009899293516355" lon="121.46526266554775"/>
  <node id="5568" action="modify" visible="true" version="1" lat="25.009886751729415" lon="121.46526321531671"/>
  <node id="5569" action="modify" visible="true" version="1" lat="25.00985822620119" lon="121.46525464449059"/>
  <node id="5570" action="modify" visible="true" version="1" lat="25.009816825097413" lon="121.46523269325829"/>
  <node id="5574" action="modify" visible="true" version="1" lat="25.009868363998837" lon="121.46531058078669"/>
  <node id="5575" action="modify" visible="true" version="1" lat="25.00982557162719" lon="121.4653096519287"/>
  <node id="5576" action="modify" visible="true" version="1" lat="25.00978269050532" lon="121.46529733872109"/>
  <node id="5577" action="modify" visible="true" version="1" lat="25.009739721447254" lon="121.46527364206223"/>
  <node id="5578" action="modify" visible="true" version="1" lat="25.00986471689916" lon="121.46527115642381"/>
  <node id="5579" action="modify" visible="true" version="1" lat="25.009830607557014" lon="121.46527041172047"/>
  <node id="5580" action="modify" visible="true" version="1" lat="25.009795583173624" lon="121.46526032363982"/>
  <node id="5581" action="modify" visible="true" version="1" lat="25.009758806054244" lon="121.46524000195144"/>
  <node id="5585" action="modify" visible="true" version="1" lat="25.01497275564237" lon="121.46599026050372"/>
  <node id="5586" action="modify" visible="true" version="1" lat="25.014983657411527" lon="121.46594396762215"/>
  <node id="5587" action="modify" visible="true" version="1" lat="25.015008809137353" lon="121.46598804885147"/>
  <node id="5588" action="modify" visible="true" version="1" lat="25.01501530526145" lon="121.46596304963545"/>
  <node id="5592" action="modify" visible="true" version="1" lat="25.014960319386148" lon="121.46598120099407"/>
  <node id="5593" action="modify" visible="true" version="1" lat="25.01495376953178" lon="121.46593614060109"/>
  <node id="5594" action="modify" visible="true" version="1" lat="25.01499396003836" lon="121.46596679920343"/>
  <node id="5595" action="modify" visible="true" version="1" lat="25.01498966999079" lon="121.4659404022088"/>
  <node id="5599" action="modify" visible="true" version="1" lat="25.01490780494609" lon="121.46603190819688"/>
  <node id="5600" action="modify" visible="true" version="1" lat="25.014886354691672" lon="121.46600121366197"/>
  <node id="5601" action="modify" visible="true" version="1" lat="25.014858578438258" lon="121.4659614677022"/>
  <node id="5602" action="modify" visible="true" version="1" lat="25.014746185530846" lon="121.46580063872364"/>
  <node id="5603" action="modify" visible="true" version="1" lat="25.014932876910443" lon="121.46601080587256"/>
  <node id="5604" action="modify" visible="true" version="1" lat="25.014911425846353" lon="121.46598011133761"/>
  <node id="5605" action="modify" visible="true" version="1" lat="25.014883650412653" lon="121.46594036627619"/>
  <node id="5606" action="modify" visible="true" version="1" lat="25.01477125671415" lon="121.46577953729762"/>
  <node id="5610" action="modify" visible="true" version="1" lat="25.014957948055617" lon="121.46598970354823"/>
  <node id="5611" action="modify" visible="true" version="1" lat="25.014936497809966" lon="121.4659590099116"/>
  <node id="5612" action="modify" visible="true" version="1" lat="25.014908722381936" lon="121.46591926395183"/>
  <node id="5613" action="modify" visible="true" version="1" lat="25.014796328706378" lon="121.4657584349733"/>
  <node id="5616" action="modify" visible="true" version="1" lat="25.01498302000973" lon="121.46596860212219"/>
  <node id="5617" action="modify" visible="true" version="1" lat="25.0149615689544" lon="121.46593790758725"/>
  <node id="5618" action="modify" visible="true" version="1" lat="25.014933793532048" lon="121.46589816252583"/>
  <node id="5619" action="modify" visible="true" version="1" lat="25.014821399879438" lon="121.46573733354725"/>
  <node id="5622" action="modify" visible="true" version="1" lat="25.01407207339929" lon="121.46473971220341"/>
  <node id="5623" action="modify" visible="true" version="1" lat="25.014077152299993" lon="121.46468961585497"/>
  <node id="5624" action="modify" visible="true" version="1" lat="25.01407850119217" lon="121.46467444151318"/>
  <node id="5625" action="modify" visible="true" version="1" lat="25.014079498411782" lon="121.46465515468405"/>
  <node id="5626" action="modify" visible="true" version="1" lat="25.014078992882492" lon="121.46460506642043"/>
  <node id="5627" action="modify" visible="true" version="1" lat="25.014078866703684" lon="121.46460215587891"/>
  <node id="5628" action="modify" visible="true" version="1" lat="25.01407787192624" lon="121.46458866767492"/>
  <node id="5629" action="modify" visible="true" version="1" lat="25.014076067976283" lon="121.46457025580487"/>
  <node id="5630" action="modify" visible="true" version="1" lat="25.014068446775873" lon="121.46452084846425"/>
  <node id="5631" action="modify" visible="true" version="1" lat="25.01406731198056" lon="121.46451488185411"/>
  <node id="5632" action="modify" visible="true" version="1" lat="25.014065862959264" lon="121.46450822354123"/>
  <node id="5633" action="modify" visible="true" version="1" lat="25.01405882299489" lon="121.46447880820726"/>
  <node id="5634" action="modify" visible="true" version="1" lat="25.014049887091332" lon="121.46444820260551"/>
  <node id="5635" action="modify" visible="true" version="1" lat="25.014033934828987" lon="121.46440309999174"/>
  <node id="5636" action="modify" visible="true" version="1" lat="25.014018741265897" lon="121.46436676673176"/>
  <node id="5637" action="modify" visible="true" version="1" lat="25.01401025227687" lon="121.46434833240382"/>
  <node id="5638" action="modify" visible="true" version="1" lat="25.01399788674616" lon="121.46432386678704"/>
  <node id="5639" action="modify" visible="true" version="1" lat="25.013985519586093" lon="121.46430088518713"/>
  <node id="5640" action="modify" visible="true" version="1" lat="25.013961242762587" lon="121.4642601995896"/>
  <node id="5641" action="modify" visible="true" version="1" lat="25.013945525751392" lon="121.46423589297464"/>
  <node id="5642" action="modify" visible="true" version="1" lat="25.013931442552217" lon="121.464215485048"/>
  <node id="5643" action="modify" visible="true" version="1" lat="25.013902636299427" lon="121.4641767452014"/>
  <node id="5644" action="modify" visible="true" version="1" lat="25.01390138183605" lon="121.46417516596313"/>
  <node id="5645" action="modify" visible="true" version="1" lat="25.013870708126706" lon="121.46413797840529"/>
  <node id="5646" action="modify" visible="true" version="1" lat="25.013869242821922" lon="121.46413623118207"/>
  <node id="5647" action="modify" visible="true" version="1" lat="25.013858133368963" lon="121.46412364308998"/>
  <node id="5648" action="modify" visible="true" version="1" lat="25.01384721603276" lon="121.46411186078674"/>
  <node id="5649" action="modify" visible="true" version="1" lat="25.01381417258538" lon="121.46407875427525"/>
  <node id="5650" action="modify" visible="true" version="1" lat="25.013801990198125" lon="121.46406747952012"/>
  <node id="5651" action="modify" visible="true" version="1" lat="25.013765978679857" lon="121.46403700327578"/>
  <node id="5652" action="modify" visible="true" version="1" lat="25.01375991882526" lon="121.46403230778178"/>
  <node id="5653" action="modify" visible="true" version="1" lat="25.01372253967523" lon="121.46400566285216"/>
  <node id="5654" action="modify" visible="true" version="1" lat="25.013704761435342" lon="121.46399436563912"/>
  <node id="5655" action="modify" visible="true" version="1" lat="25.01366375644721" lon="121.46397195446943"/>
  <node id="5656" action="modify" visible="true" version="1" lat="25.013655733075755" lon="121.46396795966135"/>
  <node id="5657" action="modify" visible="true" version="1" lat="25.013637503837096" lon="121.46395969156748"/>
  <node id="5658" action="modify" visible="true" version="1" lat="25.013594821862853" lon="121.46394382192967"/>
  <node id="5659" action="modify" visible="true" version="1" lat="25.01357819631364" lon="121.46393869075278"/>
  <node id="5660" action="modify" visible="true" version="1" lat="25.013533578483074" lon="121.46392821819319"/>
  <node id="5661" action="modify" visible="true" version="1" lat="25.013529119873954" lon="121.4639275246938"/>
  <node id="5662" action="modify" visible="true" version="1" lat="25.013522408759258" lon="121.46392680424493"/>
  <node id="5663" action="modify" visible="true" version="1" lat="25.01346986195587" lon="121.46391513423107"/>
  <node id="5664" action="modify" visible="true" version="1" lat="25.01343897404067" lon="121.46389373995427"/>
  <node id="5665" action="modify" visible="true" version="1" lat="25.014108161349107" lon="121.46473833688273"/>
  <node id="5666" action="modify" visible="true" version="1" lat="25.01411309127597" lon="121.46469346513595"/>
  <node id="5667" action="modify" visible="true" version="1" lat="25.014114440981803" lon="121.46467828899753"/>
  <node id="5668" action="modify" visible="true" version="1" lat="25.0141155904297" lon="121.4646563979524"/>
  <node id="5669" action="modify" visible="true" version="1" lat="25.014115065363203" lon="121.46460325092524"/>
  <node id="5670" action="modify" visible="true" version="1" lat="25.01411493022981" lon="121.46460016431392"/>
  <node id="5671" action="modify" visible="true" version="1" lat="25.014113815786338" lon="121.46458486959789"/>
  <node id="5672" action="modify" visible="true" version="1" lat="25.014111855538044" lon="121.46456497730426"/>
  <node id="5673" action="modify" visible="true" version="1" lat="25.014103799633602" lon="121.46451277799972"/>
  <node id="5674" action="modify" visible="true" version="1" lat="25.01410265914021" lon="121.46450678174519"/>
  <node id="5675" action="modify" visible="true" version="1" lat="25.014100825884586" lon="121.46449831512363"/>
  <node id="5676" action="modify" visible="true" version="1" lat="25.01409348390717" lon="121.46446769694549"/>
  <node id="5677" action="modify" visible="true" version="1" lat="25.014083936649484" lon="121.46443500815063"/>
  <node id="5678" action="modify" visible="true" version="1" lat="25.01406696193609" lon="121.46438707943695"/>
  <node id="5679" action="modify" visible="true" version="1" lat="25.014051425659094" lon="121.4643499197269"/>
  <node id="5680" action="modify" visible="true" version="1" lat="25.014042111218462" lon="121.46432967978527"/>
  <node id="5681" action="modify" visible="true" version="1" lat="25.014029230392772" lon="121.46430419008905"/>
  <node id="5682" action="modify" visible="true" version="1" lat="25.014016165588817" lon="121.46427992569492"/>
  <node id="5683" action="modify" visible="true" version="1" lat="25.01399086875744" lon="121.46423754317979"/>
  <node id="5684" action="modify" visible="true" version="1" lat="25.013974764258663" lon="121.46421263828688"/>
  <node id="5685" action="modify" visible="true" version="1" lat="25.01396005098224" lon="121.46419130509551"/>
  <node id="5686" action="modify" visible="true" version="1" lat="25.013929969107583" lon="121.46415084856838"/>
  <node id="5687" action="modify" visible="true" version="1" lat="25.013928459844394" lon="121.46414894863155"/>
  <node id="5688" action="modify" visible="true" version="1" lat="25.01389729689293" lon="121.46411116549069"/>
  <node id="5689" action="modify" visible="true" version="1" lat="25.013895801468323" lon="121.46410938143653"/>
  <node id="5690" action="modify" visible="true" version="1" lat="25.01388377050397" lon="121.46409573602739"/>
  <node id="5691" action="modify" visible="true" version="1" lat="25.0138719487514" lon="121.46408298713686"/>
  <node id="5692" action="modify" visible="true" version="1" lat="25.01383773225249" lon="121.46404872269699"/>
  <node id="5693" action="modify" visible="true" version="1" lat="25.013824818028976" lon="121.46403677510371"/>
  <node id="5694" action="modify" visible="true" version="1" lat="25.01378705303485" lon="121.464004824724"/>
  <node id="5695" action="modify" visible="true" version="1" lat="25.01378033135148" lon="121.46399961988523"/>
  <node id="5696" action="modify" visible="true" version="1" lat="25.01374097078791" lon="121.46397158616017"/>
  <node id="5697" action="modify" visible="true" version="1" lat="25.013722434661595" lon="121.46395980834849"/>
  <node id="5698" action="modify" visible="true" version="1" lat="25.013678821432826" lon="121.4639359401114"/>
  <node id="5699" action="modify" visible="true" version="1" lat="25.013670432549628" lon="121.46393176384362"/>
  <node id="5700" action="modify" visible="true" version="1" lat="25.013650373307033" lon="121.46392266570642"/>
  <node id="5701" action="modify" visible="true" version="1" lat="25.01360489829754" lon="121.46390576839593"/>
  <node id="5702" action="modify" visible="true" version="1" lat="25.013587522186306" lon="121.4639004072503"/>
  <node id="5703" action="modify" visible="true" version="1" lat="25.01353960660048" lon="121.46388914596992"/>
  <node id="5704" action="modify" visible="true" version="1" lat="25.013532639871382" lon="121.46388808595788"/>
  <node id="5705" action="modify" visible="true" version="1" lat="25.01352592631469" lon="121.4638873646107"/>
  <node id="5706" action="modify" visible="true" version="1" lat="25.01348059371976" lon="121.46388252089469"/>
  <node id="5707" action="modify" visible="true" version="1" lat="25.01346318665662" lon="121.46387146353187"/>
  <node id="5711" action="modify" visible="true" version="1" lat="25.014013601308474" lon="121.46478859762287"/>
  <node id="5712" action="modify" visible="true" version="1" lat="25.013991519189307" lon="121.46475846453498"/>
  <node id="5713" action="modify" visible="true" version="1" lat="25.013714099509276" lon="121.46437987584672"/>
  <node id="5714" action="modify" visible="true" version="1" lat="25.013436676760318" lon="121.46400128715841"/>
  <node id="5715" action="modify" visible="true" version="1" lat="25.013409483046832" lon="121.46396417146582"/>
  <node id="5716" action="modify" visible="true" version="1" lat="25.014038222467775" lon="121.46476686647782"/>
  <node id="5717" action="modify" visible="true" version="1" lat="25.014016141981152" lon="121.46473673518656"/>
  <node id="5718" action="modify" visible="true" version="1" lat="25.013738721542694" lon="121.46435814559995"/>
  <node id="5719" action="modify" visible="true" version="1" lat="25.013461299663422" lon="121.46397955780999"/>
  <node id="5720" action="modify" visible="true" version="1" lat="25.013434106769452" lon="121.46394244391402"/>
  <node id="5724" action="modify" visible="true" version="1" lat="25.0140628444362" lon="121.4647451362311"/>
  <node id="5725" action="modify" visible="true" version="1" lat="25.014040763954" lon="121.46471500493985"/>
  <node id="5726" action="modify" visible="true" version="1" lat="25.01376334357117" lon="121.46433641625156"/>
  <node id="5727" action="modify" visible="true" version="1" lat="25.013485921747524" lon="121.46395782756328"/>
  <node id="5728" action="modify" visible="true" version="1" lat="25.013458731301192" lon="121.46392071726058"/>
  <node id="5731" action="modify" visible="true" version="1" lat="25.01408746558563" lon="121.46472340508608"/>
  <node id="5732" action="modify" visible="true" version="1" lat="25.014065386735968" lon="121.46469327559143"/>
  <node id="5733" action="modify" visible="true" version="1" lat="25.01378796640877" lon="121.46431468690314"/>
  <node id="5734" action="modify" visible="true" version="1" lat="25.01351054382669" lon="121.46393609821486"/>
  <node id="5735" action="modify" visible="true" version="1" lat="25.01348335501393" lon="121.4638989897088"/>
  <node id="5738" action="modify" visible="true" version="1" lat="25.010720912908628" lon="121.46506142855105"/>
  <node id="5739" action="modify" visible="true" version="1" lat="25.010731205310073" lon="121.46511133625332"/>
  <node id="5740" action="modify" visible="true" version="1" lat="25.01071347711003" lon="121.46515050100307"/>
  <node id="5741" action="modify" visible="true" version="1" lat="25.010688389630765" lon="121.46507864835674"/>
  <node id="5742" action="modify" visible="true" version="1" lat="25.01069524580645" lon="121.46510772143262"/>
  <node id="5743" action="modify" visible="true" version="1" lat="25.010688331831133" lon="121.4651220612395"/>
  <node id="5747" action="modify" visible="true" version="1" lat="25.01072578680002" lon="121.46505975139644"/>
  <node id="5748" action="modify" visible="true" version="1" lat="25.010716055298627" lon="121.46506112222555"/>
  <node id="5749" action="modify" visible="true" version="1" lat="25.01073124519995" lon="121.46509892333272"/>
  <node id="5750" action="modify" visible="true" version="1" lat="25.010751611013028" lon="121.46506803835493"/>
  <node id="5754" action="modify" visible="true" version="1" lat="25.010772688327563" lon="121.46510915873705"/>
  <node id="5755" action="modify" visible="true" version="1" lat="25.010737502211114" lon="121.46508915505231"/>
  <node id="5756" action="modify" visible="true" version="1" lat="25.010776003256158" lon="121.46506969844158"/>
  <node id="5757" action="modify" visible="true" version="1" lat="25.010764019202732" lon="121.46506225679775"/>
  <node id="5761" action="modify" visible="true" version="1" lat="25.010788623103835" lon="121.46515793366372"/>
  <node id="5762" action="modify" visible="true" version="1" lat="25.010757345384548" lon="121.46517538343811"/>
  <node id="5763" action="modify" visible="true" version="1" lat="25.0107166446919" lon="121.46519809284851"/>
  <node id="5764" action="modify" visible="true" version="1" lat="25.010772258493986" lon="121.46512260921179"/>
  <node id="5765" action="modify" visible="true" version="1" lat="25.010740979956445" lon="121.46514005988452"/>
  <node id="5766" action="modify" visible="true" version="1" lat="25.010700279258383" lon="121.46516276929492"/>
  <node id="5770" action="modify" visible="true" version="1" lat="25.01075589388196" lon="121.4650872856582"/>
  <node id="5771" action="modify" visible="true" version="1" lat="25.01072461534025" lon="121.4651047363309"/>
  <node id="5772" action="modify" visible="true" version="1" lat="25.010683913008613" lon="121.46512744663961"/>
  <node id="5775" action="modify" visible="true" version="1" lat="25.01069231186478" lon="121.46404531628542"/>
  <node id="5776" action="modify" visible="true" version="1" lat="25.010725607702625" lon="121.46402800395327"/>
  <node id="5777" action="modify" visible="true" version="1" lat="25.010860875003836" lon="121.4639576703581"/>
  <node id="5778" action="modify" visible="true" version="1" lat="25.01070777448556" lon="121.46408112672593"/>
  <node id="5779" action="modify" visible="true" version="1" lat="25.010741068691054" lon="121.46406381529208"/>
  <node id="5780" action="modify" visible="true" version="1" lat="25.01087633678932" lon="121.46399348079859"/>
  <node id="5784" action="modify" visible="true" version="1" lat="25.010658998108152" lon="121.46403107259829"/>
  <node id="5785" action="modify" visible="true" version="1" lat="25.010693865128026" lon="121.46402076712536"/>
  <node id="5789" action="modify" visible="true" version="1" lat="25.010681363312116" lon="121.46403507459287"/>
  <node id="5790" action="modify" visible="true" version="1" lat="25.010649812034778" lon="121.4640036730838"/>
  <node id="5791" action="modify" visible="true" version="1" lat="25.01069150511221" lon="121.463997043517"/>
  <node id="5792" action="modify" visible="true" version="1" lat="25.01068150089153" lon="121.46398467461384"/>
  <node id="5796" action="modify" visible="true" version="1" lat="25.010685862728593" lon="121.46404868496775"/>
  <node id="5797" action="modify" visible="true" version="1" lat="25.01065254001534" lon="121.46406609611458"/>
  <node id="5798" action="modify" visible="true" version="1" lat="25.010651725935798" lon="121.46406652191602"/>
  <node id="5799" action="modify" visible="true" version="1" lat="25.01060986921482" lon="121.46408829618018"/>
  <node id="5800" action="modify" visible="true" version="1" lat="25.010588955502413" lon="121.46409915591367"/>
  <node id="5801" action="modify" visible="true" version="1" lat="25.010548160320663" lon="121.46412035076447"/>
  <node id="5802" action="modify" visible="true" version="1" lat="25.01067036428556" lon="121.46401289339187"/>
  <node id="5803" action="modify" visible="true" version="1" lat="25.0106370057486" lon="121.46403032340334"/>
  <node id="5804" action="modify" visible="true" version="1" lat="25.010636192483034" lon="121.46403074920478"/>
  <node id="5805" action="modify" visible="true" version="1" lat="25.01059442611963" lon="121.46405247585825"/>
  <node id="5806" action="modify" visible="true" version="1" lat="25.010573504263792" lon="121.46406334008329"/>
  <node id="5807" action="modify" visible="true" version="1" lat="25.010532708262833" lon="121.46408453583241"/>
  <node id="5811" action="modify" visible="true" version="1" lat="25.01177661834056" lon="121.46961128317574"/>
  <node id="5812" action="modify" visible="true" version="1" lat="25.011814090887103" lon="121.46959765303791"/>
  <node id="5813" action="modify" visible="true" version="1" lat="25.01184786916528" lon="121.46958810484477"/>
  <node id="5814" action="modify" visible="true" version="1" lat="25.011886164716238" lon="121.46957293409623"/>
  <node id="5815" action="modify" visible="true" version="1" lat="25.011790306147876" lon="121.46964795330395"/>
  <node id="5816" action="modify" visible="true" version="1" lat="25.011823349325784" lon="121.469635955405"/>
  <node id="5817" action="modify" visible="true" version="1" lat="25.01185768117007" lon="121.46962624102352"/>
  <node id="5818" action="modify" visible="true" version="1" lat="25.01190088882407" lon="121.46960911733757"/>
  <node id="5822" action="modify" visible="true" version="1" lat="25.011803993139594" lon="121.46968462343214"/>
  <node id="5823" action="modify" visible="true" version="1" lat="25.011832606949692" lon="121.4696742586704"/>
  <node id="5824" action="modify" visible="true" version="1" lat="25.011867493174073" lon="121.46966437720228"/>
  <node id="5825" action="modify" visible="true" version="1" lat="25.01191561293013" lon="121.4696453005789"/>
  <node id="5828" action="modify" visible="true" version="1" lat="25.011774887623282" lon="121.46960737550425"/>
  <node id="5829" action="modify" visible="true" version="1" lat="25.01180803989097" lon="121.46958464722925"/>
  <node id="5830" action="modify" visible="true" version="1" lat="25.011836994796166" lon="121.46956424109923"/>
  <node id="5831" action="modify" visible="true" version="1" lat="25.011872051974304" lon="121.46953988238201"/>
  <node id="5832" action="modify" visible="true" version="1" lat="25.01179373664722" lon="121.4696411755151"/>
  <node id="5833" action="modify" visible="true" version="1" lat="25.011827449805256" lon="121.46961806365948"/>
  <node id="5834" action="modify" visible="true" version="1" lat="25.011856500766317" lon="121.46959758925753"/>
  <node id="5835" action="modify" visible="true" version="1" lat="25.01189115822987" lon="121.46957350811971"/>
  <node id="5839" action="modify" visible="true" version="1" lat="25.01176649535373" lon="121.46960623733877"/>
  <node id="5840" action="modify" visible="true" version="1" lat="25.01179134083338" lon="121.46956892850838"/>
  <node id="5841" action="modify" visible="true" version="1" lat="25.011801775607704" lon="121.46952677416536"/>
  <node id="5842" action="modify" visible="true" version="1" lat="25.011797799680377" lon="121.4694797734114"/>
  <node id="5843" action="modify" visible="true" version="1" lat="25.011779412235928" lon="121.46942792714476"/>
  <node id="5844" action="modify" visible="true" version="1" lat="25.01179192370892" lon="121.46963437257347"/>
  <node id="5845" action="modify" visible="true" version="1" lat="25.011823802763757" lon="121.46958628575632"/>
  <node id="5846" action="modify" visible="true" version="1" lat="25.011837772234625" lon="121.46952991467562"/>
  <node id="5847" action="modify" visible="true" version="1" lat="25.011832845472703" lon="121.46947022521823"/>
  <node id="5848" action="modify" visible="true" version="1" lat="25.01181148178683" lon="121.46940971380238"/>
  <node id="5852" action="modify" visible="true" version="1" lat="25.011758169023448" lon="121.46960944881592"/>
  <node id="5853" action="modify" visible="true" version="1" lat="25.011773613600443" lon="121.46957170520093"/>
  <node id="5854" action="modify" visible="true" version="1" lat="25.011773572082767" lon="121.46952546711663"/>
  <node id="5855" action="modify" visible="true" version="1" lat="25.0117580444704" lon="121.46947073635963"/>
  <node id="5856" action="modify" visible="true" version="1" lat="25.01178692286461" lon="121.46963341946095"/>
  <node id="5857" action="modify" visible="true" version="1" lat="25.011809013520935" lon="121.46957952413716"/>
  <node id="5858" action="modify" visible="true" version="1" lat="25.01180917552124" lon="121.46951885551614"/>
  <node id="5859" action="modify" visible="true" version="1" lat="25.011791181275264" lon="121.46945499068933"/>
  <node id="5863" action="modify" visible="true" version="1" lat="25.011735851231787" lon="121.46952262933864"/>
  <node id="5864" action="modify" visible="true" version="1" lat="25.011735889493185" lon="121.4695682071612"/>
  <node id="5865" action="modify" visible="true" version="1" lat="25.011715014233946" lon="121.4696002087449"/>
  <node id="5866" action="modify" visible="true" version="1" lat="25.011700583984034" lon="121.46953114177427"/>
  <node id="5867" action="modify" visible="true" version="1" lat="25.011701253151703" lon="121.469557003373"/>
  <node id="5868" action="modify" visible="true" version="1" lat="25.01169366111052" lon="121.4695682529753"/>
  <node id="5872" action="modify" visible="true" version="1" lat="25.01177862991267" lon="121.46950144077604"/>
  <node id="5873" action="modify" visible="true" version="1" lat="25.011811885566473" lon="121.4695403890318"/>
  <node id="5874" action="modify" visible="true" version="1" lat="25.011846668409643" lon="121.46956196027674"/>
  <node id="5875" action="modify" visible="true" version="1" lat="25.011882977626815" lon="121.46956615630741"/>
  <node id="5876" action="modify" visible="true" version="1" lat="25.011920814030706" lon="121.46955297622557"/>
  <node id="5877" action="modify" visible="true" version="1" lat="25.011749721395834" lon="121.46952518774057"/>
  <node id="5878" action="modify" visible="true" version="1" lat="25.011789148537485" lon="121.46957117429659"/>
  <node id="5879" action="modify" visible="true" version="1" lat="25.01183534385877" lon="121.46959958890736"/>
  <node id="5880" action="modify" visible="true" version="1" lat="25.01188694052624" lon="121.46960554473769"/>
  <node id="5881" action="modify" visible="true" version="1" lat="25.011937378748975" lon="121.46958818748978"/>
  <node id="5885" action="modify" visible="true" version="1" lat="25.0117770807335" lon="121.46949495583802"/>
  <node id="5886" action="modify" visible="true" version="1" lat="25.011810751564372" lon="121.46952507994274"/>
  <node id="5887" action="modify" visible="true" version="1" lat="25.01184791475329" lon="121.46953548782362"/>
  <node id="5888" action="modify" visible="true" version="1" lat="25.011888568668947" lon="121.46952618037896"/>
  <node id="5889" action="modify" visible="true" version="1" lat="25.011749922471683" lon="121.46952107255827"/>
  <node id="5890" action="modify" visible="true" version="1" lat="25.011794056577507" lon="121.46956021754507"/>
  <node id="5891" action="modify" visible="true" version="1" lat="25.01184744910433" lon="121.46957511161249"/>
  <node id="5892" action="modify" visible="true" version="1" lat="25.011902320775416" lon="121.46956282176109"/>
  <node id="5896" action="modify" visible="true" version="1" lat="25.011826999623583" lon="121.46946357858344"/>
  <node id="5897" action="modify" visible="true" version="1" lat="25.01179175438195" lon="121.46944703431086"/>
  <node id="5898" action="modify" visible="true" version="1" lat="25.01182649245688" lon="121.46942395479456"/>
  <node id="5899" action="modify" visible="true" version="1" lat="25.011817804682778" lon="121.46941959257558"/>
  <node id="5903" action="modify" visible="true" version="1" lat="25.011863945450486" lon="121.46954551032724"/>
  <node id="5904" action="modify" visible="true" version="1" lat="25.0118309657811" lon="121.46956855480924"/>
  <node id="5905" action="modify" visible="true" version="1" lat="25.011801990522688" lon="121.46958892410831"/>
  <node id="5906" action="modify" visible="true" version="1" lat="25.011766720851718" lon="121.4696128911601"/>
  <node id="5907" action="modify" visible="true" version="1" lat="25.011844741502088" lon="121.46951195106486"/>
  <node id="5908" action="modify" visible="true" version="1" lat="25.011811427244016" lon="121.46953523000715"/>
  <node id="5909" action="modify" visible="true" version="1" lat="25.011782676664883" lon="121.4695554412027"/>
  <node id="5910" action="modify" visible="true" version="1" lat="25.01174799312041" lon="121.46957901030082"/>
  <node id="5914" action="modify" visible="true" version="1" lat="25.011825538364775" lon="121.4694783927008"/>
  <node id="5915" action="modify" visible="true" version="1" lat="25.01179188870383" lon="121.46950190430672"/>
  <node id="5916" action="modify" visible="true" version="1" lat="25.011763362804036" lon="121.46952195829712"/>
  <node id="5917" action="modify" visible="true" version="1" lat="25.011729265386233" lon="121.46954512854325"/>
  <node id="5920" action="modify" visible="true" version="1" lat="25.010420194982512" lon="121.4644057554117"/>
  <node id="5921" action="modify" visible="true" version="1" lat="25.010407794898896" lon="121.4644625837349"/>
  <node id="5922" action="modify" visible="true" version="1" lat="25.010407001169757" lon="121.46446505589856"/>
  <node id="5923" action="modify" visible="true" version="1" lat="25.010192284632147" lon="121.46512670283457"/>
  <node id="5924" action="modify" visible="true" version="1" lat="25.01018342659917" lon="121.46514975719802"/>
  <node id="5925" action="modify" visible="true" version="1" lat="25.010178285667138" lon="121.46516242793508"/>
  <node id="5926" action="modify" visible="true" version="1" lat="25.010175035849024" lon="121.46517005642848"/>
  <node id="5927" action="modify" visible="true" version="1" lat="25.010144511814236" lon="121.46520505389363"/>
  <node id="5928" action="modify" visible="true" version="1" lat="25.010144063254558" lon="121.46520533057476"/>
  <node id="5929" action="modify" visible="true" version="1" lat="25.010137931581934" lon="121.46520909182085"/>
  <node id="5930" action="modify" visible="true" version="1" lat="25.010096983202715" lon="121.46522975936058"/>
  <node id="5931" action="modify" visible="true" version="1" lat="25.01038422643293" lon="121.46440224928715"/>
  <node id="5932" action="modify" visible="true" version="1" lat="25.010373702803292" lon="121.46444952312896"/>
  <node id="5933" action="modify" visible="true" version="1" lat="25.01037298315534" lon="121.464451762629"/>
  <node id="5934" action="modify" visible="true" version="1" lat="25.010158268186427" lon="121.46511340776834"/>
  <node id="5935" action="modify" visible="true" version="1" lat="25.01015025435493" lon="121.46513410225755"/>
  <node id="5936" action="modify" visible="true" version="1" lat="25.010145401606856" lon="121.46514605613905"/>
  <node id="5937" action="modify" visible="true" version="1" lat="25.01014261662922" lon="121.46515260395915"/>
  <node id="5938" action="modify" visible="true" version="1" lat="25.010126842957572" lon="121.46517049480633"/>
  <node id="5939" action="modify" visible="true" version="1" lat="25.010126322758516" lon="121.46517081640323"/>
  <node id="5940" action="modify" visible="true" version="1" lat="25.010120926202006" lon="121.46517413388156"/>
  <node id="5941" action="modify" visible="true" version="1" lat="25.010085209116518" lon="121.46519229871492"/>
  <node id="5945" action="modify" visible="true" version="1" lat="25.01043466527285" lon="121.46441033861629"/>
  <node id="5946" action="modify" visible="true" version="1" lat="25.010450858156606" lon="121.46444716954294"/>
  <node id="5947" action="modify" visible="true" version="1" lat="25.010585886420923" lon="121.46475430084362"/>
  <node id="5948" action="modify" visible="true" version="1" lat="25.010402141105097" lon="121.46442755572703"/>
  <node id="5949" action="modify" visible="true" version="1" lat="25.010418335621317" lon="121.46446438934863"/>
  <node id="5950" action="modify" visible="true" version="1" lat="25.01055336392139" lon="121.46477152064934"/>
  <node id="5954" action="modify" visible="true" version="1" lat="25.01538214685547" lon="121.46694784483363"/>
  <node id="5955" action="modify" visible="true" version="1" lat="25.015424831464635" lon="121.46694513012484"/>
  <node id="5956" action="modify" visible="true" version="1" lat="25.01539186740446" lon="121.46698601065681"/>
  <node id="5957" action="modify" visible="true" version="1" lat="25.015419462818603" lon="121.46698431733248"/>
  <node id="5961" action="modify" visible="true" version="1" lat="25.015391247099796" lon="121.46693512468921"/>
  <node id="5962" action="modify" visible="true" version="1" lat="25.015433336636814" lon="121.46691775306824"/>
  <node id="5963" action="modify" visible="true" version="1" lat="25.01546835941229" lon="121.46691839266875"/>
  <node id="5964" action="modify" visible="true" version="1" lat="25.015408078357666" lon="121.46697018593477"/>
  <node id="5965" action="modify" visible="true" version="1" lat="25.01544034070428" lon="121.46695662856048"/>
  <node id="5966" action="modify" visible="true" version="1" lat="25.015458651894114" lon="121.46695656208516"/>
  <node id="5970" action="modify" visible="true" version="1" lat="25.01533406020571" lon="121.46687738277939"/>
  <node id="5971" action="modify" visible="true" version="1" lat="25.015369244191056" lon="121.4668477680194"/>
  <node id="5972" action="modify" visible="true" version="1" lat="25.015370790068715" lon="121.46684646636056"/>
  <node id="5973" action="modify" visible="true" version="1" lat="25.01537150724523" lon="121.46684586179438"/>
  <node id="5974" action="modify" visible="true" version="1" lat="25.015356024046433" lon="121.46690883728905"/>
  <node id="5975" action="modify" visible="true" version="1" lat="25.015391232446923" lon="121.46687920276617"/>
  <node id="5976" action="modify" visible="true" version="1" lat="25.015392778324305" lon="121.46687790020897"/>
  <node id="5977" action="modify" visible="true" version="1" lat="25.01539349631474" lon="121.4668772956428"/>
  <node id="5981" action="modify" visible="true" version="1" lat="25.015377988697267" lon="121.46694029179874"/>
  <node id="5982" action="modify" visible="true" version="1" lat="25.015413219884806" lon="121.4669106375129"/>
  <node id="5983" action="modify" visible="true" version="1" lat="25.01541476739001" lon="121.46690933405742"/>
  <node id="5984" action="modify" visible="true" version="1" lat="25.015415485380316" lon="121.46690872949122"/>
  <node id="5987" action="modify" visible="true" version="1" lat="25.015399952530124" lon="121.46697174630842"/>
  <node id="5988" action="modify" visible="true" version="1" lat="25.015435208132804" lon="121.46694207225963"/>
  <node id="5989" action="modify" visible="true" version="1" lat="25.015436756451773" lon="121.46694076790584"/>
  <node id="5990" action="modify" visible="true" version="1" lat="25.0154374736279" lon="121.46694016333966"/>
  <node id="5993" action="modify" visible="true" version="1" lat="25.010732604711897" lon="121.46720410274318"/>
  <node id="5994" action="modify" visible="true" version="1" lat="25.010750452578772" lon="121.4671649200271"/>
  <node id="5995" action="modify" visible="true" version="1" lat="25.01077443941093" lon="121.46714652253009"/>
  <node id="5996" action="modify" visible="true" version="1" lat="25.010896818991487" lon="121.46707609910338"/>
  <node id="5997" action="modify" visible="true" version="1" lat="25.010768586998786" lon="121.46720743818781"/>
  <node id="5998" action="modify" visible="true" version="1" lat="25.0107755310905" lon="121.4671934316559"/>
  <node id="5999" action="modify" visible="true" version="1" lat="25.010791209431634" lon="121.46718161701328"/>
  <node id="6000" action="modify" visible="true" version="1" lat="25.01091358818141" lon="121.46711119358658"/>
  <node id="6004" action="modify" visible="true" version="1" lat="25.010689856601658" lon="121.46722534520468"/>
  <node id="6005" action="modify" visible="true" version="1" lat="25.010672389715136" lon="121.46718828520764"/>
  <node id="6006" action="modify" visible="true" version="1" lat="25.010661991478432" lon="121.467166218991"/>
  <node id="6007" action="modify" visible="true" version="1" lat="25.01058380644656" lon="121.46700030734455"/>
  <node id="6008" action="modify" visible="true" version="1" lat="25.0107219296934" lon="121.46720713815053"/>
  <node id="6009" action="modify" visible="true" version="1" lat="25.0107044644396" lon="121.46717008264504"/>
  <node id="6010" action="modify" visible="true" version="1" lat="25.010694066205605" lon="121.4671480164284"/>
  <node id="6011" action="modify" visible="true" version="1" lat="25.010615881194155" lon="121.46698210388364"/>
  <node id="6015" action="modify" visible="true" version="1" lat="25.010754001962688" lon="121.46718893109632"/>
  <node id="6016" action="modify" visible="true" version="1" lat="25.01073653915568" lon="121.46715187918413"/>
  <node id="6017" action="modify" visible="true" version="1" lat="25.010726140924405" lon="121.4671298138658"/>
  <node id="6018" action="modify" visible="true" version="1" lat="25.010647955933376" lon="121.46696390132104"/>
  <node id="6021" action="modify" visible="true" version="1" lat="25.00880195313842" lon="121.46770422360794"/>
  <node id="6022" action="modify" visible="true" version="1" lat="25.00882485353877" lon="121.46766709623724"/>
  <node id="6023" action="modify" visible="true" version="1" lat="25.008868679341038" lon="121.46763465268242"/>
  <node id="6024" action="modify" visible="true" version="1" lat="25.00883608067625" lon="121.46771717461935"/>
  <node id="6025" action="modify" visible="true" version="1" lat="25.008849725664458" lon="121.46769582346171"/>
  <node id="6026" action="modify" visible="true" version="1" lat="25.008884963609493" lon="121.46767002115178"/>
  <node id="6030" action="modify" visible="true" version="1" lat="25.008753145882707" lon="121.46769442298817"/>
  <node id="6031" action="modify" visible="true" version="1" lat="25.008745120562235" lon="121.46765221205128"/>
  <node id="6032" action="modify" visible="true" version="1" lat="25.00873835871239" lon="121.4676152436824"/>
  <node id="6033" action="modify" visible="true" version="1" lat="25.008730650886942" lon="121.46757118221603"/>
  <node id="6034" action="modify" visible="true" version="1" lat="25.008788480732388" lon="121.4676862555056"/>
  <node id="6035" action="modify" visible="true" version="1" lat="25.008780492048366" lon="121.46764423950314"/>
  <node id="6036" action="modify" visible="true" version="1" lat="25.00877379532782" lon="121.46760762507047"/>
  <node id="6037" action="modify" visible="true" version="1" lat="25.008766131465567" lon="121.46756381423407"/>
  <node id="6041" action="modify" visible="true" version="1" lat="25.00882381475781" lon="121.46767808802305"/>
  <node id="6042" action="modify" visible="true" version="1" lat="25.00881586352431" lon="121.46763626695498"/>
  <node id="6043" action="modify" visible="true" version="1" lat="25.008809231118946" lon="121.46760000645854"/>
  <node id="6044" action="modify" visible="true" version="1" lat="25.008801611219855" lon="121.46755644715043"/>
  <node id="6047" action="modify" visible="true" version="1" lat="25.00873186062806" lon="121.4675781872786"/>
  <node id="6048" action="modify" visible="true" version="1" lat="25.00873930468755" lon="121.46762052487796"/>
  <node id="6049" action="modify" visible="true" version="1" lat="25.008746109684232" lon="121.46765748336536"/>
  <node id="6050" action="modify" visible="true" version="1" lat="25.00875448587834" lon="121.46770139930467"/>
  <node id="6051" action="modify" visible="true" version="1" lat="25.008696384109985" lon="121.46758557771844"/>
  <node id="6052" action="modify" visible="true" version="1" lat="25.00870387783127" lon="121.46762819289722"/>
  <node id="6053" action="modify" visible="true" version="1" lat="25.00871074551503" lon="121.4676654963377"/>
  <node id="6054" action="modify" visible="true" version="1" lat="25.008719153461158" lon="121.46770957666871"/>
  <node id="6058" action="modify" visible="true" version="1" lat="25.00866090839577" lon="121.46759296905661"/>
  <node id="6059" action="modify" visible="true" version="1" lat="25.00866845015068" lon="121.46763586001816"/>
  <node id="6060" action="modify" visible="true" version="1" lat="25.008675382149747" lon="121.46767351020836"/>
  <node id="6061" action="modify" visible="true" version="1" lat="25.008683820219712" lon="121.46771775403273"/>
  <node id="6064" action="modify" visible="true" version="1" lat="25.00873720758597" lon="121.46757848102772"/>
  <node id="6065" action="modify" visible="true" version="1" lat="25.008760329431443" lon="121.46761998678711"/>
  <node id="6066" action="modify" visible="true" version="1" lat="25.008790930334875" lon="121.46764264858676"/>
  <node id="6067" action="modify" visible="true" version="1" lat="25.00882901110477" lon="121.46764646732504"/>
  <node id="6068" action="modify" visible="true" version="1" lat="25.008874572548272" lon="121.46763144210361"/>
  <node id="6069" action="modify" visible="true" version="1" lat="25.008703886786282" lon="121.46759375148922"/>
  <node id="6070" action="modify" visible="true" version="1" lat="25.008733737924818" lon="121.46764679610844"/>
  <node id="6071" action="modify" visible="true" version="1" lat="25.0087789607414" lon="121.46768003467226"/>
  <node id="6072" action="modify" visible="true" version="1" lat="25.008833387661273" lon="121.46768580185639"/>
  <node id="6073" action="modify" visible="true" version="1" lat="25.008889441925405" lon="121.46766755258139"/>
  <node id="6077" action="modify" visible="true" version="1" lat="25.00873760974753" lon="121.46757114718173"/>
  <node id="6078" action="modify" visible="true" version="1" lat="25.00876397982028" lon="121.46760261696276"/>
  <node id="6079" action="modify" visible="true" version="1" lat="25.00880067501427" lon="121.46761254155004"/>
  <node id="6080" action="modify" visible="true" version="1" lat="25.008847696948447" lon="121.4676009209435"/>
  <node id="6081" action="modify" visible="true" version="1" lat="25.008705982260246" lon="121.46759026782254"/>
  <node id="6082" action="modify" visible="true" version="1" lat="25.008745443756833" lon="121.46763662448447"/>
  <node id="6083" action="modify" visible="true" version="1" lat="25.00880134175547" lon="121.46765216174563"/>
  <node id="6084" action="modify" visible="true" version="1" lat="25.008860847781875" lon="121.46763782643033"/>
  <node id="6088" action="modify" visible="true" version="1" lat="25.008799528772993" lon="121.46756970628402"/>
  <node id="6089" action="modify" visible="true" version="1" lat="25.008768862744343" lon="121.46754727714801"/>
  <node id="6090" action="modify" visible="true" version="1" lat="25.008804165839923" lon="121.46753040768529"/>
  <node id="6091" action="modify" visible="true" version="1" lat="25.008799463645648" lon="121.46752623860405"/>
  <node id="6095" action="modify" visible="true" version="1" lat="25.00880695817473" lon="121.4676266226421"/>
  <node id="6096" action="modify" visible="true" version="1" lat="25.008766385462284" lon="121.46766025017644"/>
  <node id="6097" action="modify" visible="true" version="1" lat="25.008740150529363" lon="121.46769512187748"/>
  <node id="6098" action="modify" visible="true" version="1" lat="25.008728254199248" lon="121.46773123864347"/>
  <node id="6099" action="modify" visible="true" version="1" lat="25.00878771141555" lon="121.46759309482076"/>
  <node id="6100" action="modify" visible="true" version="1" lat="25.008741733124623" lon="121.46763129567823"/>
  <node id="6101" action="modify" visible="true" version="1" lat="25.00870904324779" lon="121.4676749996151"/>
  <node id="6102" action="modify" visible="true" version="1" lat="25.008692499260494" lon="121.46772569783481"/>
  <node id="6106" action="modify" visible="true" version="1" lat="25.008814434793344" lon="121.4676246481451"/>
  <node id="6107" action="modify" visible="true" version="1" lat="25.008782130815447" lon="121.46765959620292"/>
  <node id="6108" action="modify" visible="true" version="1" lat="25.008764956730744" lon="121.4676990852445"/>
  <node id="6109" action="modify" visible="true" version="1" lat="25.008762913359682" lon="121.4677431143715"/>
  <node id="6110" action="modify" visible="true" version="1" lat="25.00879282635485" lon="121.46759289988634"/>
  <node id="6111" action="modify" visible="true" version="1" lat="25.008752957013325" lon="121.46763624449711"/>
  <node id="6112" action="modify" visible="true" version="1" lat="25.008729945883026" lon="121.46768938343942"/>
  <node id="6113" action="modify" visible="true" version="1" lat="25.008727108771385" lon="121.4677482563282"/>
  <node id="6117" action="modify" visible="true" version="1" lat="25.015934659652707" lon="121.46832460193976"/>
  <node id="6118" action="modify" visible="true" version="1" lat="25.01596081245828" lon="121.46835525066062"/>
  <node id="6119" action="modify" visible="true" version="1" lat="25.015920903113564" lon="121.46836124242357"/>
  <node id="6120" action="modify" visible="true" version="1" lat="25.015927050778327" lon="121.46836930839649"/>
  <node id="6124" action="modify" visible="true" version="1" lat="25.01594420595245" lon="121.46831856076946"/>
  <node id="6125" action="modify" visible="true" version="1" lat="25.015981999588714" lon="121.46833436572861"/>
  <node id="6126" action="modify" visible="true" version="1" lat="25.01600043280438" lon="121.46836931198979"/>
  <node id="6127" action="modify" visible="true" version="1" lat="25.01593991512403" lon="121.46835790787723"/>
  <node id="6128" action="modify" visible="true" version="1" lat="25.015959061448875" lon="121.46836497222864"/>
  <node id="6129" action="modify" visible="true" version="1" lat="25.015965135847743" lon="121.46837767171179"/>
  <node id="6133" action="modify" visible="true" version="1" lat="25.014950437620886" lon="121.46730046143043"/>
  <node id="6134" action="modify" visible="true" version="1" lat="25.014992725123353" lon="121.46727968519454"/>
  <node id="6135" action="modify" visible="true" version="1" lat="25.015030478349964" lon="121.46729242779685"/>
  <node id="6136" action="modify" visible="true" version="1" lat="25.015051451545684" lon="121.46731692036306"/>
  <node id="6137" action="modify" visible="true" version="1" lat="25.015161694268564" lon="121.4674859168242"/>
  <node id="6138" action="modify" visible="true" version="1" lat="25.015271938520574" lon="121.46765491418367"/>
  <node id="6139" action="modify" visible="true" version="1" lat="25.01529681178267" lon="121.4676934483161"/>
  <node id="6140" action="modify" visible="true" version="1" lat="25.014972425951754" lon="121.46733189527885"/>
  <node id="6141" action="modify" visible="true" version="1" lat="25.01499601388841" lon="121.4673191490833"/>
  <node id="6142" action="modify" visible="true" version="1" lat="25.015008673190895" lon="121.46732401525718"/>
  <node id="6143" action="modify" visible="true" version="1" lat="25.015022089559103" lon="121.46733998820126"/>
  <node id="6144" action="modify" visible="true" version="1" lat="25.015132333122402" lon="121.46750898466237"/>
  <node id="6145" action="modify" visible="true" version="1" lat="25.015242577400766" lon="121.46767798292018"/>
  <node id="6146" action="modify" visible="true" version="1" lat="25.015266949214666" lon="121.4677157292301"/>
  <node id="6150" action="modify" visible="true" version="1" lat="25.014906460947337" lon="121.46723759283529"/>
  <node id="6151" action="modify" visible="true" version="1" lat="25.014946883473964" lon="121.46720353860117"/>
  <node id="6152" action="modify" visible="true" version="1" lat="25.01497471587692" lon="121.46718009077563"/>
  <node id="6153" action="modify" visible="true" version="1" lat="25.015010925669046" lon="121.4671495857852"/>
  <node id="6154" action="modify" visible="true" version="1" lat="25.01492844928608" lon="121.4672690266837"/>
  <node id="6155" action="modify" visible="true" version="1" lat="25.01496887180547" lon="121.4672349733479"/>
  <node id="6156" action="modify" visible="true" version="1" lat="25.014996704203437" lon="121.46721152552236"/>
  <node id="6157" action="modify" visible="true" version="1" lat="25.015032913989085" lon="121.46718101963361"/>
  <node id="6161" action="modify" visible="true" version="1" lat="25.014950437620886" lon="121.46730046143043"/>
  <node id="6162" action="modify" visible="true" version="1" lat="25.014990860133032" lon="121.46726640719632"/>
  <node id="6163" action="modify" visible="true" version="1" lat="25.015018692526024" lon="121.46724295937076"/>
  <node id="6164" action="modify" visible="true" version="1" lat="25.015054902305184" lon="121.46721245438037"/>
  <node id="6167" action="modify" visible="true" version="1" lat="25.01501284764261" lon="121.46729784194305"/>
  <node id="6168" action="modify" visible="true" version="1" lat="25.01504068084466" lon="121.46727439411752"/>
  <node id="6169" action="modify" visible="true" version="1" lat="25.015076890617344" lon="121.4672438882288"/>
  <node id="6172" action="modify" visible="true" version="1" lat="25.014426507550755" lon="121.4677569789696"/>
  <node id="6173" action="modify" visible="true" version="1" lat="25.014465311895517" lon="121.46776968384268"/>
  <node id="6174" action="modify" visible="true" version="1" lat="25.0144851080655" lon="121.46779019597389"/>
  <node id="6175" action="modify" visible="true" version="1" lat="25.01462745023234" lon="121.46797607986402"/>
  <node id="6176" action="modify" visible="true" version="1" lat="25.014769796304424" lon="121.46816196824578"/>
  <node id="6177" action="modify" visible="true" version="1" lat="25.014766060618616" lon="121.46816494526266"/>
  <node id="6178" action="modify" visible="true" version="1" lat="25.014769797932534" lon="121.46816197183905"/>
  <node id="6179" action="modify" visible="true" version="1" lat="25.01501100056171" lon="121.46792981393196"/>
  <node id="6180" action="modify" visible="true" version="1" lat="25.01442947640756" lon="121.46779647250276"/>
  <node id="6181" action="modify" visible="true" version="1" lat="25.0144444346581" lon="121.46780201690471"/>
  <node id="6182" action="modify" visible="true" version="1" lat="25.014457462784062" lon="121.46781569016163"/>
  <node id="6183" action="modify" visible="true" version="1" lat="25.014599805796998" lon="121.46800157495012"/>
  <node id="6184" action="modify" visible="true" version="1" lat="25.014742151087084" lon="121.46818746333187"/>
  <node id="6185" action="modify" visible="true" version="1" lat="25.014780473413207" lon="121.46820128031925"/>
  <node id="6186" action="modify" visible="true" version="1" lat="25.014793608144334" lon="121.46819176536374"/>
  <node id="6187" action="modify" visible="true" version="1" lat="25.01503481072674" lon="121.46795960655837"/>
  <node id="6191" action="modify" visible="true" version="1" lat="25.014378095718865" lon="121.46768271524506"/>
  <node id="6192" action="modify" visible="true" version="1" lat="25.01440880267771" lon="121.46765684645985"/>
  <node id="6193" action="modify" visible="true" version="1" lat="25.014424319372186" lon="121.46764377507415"/>
  <node id="6194" action="modify" visible="true" version="1" lat="25.014665387547222" lon="121.46744068575134"/>
  <node id="6195" action="modify" visible="true" version="1" lat="25.01440008415223" lon="121.46771414909348"/>
  <node id="6196" action="modify" visible="true" version="1" lat="25.014430790291517" lon="121.46768828030825"/>
  <node id="6197" action="modify" visible="true" version="1" lat="25.014446306983213" lon="121.46767520892257"/>
  <node id="6198" action="modify" visible="true" version="1" lat="25.014687375929135" lon="121.46747212049807"/>
  <node id="6202" action="modify" visible="true" version="1" lat="25.01442207176759" lon="121.46774558384024"/>
  <node id="6203" action="modify" visible="true" version="1" lat="25.014452778715437" lon="121.467719715055"/>
  <node id="6204" action="modify" visible="true" version="1" lat="25.014468295404356" lon="121.46770664277098"/>
  <node id="6205" action="modify" visible="true" version="1" lat="25.01470936430711" lon="121.46750355434648"/>
  <node id="6208" action="modify" visible="true" version="1" lat="25.01444405937902" lon="121.46777701768866"/>
  <node id="6209" action="modify" visible="true" version="1" lat="25.01447476713542" lon="121.46775114890343"/>
  <node id="6210" action="modify" visible="true" version="1" lat="25.01449028300751" lon="121.46773807751774"/>
  <node id="6211" action="modify" visible="true" version="1" lat="25.014731352681146" lon="121.46753498909321"/>
  <node id="6214" action="modify" visible="true" version="1" lat="25.013400431499317" lon="121.4688974495116"/>
  <node id="6215" action="modify" visible="true" version="1" lat="25.01342117459414" lon="121.4688567181"/>
  <node id="6216" action="modify" visible="true" version="1" lat="25.0134266572961" lon="121.46885151595619"/>
  <node id="6217" action="modify" visible="true" version="1" lat="25.013704309632423" lon="121.46860636212189"/>
  <node id="6218" action="modify" visible="true" version="1" lat="25.013740841352522" lon="121.46857503247803"/>
  <node id="6219" action="modify" visible="true" version="1" lat="25.013746648035703" lon="121.4685701043204"/>
  <node id="6220" action="modify" visible="true" version="1" lat="25.013783532230658" lon="121.4685389543396"/>
  <node id="6221" action="modify" visible="true" version="1" lat="25.01379557541571" lon="121.46852889410673"/>
  <node id="6222" action="modify" visible="true" version="1" lat="25.01383272335091" lon="121.4684984753546"/>
  <node id="6223" action="modify" visible="true" version="1" lat="25.013838550381205" lon="121.46849391999778"/>
  <node id="6224" action="modify" visible="true" version="1" lat="25.01387712616143" lon="121.46846565810061"/>
  <node id="6225" action="modify" visible="true" version="1" lat="25.013883684213813" lon="121.46846142883227"/>
  <node id="6226" action="modify" visible="true" version="1" lat="25.013924518990404" lon="121.46844222195317"/>
  <node id="6227" action="modify" visible="true" version="1" lat="25.01395735238123" lon="121.4684288343605"/>
  <node id="6228" action="modify" visible="true" version="1" lat="25.014001580938412" lon="121.46841292609511"/>
  <node id="6229" action="modify" visible="true" version="1" lat="25.01401575693208" lon="121.46840813088816"/>
  <node id="6230" action="modify" visible="true" version="1" lat="25.01406065055275" lon="121.46839464627743"/>
  <node id="6231" action="modify" visible="true" version="1" lat="25.014073265992597" lon="121.46839109074553"/>
  <node id="6232" action="modify" visible="true" version="1" lat="25.014118227972993" lon="121.46837972975212"/>
  <node id="6233" action="modify" visible="true" version="1" lat="25.014123004856824" lon="121.46837860955297"/>
  <node id="6234" action="modify" visible="true" version="1" lat="25.01416853014592" lon="121.46836882689952"/>
  <node id="6235" action="modify" visible="true" version="1" lat="25.01417617983209" lon="121.46836731593321"/>
  <node id="6236" action="modify" visible="true" version="1" lat="25.014222114571588" lon="121.4683590352629"/>
  <node id="6237" action="modify" visible="true" version="1" lat="25.014235761403526" lon="121.46835701315523"/>
  <node id="6238" action="modify" visible="true" version="1" lat="25.013436207047068" lon="121.46890283131849"/>
  <node id="6239" action="modify" visible="true" version="1" lat="25.013445790173794" lon="121.46888571122578"/>
  <node id="6240" action="modify" visible="true" version="1" lat="25.013449292264266" lon="121.46888239284912"/>
  <node id="6241" action="modify" visible="true" version="1" lat="25.01372694617753" lon="121.46863723721819"/>
  <node id="6242" action="modify" visible="true" version="1" lat="25.01376293247142" lon="121.46860637918986"/>
  <node id="6243" action="modify" visible="true" version="1" lat="25.013768740781675" lon="121.46860145013392"/>
  <node id="6244" action="modify" visible="true" version="1" lat="25.013805470298852" lon="121.46857043040883"/>
  <node id="6245" action="modify" visible="true" version="1" lat="25.013817340087275" lon="121.46856051480474"/>
  <node id="6246" action="modify" visible="true" version="1" lat="25.013853885612736" lon="121.46853058563443"/>
  <node id="6247" action="modify" visible="true" version="1" lat="25.013859212810246" lon="121.46852641924812"/>
  <node id="6248" action="modify" visible="true" version="1" lat="25.013895998470367" lon="121.46849944284016"/>
  <node id="6249" action="modify" visible="true" version="1" lat="25.013901165296623" lon="121.46849610380224"/>
  <node id="6250" action="modify" visible="true" version="1" lat="25.01393775557031" lon="121.46847909150738"/>
  <node id="6251" action="modify" visible="true" version="1" lat="25.013969045504485" lon="121.46846632734551"/>
  <node id="6252" action="modify" visible="true" version="1" lat="25.014012453487734" lon="121.4684507155242"/>
  <node id="6253" action="modify" visible="true" version="1" lat="25.01402602870595" lon="121.46844612153983"/>
  <node id="6254" action="modify" visible="true" version="1" lat="25.014069773688608" lon="121.46843298817036"/>
  <node id="6255" action="modify" visible="true" version="1" lat="25.01408205047988" lon="121.4684295278599"/>
  <node id="6256" action="modify" visible="true" version="1" lat="25.01412586707956" lon="121.4684184615139"/>
  <node id="6257" action="modify" visible="true" version="1" lat="25.01413044289114" lon="121.46841738712882"/>
  <node id="6258" action="modify" visible="true" version="1" lat="25.01417506538918" lon="121.46840780030813"/>
  <node id="6259" action="modify" visible="true" version="1" lat="25.014182387824363" lon="121.4684063540205"/>
  <node id="6260" action="modify" visible="true" version="1" lat="25.014227400236273" lon="121.46839823594527"/>
  <node id="6261" action="modify" visible="true" version="1" lat="25.01423987319923" lon="121.46839638361917"/>
  <node id="6265" action="modify" visible="true" version="1" lat="25.01336147621664" lon="121.4689184611061"/>
  <node id="6266" action="modify" visible="true" version="1" lat="25.01334232623051" lon="121.46887754553984"/>
  <node id="6267" action="modify" visible="true" version="1" lat="25.01331069016033" lon="121.46880995539956"/>
  <node id="6268" action="modify" visible="true" version="1" lat="25.013389582503585" lon="121.46890262021438"/>
  <node id="6269" action="modify" visible="true" version="1" lat="25.01337043089371" lon="121.46886170285151"/>
  <node id="6270" action="modify" visible="true" version="1" lat="25.013338795644835" lon="121.46879411271122"/>
  <node id="6274" action="modify" visible="true" version="1" lat="25.013417687970026" lon="121.46888677842438"/>
  <node id="6275" action="modify" visible="true" version="1" lat="25.01339853636454" lon="121.46884586016314"/>
  <node id="6276" action="modify" visible="true" version="1" lat="25.013366901122904" lon="121.46877827002287"/>
  <node id="6279" action="modify" visible="true" version="1" lat="25.012085497253945" lon="121.46597561616795"/>
  <node id="6280" action="modify" visible="true" version="1" lat="25.012084401515665" lon="121.46589702436036"/>
  <node id="6281" action="modify" visible="true" version="1" lat="25.01208479796778" lon="121.46589621587663"/>
  <node id="6282" action="modify" visible="true" version="1" lat="25.012100548593995" lon="121.46584975051854"/>
  <node id="6283" action="modify" visible="true" version="1" lat="25.0121017696989" lon="121.46584410370866"/>
  <node id="6284" action="modify" visible="true" version="1" lat="25.012104207024255" lon="121.46583023461899"/>
  <node id="6285" action="modify" visible="true" version="1" lat="25.012105651998343" lon="121.46581794386927"/>
  <node id="6286" action="modify" visible="true" version="1" lat="25.012104842812857" lon="121.46576883566762"/>
  <node id="6287" action="modify" visible="true" version="1" lat="25.012102582954757" lon="121.46575395507494"/>
  <node id="6288" action="modify" visible="true" version="1" lat="25.012089191503737" lon="121.46570636412783"/>
  <node id="6289" action="modify" visible="true" version="1" lat="25.01208840999652" lon="121.46570432046056"/>
  <node id="6290" action="modify" visible="true" version="1" lat="25.012067198586223" lon="121.46566029492679"/>
  <node id="6291" action="modify" visible="true" version="1" lat="25.012064938727438" lon="121.465656568715"/>
  <node id="6292" action="modify" visible="true" version="1" lat="25.01203591060966" lon="121.46561886013433"/>
  <node id="6293" action="modify" visible="true" version="1" lat="25.012027652679556" lon="121.46561049951397"/>
  <node id="6294" action="modify" visible="true" version="1" lat="25.012016549572554" lon="121.46560079142068"/>
  <node id="6295" action="modify" visible="true" version="1" lat="25.012004361308463" lon="121.4655918747432"/>
  <node id="6296" action="modify" visible="true" version="1" lat="25.011987396890518" lon="121.46558167527144"/>
  <node id="6297" action="modify" visible="true" version="1" lat="25.01194479412169" lon="121.46556532054339"/>
  <node id="6298" action="modify" visible="true" version="1" lat="25.011938732549076" lon="121.4655639389345"/>
  <node id="6299" action="modify" visible="true" version="1" lat="25.01191475245691" lon="121.46556027919803"/>
  <node id="6300" action="modify" visible="true" version="1" lat="25.011867189525407" lon="121.4655438984188"/>
  <node id="6301" action="modify" visible="true" version="1" lat="25.012121602883056" lon="121.46597500980513"/>
  <node id="6302" action="modify" visible="true" version="1" lat="25.0121205071451" lon="121.46589641799754"/>
  <node id="6303" action="modify" visible="true" version="1" lat="25.012116632986825" lon="121.4659149170042"/>
  <node id="6304" action="modify" visible="true" version="1" lat="25.01213559999841" lon="121.46585927625381"/>
  <node id="6305" action="modify" visible="true" version="1" lat="25.01213700752493" lon="121.46585276077307"/>
  <node id="6306" action="modify" visible="true" version="1" lat="25.01213984781407" lon="121.46583660277602"/>
  <node id="6307" action="modify" visible="true" version="1" lat="25.012141671330145" lon="121.46582074661296"/>
  <node id="6308" action="modify" visible="true" version="1" lat="25.012140663511886" lon="121.4657638257633"/>
  <node id="6309" action="modify" visible="true" version="1" lat="25.01213795998647" lon="121.46574601217122"/>
  <node id="6310" action="modify" visible="true" version="1" lat="25.012122541505537" lon="121.46569117002312"/>
  <node id="6311" action="modify" visible="true" version="1" lat="25.01212163870213" lon="121.46568880925057"/>
  <node id="6312" action="modify" visible="true" version="1" lat="25.012097490947262" lon="121.46563872547853"/>
  <node id="6313" action="modify" visible="true" version="1" lat="25.01209463193353" lon="121.46563401920474"/>
  <node id="6314" action="modify" visible="true" version="1" lat="25.01206075033631" lon="121.46559009877387"/>
  <node id="6315" action="modify" visible="true" version="1" lat="25.012051579835113" lon="121.46558082007529"/>
  <node id="6316" action="modify" visible="true" version="1" lat="25.012037814720237" lon="121.4655687646842"/>
  <node id="6317" action="modify" visible="true" version="1" lat="25.012022882226784" lon="121.46555785734"/>
  <node id="6318" action="modify" visible="true" version="1" lat="25.012003625388658" lon="121.46554627536105"/>
  <node id="6319" action="modify" visible="true" version="1" lat="25.011953299534923" lon="121.46552680797052"/>
  <node id="6320" action="modify" visible="true" version="1" lat="25.011943712221363" lon="121.46552468974309"/>
  <node id="6321" action="modify" visible="true" version="1" lat="25.011919726431667" lon="121.46552102910832"/>
  <node id="6322" action="modify" visible="true" version="1" lat="25.011883174632093" lon="121.46551398901144"/>
  <node id="6326" action="modify" visible="true" version="1" lat="25.012035523112164" lon="121.46601953210724"/>
  <node id="6327" action="modify" visible="true" version="1" lat="25.012019854698725" lon="121.46598505566496"/>
  <node id="6328" action="modify" visible="true" version="1" lat="25.011999728432723" lon="121.46594076602649"/>
  <node id="6329" action="modify" visible="true" version="1" lat="25.012063797401044" lon="121.46600405593153"/>
  <node id="6330" action="modify" visible="true" version="1" lat="25.012048129805283" lon="121.46596958128588"/>
  <node id="6331" action="modify" visible="true" version="1" lat="25.012028004357983" lon="121.4659252925457"/>
  <node id="6335" action="modify" visible="true" version="1" lat="25.012092070869347" lon="121.4659885788575"/>
  <node id="6336" action="modify" visible="true" version="1" lat="25.012076404905333" lon="121.46595410690676"/>
  <node id="6337" action="modify" visible="true" version="1" lat="25.012056280276738" lon="121.46590981906498"/>
  <node id="6340" action="modify" visible="true" version="1" lat="25.012031801996443" lon="121.46603683725289"/>
  <node id="6341" action="modify" visible="true" version="1" lat="25.01199315644052" lon="121.46602828169812"/>
  <node id="6342" action="modify" visible="true" version="1" lat="25.011942381215302" lon="121.46604402018187"/>
  <node id="6343" action="modify" visible="true" version="1" lat="25.012049895523727" lon="121.46600254316859"/>
  <node id="6344" action="modify" visible="true" version="1" lat="25.011990520479717" lon="121.46598876031719"/>
  <node id="6345" action="modify" visible="true" version="1" lat="25.01192764408731" lon="121.46600784412706"/>
  <node id="6349" action="modify" visible="true" version="1" lat="25.01198053020406" lon="121.46603758734614"/>
  <node id="6350" action="modify" visible="true" version="1" lat="25.012015393592442" lon="121.46606025184074"/>
  <node id="6351" action="modify" visible="true" version="1" lat="25.01197578172936" lon="121.46607186795568"/>
  <node id="6352" action="modify" visible="true" version="1" lat="25.011991390721263" lon="121.4660828004527"/>
  <node id="6356" action="modify" visible="true" version="1" lat="25.011981340204432" lon="121.46601428953925"/>
  <node id="6357" action="modify" visible="true" version="1" lat="25.012001183176885" lon="121.46597619917458"/>
  <node id="6358" action="modify" visible="true" version="1" lat="25.01199589985859" lon="121.46593279796993"/>
  <node id="6359" action="modify" visible="true" version="1" lat="25.012003641670066" lon="121.46603885217404"/>
  <node id="6360" action="modify" visible="true" version="1" lat="25.012032189493947" lon="121.46598287006385"/>
  <node id="6361" action="modify" visible="true" version="1" lat="25.012024976015976" lon="121.46591922891757"/>
  <node id="6365" action="modify" visible="true" version="1" lat="25.011976339367834" lon="121.46599287280453"/>
  <node id="6366" action="modify" visible="true" version="1" lat="25.011958526684165" lon="121.46603129644419"/>
  <node id="6367" action="modify" visible="true" version="1" lat="25.01194034196746" lon="121.46598974756569"/>
  <node id="6368" action="modify" visible="true" version="1" lat="25.011934295047904" lon="121.46600191614452"/>
  <node id="6372" action="modify" visible="true" version="1" lat="25.012016035079995" lon="121.46597665551873"/>
  <node id="6373" action="modify" visible="true" version="1" lat="25.012031703493918" lon="121.46601113196101"/>
  <node id="6374" action="modify" visible="true" version="1" lat="25.012051831382827" lon="121.46605541980284"/>
  <node id="6375" action="modify" visible="true" version="1" lat="25.011987760780116" lon="121.46599213169443"/>
  <node id="6376" action="modify" visible="true" version="1" lat="25.012003429197648" lon="121.4660266072384"/>
  <node id="6377" action="modify" visible="true" version="1" lat="25.01202355709119" lon="121.46607089508025"/>
  <node id="6381" action="modify" visible="true" version="1" lat="25.011959485659663" lon="121.46600760787014"/>
  <node id="6382" action="modify" visible="true" version="1" lat="25.01197515489487" lon="121.46604208341414"/>
  <node id="6383" action="modify" visible="true" version="1" lat="25.011995282793045" lon="121.46608637125597"/>
  <way id="7" action="modify" visible="true" version="1">
    <nd ref="1"/>
    <nd ref="2"/>
    <nd ref="3"/>
    <tag k="type" v="line_thin"/>
    <tag k="subtype" v="solid"/>
  </way>
  <way id="8" action="modify" visible="true" version="1">
    <nd ref="4"/>
    <nd ref="5"/>
    <nd ref="6"/>
    <tag k="type" v="line_thin"/>
    <tag k="subtype" v="dashed"/>
  </way>
  <way id="13" action="modify" visible="true" version="1">
    <nd ref="10"/>
    <nd ref="11"/>
    <nd ref="12"/>
    <tag k="type" v="line_thin"/>
    <tag k="subtype" v="solid"/>
  </way>
  <way id="25" action="modify" visible="true" version="1">
    <nd ref="15"/>
    <nd ref="16"/>
    <nd ref="17"/>
    <nd ref="18"/>
    <nd ref="19"/>
    <tag k="type" v="line_thin"/>
    <tag k="subtype" v="solid"/>
  </way>
  <way id="26" action="modify" visible="true" version="1">
    <nd ref="20"/>
    <nd ref="21"/>
    <nd ref="22"/>
    <nd ref="23"/>
    <nd ref="24"/>
    <tag k="type" v="line_thin"/>
    <tag k="subtype" v="dashed"/>
  </way>
  <way id="33" action="modify" visible="true" version="1">
    <nd ref="28"/>
    <nd ref="29"/>
    <nd ref="30"/>
    <nd ref="31"/>
    <nd ref="32"/>
    <tag k="type" v="line_thin"/>
    <tag k="subtype" v="solid"/>
  </way>
  <way id="41" action="modify" visible="true" version="1">
    <nd ref="35"/>
    <nd ref="36"/>
    <nd ref="37"/>
    <tag k="type" v="line_thin"/>
    <tag k="subtype" v="solid"/>
  </way>
  <way id="42" action="modify" visible="true" version="1">
    <nd ref="38"/>
    <nd ref="39"/>
    <nd ref="40"/>
    <tag k="type" v="line_thin"/>
    <tag k="subtype" v="dashed"/>
  </way>
  <way id="47" action="modify" visible="true" version="1">
    <nd ref="44"/>
    <nd ref="45"/>
    <nd ref="46"/>
    <tag k="type" v="line_thin"/>
    <tag k="subtype" v="solid"/>
  </way>
  <way id="55" action="modify" visible="true" version="1">
    <nd ref="49"/>
    <nd ref="50"/>
    <nd ref="51"/>
    <tag k="type" v="line_thin"/>
    <tag k="subtype" v="solid"/>
  </way>
  <way id="56" action="modify" visible="true" version="1">
    <nd ref="52"/>
    <nd ref="53"/>
    <nd ref="54"/>
    <tag k="type" v="line_thin"/>
    <tag k="subtype" v="dashed"/>
  </way>
  <way id="61" action="modify" visible="true" version="1">
    <nd ref="58"/>
    <nd ref="59"/>
    <nd ref="60"/>
    <tag k="type" v="line_thin"/>
    <tag k="subtype" v="solid"/>
  </way>
  <way id="69" action="modify" visible="true" version="1">
    <nd ref="63"/>
    <nd ref="64"/>
    <nd ref="65"/>
    <tag k="type" v="line_thin"/>
    <tag k="subtype" v="solid"/>
  </way>
  <way id="70" action="modify" visible="true" version="1">
    <nd ref="66"/>
    <nd ref="67"/>
    <nd ref="68"/>
    <tag k="type" v="line_thin"/>
    <tag k="subtype" v="dashed"/>
  </way>
  <way id="75" action="modify" visible="true" version="1">
    <nd ref="72"/>
    <nd ref="73"/>
    <nd ref="74"/>
    <tag k="type" v="line_thin"/>
    <tag k="subtype" v="solid"/>
  </way>
  <way id="109" action="modify" visible="true" version="1">
    <nd ref="77"/>
    <nd ref="78"/>
    <nd ref="79"/>
    <nd ref="80"/>
    <nd ref="81"/>
    <nd ref="82"/>
    <nd ref="83"/>
    <nd ref="84"/>
    <nd ref="85"/>
    <nd ref="86"/>
    <nd ref="87"/>
    <nd ref="88"/>
    <nd ref="89"/>
    <nd ref="90"/>
    <nd ref="91"/>
    <nd ref="92"/>
    <tag k="type" v="line_thin"/>
    <tag k="subtype" v="solid"/>
  </way>
  <way id="110" action="modify" visible="true" version="1">
    <nd ref="93"/>
    <nd ref="94"/>
    <nd ref="95"/>
    <nd ref="96"/>
    <nd ref="97"/>
    <nd ref="98"/>
    <nd ref="99"/>
    <nd ref="100"/>
    <nd ref="101"/>
    <nd ref="102"/>
    <nd ref="103"/>
    <nd ref="104"/>
    <nd ref="105"/>
    <nd ref="106"/>
    <nd ref="107"/>
    <nd ref="108"/>
    <tag k="type" v="line_thin"/>
    <tag k="subtype" v="dashed"/>
  </way>
  <way id="128" action="modify" visible="true" version="1">
    <nd ref="112"/>
    <nd ref="113"/>
    <nd ref="114"/>
    <nd ref="115"/>
    <nd ref="116"/>
    <nd ref="117"/>
    <nd ref="118"/>
    <nd ref="119"/>
    <nd ref="120"/>
    <nd ref="121"/>
    <nd ref="122"/>
    <nd ref="123"/>
    <nd ref="124"/>
    <nd ref="125"/>
    <nd ref="126"/>
    <nd ref="127"/>
    <tag k="type" v="line_thin"/>
    <tag k="subtype" v="solid"/>
  </way>
  <way id="136" action="modify" visible="true" version="1">
    <nd ref="130"/>
    <nd ref="131"/>
    <nd ref="132"/>
    <tag k="type" v="line_thin"/>
    <tag k="subtype" v="solid"/>
  </way>
  <way id="137" action="modify" visible="true" version="1">
    <nd ref="133"/>
    <nd ref="134"/>
    <nd ref="135"/>
    <tag k="type" v="line_thin"/>
    <tag k="subtype" v="dashed"/>
  </way>
  <way id="142" action="modify" visible="true" version="1">
    <nd ref="139"/>
    <nd ref="140"/>
    <nd ref="141"/>
    <tag k="type" v="line_thin"/>
    <tag k="subtype" v="solid"/>
  </way>
  <way id="150" action="modify" visible="true" version="1">
    <nd ref="144"/>
    <nd ref="145"/>
    <nd ref="146"/>
    <tag k="type" v="line_thin"/>
    <tag k="subtype" v="solid"/>
  </way>
  <way id="151" action="modify" visible="true" version="1">
    <nd ref="147"/>
    <nd ref="148"/>
    <nd ref="149"/>
    <tag k="type" v="line_thin"/>
    <tag k="subtype" v="dashed"/>
  </way>
  <way id="156" action="modify" visible="true" version="1">
    <nd ref="153"/>
    <nd ref="154"/>
    <nd ref="155"/>
    <tag k="type" v="line_thin"/>
    <tag k="subtype" v="solid"/>
  </way>
  <way id="170" action="modify" visible="true" version="1">
    <nd ref="158"/>
    <nd ref="159"/>
    <nd ref="160"/>
    <nd ref="161"/>
    <nd ref="162"/>
    <nd ref="163"/>
    <tag k="type" v="line_thin"/>
    <tag k="subtype" v="solid"/>
  </way>
  <way id="171" action="modify" visible="true" version="1">
    <nd ref="164"/>
    <nd ref="165"/>
    <nd ref="166"/>
    <nd ref="167"/>
    <nd ref="168"/>
    <nd ref="169"/>
    <tag k="type" v="line_thin"/>
    <tag k="subtype" v="solid"/>
  </way>
  <way id="179" action="modify" visible="true" version="1">
    <nd ref="173"/>
    <nd ref="174"/>
    <nd ref="175"/>
    <tag k="type" v="line_thin"/>
    <tag k="subtype" v="solid"/>
  </way>
  <way id="180" action="modify" visible="true" version="1">
    <nd ref="176"/>
    <nd ref="177"/>
    <nd ref="178"/>
    <tag k="type" v="line_thin"/>
    <tag k="subtype" v="solid"/>
  </way>
  <way id="198" action="modify" visible="true" version="1">
    <nd ref="182"/>
    <nd ref="183"/>
    <nd ref="184"/>
    <nd ref="185"/>
    <nd ref="186"/>
    <nd ref="187"/>
    <nd ref="188"/>
    <nd ref="189"/>
    <tag k="type" v="line_thin"/>
    <tag k="subtype" v="solid"/>
  </way>
  <way id="199" action="modify" visible="true" version="1">
    <nd ref="190"/>
    <nd ref="191"/>
    <nd ref="192"/>
    <nd ref="193"/>
    <nd ref="194"/>
    <nd ref="195"/>
    <nd ref="196"/>
    <nd ref="197"/>
    <tag k="type" v="line_thin"/>
    <tag k="subtype" v="solid"/>
  </way>
  <way id="205" action="modify" visible="true" version="1">
    <nd ref="189"/>
    <nd ref="201"/>
    <nd ref="202"/>
    <tag k="type" v="line_thin"/>
    <tag k="subtype" v="solid"/>
  </way>
  <way id="206" action="modify" visible="true" version="1">
    <nd ref="197"/>
    <nd ref="203"/>
    <nd ref="204"/>
    <tag k="type" v="line_thin"/>
    <tag k="subtype" v="solid"/>
  </way>
  <way id="220" action="modify" visible="true" version="1">
    <nd ref="208"/>
    <nd ref="209"/>
    <nd ref="210"/>
    <nd ref="211"/>
    <nd ref="212"/>
    <nd ref="213"/>
    <tag k="type" v="line_thin"/>
    <tag k="subtype" v="solid"/>
  </way>
  <way id="221" action="modify" visible="true" version="1">
    <nd ref="214"/>
    <nd ref="215"/>
    <nd ref="216"/>
    <nd ref="217"/>
    <nd ref="218"/>
    <nd ref="219"/>
    <tag k="type" v="line_thin"/>
    <tag k="subtype" v="dashed"/>
  </way>
  <way id="229" action="modify" visible="true" version="1">
    <nd ref="223"/>
    <nd ref="224"/>
    <nd ref="225"/>
    <nd ref="226"/>
    <nd ref="227"/>
    <nd ref="228"/>
    <tag k="type" v="line_thin"/>
    <tag k="subtype" v="solid"/>
  </way>
  <way id="237" action="modify" visible="true" version="1">
    <nd ref="231"/>
    <nd ref="232"/>
    <nd ref="233"/>
    <tag k="type" v="line_thin"/>
    <tag k="subtype" v="solid"/>
  </way>
  <way id="238" action="modify" visible="true" version="1">
    <nd ref="234"/>
    <nd ref="235"/>
    <nd ref="236"/>
    <tag k="type" v="line_thin"/>
    <tag k="subtype" v="dashed"/>
  </way>
  <way id="243" action="modify" visible="true" version="1">
    <nd ref="240"/>
    <nd ref="241"/>
    <nd ref="242"/>
    <tag k="type" v="line_thin"/>
    <tag k="subtype" v="solid"/>
  </way>
  <way id="259" action="modify" visible="true" version="1">
    <nd ref="245"/>
    <nd ref="246"/>
    <nd ref="247"/>
    <nd ref="248"/>
    <nd ref="249"/>
    <nd ref="250"/>
    <nd ref="251"/>
    <tag k="type" v="line_thin"/>
    <tag k="subtype" v="solid"/>
  </way>
  <way id="260" action="modify" visible="true" version="1">
    <nd ref="252"/>
    <nd ref="253"/>
    <nd ref="254"/>
    <nd ref="255"/>
    <nd ref="256"/>
    <nd ref="257"/>
    <nd ref="258"/>
    <tag k="type" v="line_thin"/>
    <tag k="subtype" v="dashed"/>
  </way>
  <way id="269" action="modify" visible="true" version="1">
    <nd ref="262"/>
    <nd ref="263"/>
    <nd ref="264"/>
    <nd ref="265"/>
    <nd ref="266"/>
    <nd ref="267"/>
    <nd ref="268"/>
    <tag k="type" v="line_thin"/>
    <tag k="subtype" v="solid"/>
  </way>
  <way id="303" action="modify" visible="true" version="1">
    <nd ref="271"/>
    <nd ref="272"/>
    <nd ref="273"/>
    <nd ref="274"/>
    <nd ref="275"/>
    <nd ref="276"/>
    <nd ref="277"/>
    <nd ref="278"/>
    <nd ref="279"/>
    <nd ref="280"/>
    <nd ref="281"/>
    <nd ref="282"/>
    <nd ref="283"/>
    <nd ref="284"/>
    <nd ref="285"/>
    <nd ref="286"/>
    <tag k="type" v="line_thin"/>
    <tag k="subtype" v="solid"/>
  </way>
  <way id="304" action="modify" visible="true" version="1">
    <nd ref="287"/>
    <nd ref="288"/>
    <nd ref="289"/>
    <nd ref="290"/>
    <nd ref="291"/>
    <nd ref="292"/>
    <nd ref="293"/>
    <nd ref="294"/>
    <nd ref="295"/>
    <nd ref="296"/>
    <nd ref="297"/>
    <nd ref="298"/>
    <nd ref="299"/>
    <nd ref="300"/>
    <nd ref="301"/>
    <nd ref="302"/>
    <tag k="type" v="line_thin"/>
    <tag k="subtype" v="dashed"/>
  </way>
  <way id="322" action="modify" visible="true" version="1">
    <nd ref="306"/>
    <nd ref="307"/>
    <nd ref="308"/>
    <nd ref="309"/>
    <nd ref="310"/>
    <nd ref="311"/>
    <nd ref="312"/>
    <nd ref="313"/>
    <nd ref="314"/>
    <nd ref="315"/>
    <nd ref="316"/>
    <nd ref="317"/>
    <nd ref="318"/>
    <nd ref="319"/>
    <nd ref="320"/>
    <nd ref="321"/>
    <tag k="type" v="line_thin"/>
    <tag k="subtype" v="solid"/>
  </way>
  <way id="330" action="modify" visible="true" version="1">
    <nd ref="324"/>
    <nd ref="325"/>
    <nd ref="326"/>
    <tag k="type" v="line_thin"/>
    <tag k="subtype" v="solid"/>
  </way>
  <way id="331" action="modify" visible="true" version="1">
    <nd ref="327"/>
    <nd ref="328"/>
    <nd ref="329"/>
    <tag k="type" v="line_thin"/>
    <tag k="subtype" v="dashed"/>
  </way>
  <way id="336" action="modify" visible="true" version="1">
    <nd ref="333"/>
    <nd ref="334"/>
    <nd ref="335"/>
    <tag k="type" v="line_thin"/>
    <tag k="subtype" v="solid"/>
  </way>
  <way id="344" action="modify" visible="true" version="1">
    <nd ref="338"/>
    <nd ref="339"/>
    <nd ref="340"/>
    <tag k="type" v="line_thin"/>
    <tag k="subtype" v="solid"/>
  </way>
  <way id="345" action="modify" visible="true" version="1">
    <nd ref="341"/>
    <nd ref="342"/>
    <nd ref="343"/>
    <tag k="type" v="line_thin"/>
    <tag k="subtype" v="dashed"/>
  </way>
  <way id="350" action="modify" visible="true" version="1">
    <nd ref="347"/>
    <nd ref="348"/>
    <nd ref="349"/>
    <tag k="type" v="line_thin"/>
    <tag k="subtype" v="solid"/>
  </way>
  <way id="358" action="modify" visible="true" version="1">
    <nd ref="352"/>
    <nd ref="353"/>
    <nd ref="354"/>
    <tag k="type" v="line_thin"/>
    <tag k="subtype" v="solid"/>
  </way>
  <way id="359" action="modify" visible="true" version="1">
    <nd ref="355"/>
    <nd ref="356"/>
    <nd ref="357"/>
    <tag k="type" v="line_thin"/>
    <tag k="subtype" v="dashed"/>
  </way>
  <way id="364" action="modify" visible="true" version="1">
    <nd ref="361"/>
    <nd ref="362"/>
    <nd ref="363"/>
    <tag k="type" v="line_thin"/>
    <tag k="subtype" v="solid"/>
  </way>
  <way id="372" action="modify" visible="true" version="1">
    <nd ref="366"/>
    <nd ref="367"/>
    <nd ref="368"/>
    <tag k="type" v="line_thin"/>
    <tag k="subtype" v="solid"/>
  </way>
  <way id="373" action="modify" visible="true" version="1">
    <nd ref="369"/>
    <nd ref="370"/>
    <nd ref="371"/>
    <tag k="type" v="line_thin"/>
    <tag k="subtype" v="dashed"/>
  </way>
  <way id="378" action="modify" visible="true" version="1">
    <nd ref="375"/>
    <nd ref="376"/>
    <nd ref="377"/>
    <tag k="type" v="line_thin"/>
    <tag k="subtype" v="solid"/>
  </way>
  <way id="496" action="modify" visible="true" version="1">
    <nd ref="380"/>
    <nd ref="381"/>
    <nd ref="382"/>
    <nd ref="383"/>
    <nd ref="384"/>
    <nd ref="385"/>
    <nd ref="386"/>
    <nd ref="387"/>
    <nd ref="388"/>
    <nd ref="389"/>
    <nd ref="390"/>
    <nd ref="391"/>
    <nd ref="392"/>
    <nd ref="393"/>
    <nd ref="394"/>
    <nd ref="395"/>
    <nd ref="396"/>
    <nd ref="397"/>
    <nd ref="398"/>
    <nd ref="399"/>
    <nd ref="400"/>
    <nd ref="401"/>
    <nd ref="402"/>
    <nd ref="403"/>
    <nd ref="404"/>
    <nd ref="405"/>
    <nd ref="406"/>
    <nd ref="407"/>
    <nd ref="408"/>
    <nd ref="409"/>
    <nd ref="410"/>
    <nd ref="411"/>
    <nd ref="412"/>
    <nd ref="413"/>
    <nd ref="414"/>
    <nd ref="415"/>
    <nd ref="416"/>
    <nd ref="417"/>
    <nd ref="418"/>
    <nd ref="419"/>
    <nd ref="420"/>
    <nd ref="421"/>
    <nd ref="422"/>
    <nd ref="423"/>
    <nd ref="424"/>
    <nd ref="425"/>
    <nd ref="426"/>
    <nd ref="427"/>
    <nd ref="428"/>
    <nd ref="429"/>
    <nd ref="430"/>
    <nd ref="431"/>
    <nd ref="432"/>
    <nd ref="433"/>
    <nd ref="434"/>
    <nd ref="435"/>
    <nd ref="436"/>
    <nd ref="437"/>
    <tag k="type" v="line_thin"/>
    <tag k="subtype" v="solid"/>
  </way>
  <way id="497" action="modify" visible="true" version="1">
    <nd ref="438"/>
    <nd ref="439"/>
    <nd ref="440"/>
    <nd ref="441"/>
    <nd ref="442"/>
    <nd ref="443"/>
    <nd ref="444"/>
    <nd ref="445"/>
    <nd ref="446"/>
    <nd ref="447"/>
    <nd ref="448"/>
    <nd ref="449"/>
    <nd ref="450"/>
    <nd ref="451"/>
    <nd ref="452"/>
    <nd ref="453"/>
    <nd ref="454"/>
    <nd ref="455"/>
    <nd ref="456"/>
    <nd ref="457"/>
    <nd ref="458"/>
    <nd ref="459"/>
    <nd ref="460"/>
    <nd ref="461"/>
    <nd ref="462"/>
    <nd ref="463"/>
    <nd ref="464"/>
    <nd ref="465"/>
    <nd ref="466"/>
    <nd ref="467"/>
    <nd ref="468"/>
    <nd ref="469"/>
    <nd ref="470"/>
    <nd ref="471"/>
    <nd ref="472"/>
    <nd ref="473"/>
    <nd ref="474"/>
    <nd ref="475"/>
    <nd ref="476"/>
    <nd ref="477"/>
    <nd ref="478"/>
    <nd ref="479"/>
    <nd ref="480"/>
    <nd ref="481"/>
    <nd ref="482"/>
    <nd ref="483"/>
    <nd ref="484"/>
    <nd ref="485"/>
    <nd ref="486"/>
    <nd ref="487"/>
    <nd ref="488"/>
    <nd ref="489"/>
    <nd ref="490"/>
    <nd ref="491"/>
    <nd ref="492"/>
    <nd ref="493"/>
    <nd ref="494"/>
    <nd ref="495"/>
    <tag k="type" v="line_thin"/>
    <tag k="subtype" v="dashed"/>
  </way>
  <way id="557" action="modify" visible="true" version="1">
    <nd ref="499"/>
    <nd ref="500"/>
    <nd ref="501"/>
    <nd ref="502"/>
    <nd ref="503"/>
    <nd ref="504"/>
    <nd ref="505"/>
    <nd ref="506"/>
    <nd ref="507"/>
    <nd ref="508"/>
    <nd ref="509"/>
    <nd ref="510"/>
    <nd ref="511"/>
    <nd ref="512"/>
    <nd ref="513"/>
    <nd ref="514"/>
    <nd ref="515"/>
    <nd ref="516"/>
    <nd ref="517"/>
    <nd ref="518"/>
    <nd ref="519"/>
    <nd ref="520"/>
    <nd ref="521"/>
    <nd ref="522"/>
    <nd ref="523"/>
    <nd ref="524"/>
    <nd ref="525"/>
    <nd ref="526"/>
    <nd ref="527"/>
    <nd ref="528"/>
    <nd ref="529"/>
    <nd ref="530"/>
    <nd ref="531"/>
    <nd ref="532"/>
    <nd ref="533"/>
    <nd ref="534"/>
    <nd ref="535"/>
    <nd ref="536"/>
    <nd ref="537"/>
    <nd ref="538"/>
    <nd ref="539"/>
    <nd ref="540"/>
    <nd ref="541"/>
    <nd ref="542"/>
    <nd ref="543"/>
    <nd ref="544"/>
    <nd ref="545"/>
    <nd ref="546"/>
    <nd ref="547"/>
    <nd ref="548"/>
    <nd ref="549"/>
    <nd ref="550"/>
    <nd ref="551"/>
    <nd ref="552"/>
    <nd ref="553"/>
    <nd ref="554"/>
    <nd ref="555"/>
    <nd ref="556"/>
    <tag k="type" v="line_thin"/>
    <tag k="subtype" v="solid"/>
  </way>
  <way id="667" action="modify" visible="true" version="1">
    <nd ref="559"/>
    <nd ref="560"/>
    <nd ref="561"/>
    <nd ref="562"/>
    <nd ref="563"/>
    <nd ref="564"/>
    <nd ref="565"/>
    <nd ref="566"/>
    <nd ref="567"/>
    <nd ref="568"/>
    <nd ref="569"/>
    <nd ref="570"/>
    <nd ref="571"/>
    <nd ref="572"/>
    <nd ref="573"/>
    <nd ref="574"/>
    <nd ref="575"/>
    <nd ref="576"/>
    <nd ref="577"/>
    <nd ref="578"/>
    <nd ref="579"/>
    <nd ref="580"/>
    <nd ref="581"/>
    <nd ref="582"/>
    <nd ref="583"/>
    <nd ref="584"/>
    <nd ref="585"/>
    <nd ref="586"/>
    <nd ref="587"/>
    <nd ref="588"/>
    <nd ref="589"/>
    <nd ref="590"/>
    <nd ref="591"/>
    <nd ref="592"/>
    <nd ref="593"/>
    <nd ref="594"/>
    <nd ref="595"/>
    <nd ref="596"/>
    <nd ref="597"/>
    <nd ref="598"/>
    <nd ref="599"/>
    <nd ref="600"/>
    <nd ref="601"/>
    <nd ref="602"/>
    <nd ref="603"/>
    <nd ref="604"/>
    <nd ref="605"/>
    <nd ref="606"/>
    <nd ref="607"/>
    <nd ref="608"/>
    <nd ref="609"/>
    <nd ref="610"/>
    <nd ref="611"/>
    <nd ref="612"/>
    <tag k="type" v="line_thin"/>
    <tag k="subtype" v="solid"/>
  </way>
  <way id="668" action="modify" visible="true" version="1">
    <nd ref="613"/>
    <nd ref="614"/>
    <nd ref="615"/>
    <nd ref="616"/>
    <nd ref="617"/>
    <nd ref="618"/>
    <nd ref="619"/>
    <nd ref="620"/>
    <nd ref="621"/>
    <nd ref="622"/>
    <nd ref="623"/>
    <nd ref="624"/>
    <nd ref="625"/>
    <nd ref="626"/>
    <nd ref="627"/>
    <nd ref="628"/>
    <nd ref="629"/>
    <nd ref="630"/>
    <nd ref="631"/>
    <nd ref="632"/>
    <nd ref="633"/>
    <nd ref="634"/>
    <nd ref="635"/>
    <nd ref="636"/>
    <nd ref="637"/>
    <nd ref="638"/>
    <nd ref="639"/>
    <nd ref="640"/>
    <nd ref="641"/>
    <nd ref="642"/>
    <nd ref="643"/>
    <nd ref="644"/>
    <nd ref="645"/>
    <nd ref="646"/>
    <nd ref="647"/>
    <nd ref="648"/>
    <nd ref="649"/>
    <nd ref="650"/>
    <nd ref="651"/>
    <nd ref="652"/>
    <nd ref="653"/>
    <nd ref="654"/>
    <nd ref="655"/>
    <nd ref="656"/>
    <nd ref="657"/>
    <nd ref="658"/>
    <nd ref="659"/>
    <nd ref="660"/>
    <nd ref="661"/>
    <nd ref="662"/>
    <nd ref="663"/>
    <nd ref="664"/>
    <nd ref="665"/>
    <nd ref="666"/>
    <tag k="type" v="line_thin"/>
    <tag k="subtype" v="dashed"/>
  </way>
  <way id="724" action="modify" visible="true" version="1">
    <nd ref="670"/>
    <nd ref="671"/>
    <nd ref="672"/>
    <nd ref="673"/>
    <nd ref="674"/>
    <nd ref="675"/>
    <nd ref="676"/>
    <nd ref="677"/>
    <nd ref="678"/>
    <nd ref="679"/>
    <nd ref="680"/>
    <nd ref="681"/>
    <nd ref="682"/>
    <nd ref="683"/>
    <nd ref="684"/>
    <nd ref="685"/>
    <nd ref="686"/>
    <nd ref="687"/>
    <nd ref="688"/>
    <nd ref="689"/>
    <nd ref="690"/>
    <nd ref="691"/>
    <nd ref="692"/>
    <nd ref="693"/>
    <nd ref="694"/>
    <nd ref="695"/>
    <nd ref="696"/>
    <nd ref="697"/>
    <nd ref="698"/>
    <nd ref="699"/>
    <nd ref="700"/>
    <nd ref="701"/>
    <nd ref="702"/>
    <nd ref="703"/>
    <nd ref="704"/>
    <nd ref="705"/>
    <nd ref="706"/>
    <nd ref="707"/>
    <nd ref="708"/>
    <nd ref="709"/>
    <nd ref="710"/>
    <nd ref="711"/>
    <nd ref="712"/>
    <nd ref="713"/>
    <nd ref="714"/>
    <nd ref="715"/>
    <nd ref="716"/>
    <nd ref="717"/>
    <nd ref="718"/>
    <nd ref="719"/>
    <nd ref="720"/>
    <nd ref="721"/>
    <nd ref="722"/>
    <nd ref="723"/>
    <tag k="type" v="line_thin"/>
    <tag k="subtype" v="solid"/>
  </way>
  <way id="738" action="modify" visible="true" version="1">
    <nd ref="726"/>
    <nd ref="727"/>
    <nd ref="728"/>
    <nd ref="729"/>
    <nd ref="730"/>
    <nd ref="731"/>
    <tag k="type" v="line_thin"/>
    <tag k="subtype" v="solid"/>
  </way>
  <way id="739" action="modify" visible="true" version="1">
    <nd ref="732"/>
    <nd ref="733"/>
    <nd ref="734"/>
    <nd ref="735"/>
    <nd ref="736"/>
    <nd ref="737"/>
    <tag k="type" v="line_thin"/>
    <tag k="subtype" v="solid"/>
  </way>
  <way id="749" action="modify" visible="true" version="1">
    <nd ref="741"/>
    <nd ref="742"/>
    <nd ref="743"/>
    <nd ref="744"/>
    <tag k="type" v="line_thin"/>
    <tag k="subtype" v="solid"/>
  </way>
  <way id="750" action="modify" visible="true" version="1">
    <nd ref="745"/>
    <nd ref="746"/>
    <nd ref="747"/>
    <nd ref="748"/>
    <tag k="type" v="line_thin"/>
    <tag k="subtype" v="dashed"/>
  </way>
  <way id="756" action="modify" visible="true" version="1">
    <nd ref="752"/>
    <nd ref="753"/>
    <nd ref="754"/>
    <nd ref="755"/>
    <tag k="type" v="line_thin"/>
    <tag k="subtype" v="dashed"/>
  </way>
  <way id="762" action="modify" visible="true" version="1">
    <nd ref="758"/>
    <nd ref="759"/>
    <nd ref="760"/>
    <nd ref="761"/>
    <tag k="type" v="line_thin"/>
    <tag k="subtype" v="solid"/>
  </way>
  <way id="776" action="modify" visible="true" version="1">
    <nd ref="764"/>
    <nd ref="765"/>
    <nd ref="766"/>
    <nd ref="767"/>
    <nd ref="768"/>
    <nd ref="769"/>
    <tag k="type" v="line_thin"/>
    <tag k="subtype" v="solid"/>
  </way>
  <way id="777" action="modify" visible="true" version="1">
    <nd ref="770"/>
    <nd ref="771"/>
    <nd ref="772"/>
    <nd ref="773"/>
    <nd ref="774"/>
    <nd ref="775"/>
    <tag k="type" v="line_thin"/>
    <tag k="subtype" v="solid"/>
  </way>
  <way id="863" action="modify" visible="true" version="1">
    <nd ref="779"/>
    <nd ref="780"/>
    <nd ref="781"/>
    <nd ref="782"/>
    <nd ref="783"/>
    <nd ref="784"/>
    <nd ref="785"/>
    <nd ref="786"/>
    <nd ref="787"/>
    <nd ref="788"/>
    <nd ref="789"/>
    <nd ref="790"/>
    <nd ref="791"/>
    <nd ref="792"/>
    <nd ref="793"/>
    <nd ref="794"/>
    <nd ref="795"/>
    <nd ref="796"/>
    <nd ref="797"/>
    <nd ref="798"/>
    <nd ref="799"/>
    <nd ref="800"/>
    <nd ref="801"/>
    <nd ref="802"/>
    <nd ref="803"/>
    <nd ref="804"/>
    <nd ref="805"/>
    <nd ref="806"/>
    <nd ref="807"/>
    <nd ref="808"/>
    <nd ref="809"/>
    <nd ref="810"/>
    <nd ref="811"/>
    <nd ref="812"/>
    <nd ref="813"/>
    <nd ref="814"/>
    <nd ref="815"/>
    <nd ref="816"/>
    <nd ref="817"/>
    <nd ref="818"/>
    <nd ref="819"/>
    <nd ref="820"/>
    <tag k="type" v="line_thin"/>
    <tag k="subtype" v="solid"/>
  </way>
  <way id="864" action="modify" visible="true" version="1">
    <nd ref="821"/>
    <nd ref="822"/>
    <nd ref="823"/>
    <nd ref="824"/>
    <nd ref="825"/>
    <nd ref="826"/>
    <nd ref="827"/>
    <nd ref="828"/>
    <nd ref="829"/>
    <nd ref="830"/>
    <nd ref="831"/>
    <nd ref="832"/>
    <nd ref="833"/>
    <nd ref="834"/>
    <nd ref="835"/>
    <nd ref="836"/>
    <nd ref="837"/>
    <nd ref="838"/>
    <nd ref="839"/>
    <nd ref="840"/>
    <nd ref="841"/>
    <nd ref="842"/>
    <nd ref="843"/>
    <nd ref="844"/>
    <nd ref="845"/>
    <nd ref="846"/>
    <nd ref="847"/>
    <nd ref="848"/>
    <nd ref="849"/>
    <nd ref="850"/>
    <nd ref="851"/>
    <nd ref="852"/>
    <nd ref="853"/>
    <nd ref="854"/>
    <nd ref="855"/>
    <nd ref="856"/>
    <nd ref="857"/>
    <nd ref="858"/>
    <nd ref="859"/>
    <nd ref="860"/>
    <nd ref="861"/>
    <nd ref="862"/>
    <tag k="type" v="line_thin"/>
    <tag k="subtype" v="dashed"/>
  </way>
  <way id="908" action="modify" visible="true" version="1">
    <nd ref="866"/>
    <nd ref="867"/>
    <nd ref="868"/>
    <nd ref="869"/>
    <nd ref="870"/>
    <nd ref="871"/>
    <nd ref="872"/>
    <nd ref="873"/>
    <nd ref="874"/>
    <nd ref="875"/>
    <nd ref="876"/>
    <nd ref="877"/>
    <nd ref="878"/>
    <nd ref="879"/>
    <nd ref="880"/>
    <nd ref="881"/>
    <nd ref="882"/>
    <nd ref="883"/>
    <nd ref="884"/>
    <nd ref="885"/>
    <nd ref="886"/>
    <nd ref="887"/>
    <nd ref="888"/>
    <nd ref="889"/>
    <nd ref="890"/>
    <nd ref="891"/>
    <nd ref="892"/>
    <nd ref="893"/>
    <nd ref="894"/>
    <nd ref="895"/>
    <nd ref="896"/>
    <nd ref="897"/>
    <nd ref="898"/>
    <nd ref="899"/>
    <nd ref="900"/>
    <nd ref="901"/>
    <nd ref="902"/>
    <nd ref="903"/>
    <nd ref="904"/>
    <nd ref="905"/>
    <nd ref="906"/>
    <nd ref="907"/>
    <tag k="type" v="line_thin"/>
    <tag k="subtype" v="dashed"/>
  </way>
  <way id="952" action="modify" visible="true" version="1">
    <nd ref="910"/>
    <nd ref="911"/>
    <nd ref="912"/>
    <nd ref="913"/>
    <nd ref="914"/>
    <nd ref="915"/>
    <nd ref="916"/>
    <nd ref="917"/>
    <nd ref="918"/>
    <nd ref="919"/>
    <nd ref="920"/>
    <nd ref="921"/>
    <nd ref="922"/>
    <nd ref="923"/>
    <nd ref="924"/>
    <nd ref="925"/>
    <nd ref="926"/>
    <nd ref="927"/>
    <nd ref="928"/>
    <nd ref="929"/>
    <nd ref="930"/>
    <nd ref="931"/>
    <nd ref="932"/>
    <nd ref="933"/>
    <nd ref="934"/>
    <nd ref="935"/>
    <nd ref="936"/>
    <nd ref="937"/>
    <nd ref="938"/>
    <nd ref="939"/>
    <nd ref="940"/>
    <nd ref="941"/>
    <nd ref="942"/>
    <nd ref="943"/>
    <nd ref="944"/>
    <nd ref="945"/>
    <nd ref="946"/>
    <nd ref="947"/>
    <nd ref="948"/>
    <nd ref="949"/>
    <nd ref="950"/>
    <nd ref="951"/>
    <tag k="type" v="line_thin"/>
    <tag k="subtype" v="solid"/>
  </way>
  <way id="960" action="modify" visible="true" version="1">
    <nd ref="954"/>
    <nd ref="955"/>
    <nd ref="956"/>
    <tag k="type" v="line_thin"/>
    <tag k="subtype" v="solid"/>
  </way>
  <way id="961" action="modify" visible="true" version="1">
    <nd ref="957"/>
    <nd ref="958"/>
    <nd ref="959"/>
    <tag k="type" v="line_thin"/>
    <tag k="subtype" v="dashed"/>
  </way>
  <way id="966" action="modify" visible="true" version="1">
    <nd ref="963"/>
    <nd ref="964"/>
    <nd ref="965"/>
    <tag k="type" v="line_thin"/>
    <tag k="subtype" v="dashed"/>
  </way>
  <way id="971" action="modify" visible="true" version="1">
    <nd ref="968"/>
    <nd ref="969"/>
    <nd ref="970"/>
    <tag k="type" v="line_thin"/>
    <tag k="subtype" v="solid"/>
  </way>
  <way id="979" action="modify" visible="true" version="1">
    <nd ref="973"/>
    <nd ref="974"/>
    <nd ref="975"/>
    <tag k="type" v="line_thin"/>
    <tag k="subtype" v="solid"/>
  </way>
  <way id="980" action="modify" visible="true" version="1">
    <nd ref="976"/>
    <nd ref="977"/>
    <nd ref="978"/>
    <tag k="type" v="line_thin"/>
    <tag k="subtype" v="dashed"/>
  </way>
  <way id="985" action="modify" visible="true" version="1">
    <nd ref="982"/>
    <nd ref="983"/>
    <nd ref="984"/>
    <tag k="type" v="line_thin"/>
    <tag k="subtype" v="solid"/>
  </way>
  <way id="993" action="modify" visible="true" version="1">
    <nd ref="987"/>
    <nd ref="988"/>
    <nd ref="989"/>
    <tag k="type" v="line_thin"/>
    <tag k="subtype" v="solid"/>
  </way>
  <way id="994" action="modify" visible="true" version="1">
    <nd ref="990"/>
    <nd ref="991"/>
    <nd ref="992"/>
    <tag k="type" v="line_thin"/>
    <tag k="subtype" v="dashed"/>
  </way>
  <way id="999" action="modify" visible="true" version="1">
    <nd ref="996"/>
    <nd ref="997"/>
    <nd ref="998"/>
    <tag k="type" v="line_thin"/>
    <tag k="subtype" v="solid"/>
  </way>
  <way id="1007" action="modify" visible="true" version="1">
    <nd ref="1001"/>
    <nd ref="1002"/>
    <nd ref="1003"/>
    <tag k="type" v="line_thin"/>
    <tag k="subtype" v="solid"/>
  </way>
  <way id="1008" action="modify" visible="true" version="1">
    <nd ref="1004"/>
    <nd ref="1005"/>
    <nd ref="1006"/>
    <tag k="type" v="line_thin"/>
    <tag k="subtype" v="dashed"/>
  </way>
  <way id="1013" action="modify" visible="true" version="1">
    <nd ref="1010"/>
    <nd ref="1011"/>
    <nd ref="1012"/>
    <tag k="type" v="line_thin"/>
    <tag k="subtype" v="solid"/>
  </way>
  <way id="1027" action="modify" visible="true" version="1">
    <nd ref="1015"/>
    <nd ref="1016"/>
    <nd ref="1017"/>
    <nd ref="1018"/>
    <nd ref="1019"/>
    <nd ref="1020"/>
    <tag k="type" v="line_thin"/>
    <tag k="subtype" v="solid"/>
  </way>
  <way id="1028" action="modify" visible="true" version="1">
    <nd ref="1021"/>
    <nd ref="1022"/>
    <nd ref="1023"/>
    <nd ref="1024"/>
    <nd ref="1025"/>
    <nd ref="1026"/>
    <tag k="type" v="line_thin"/>
    <tag k="subtype" v="dashed"/>
  </way>
  <way id="1035" action="modify" visible="true" version="1">
    <nd ref="1030"/>
    <nd ref="1031"/>
    <nd ref="1032"/>
    <nd ref="1033"/>
    <nd ref="1034"/>
    <nd ref="737"/>
    <tag k="type" v="line_thin"/>
    <tag k="subtype" v="solid"/>
  </way>
  <way id="1041" action="modify" visible="true" version="1">
    <nd ref="1020"/>
    <nd ref="1037"/>
    <nd ref="1038"/>
    <tag k="type" v="line_thin"/>
    <tag k="subtype" v="solid"/>
  </way>
  <way id="1042" action="modify" visible="true" version="1">
    <nd ref="1026"/>
    <nd ref="1039"/>
    <nd ref="1040"/>
    <tag k="type" v="line_thin"/>
    <tag k="subtype" v="dashed"/>
  </way>
  <way id="1046" action="modify" visible="true" version="1">
    <nd ref="737"/>
    <nd ref="1044"/>
    <nd ref="1045"/>
    <tag k="type" v="line_thin"/>
    <tag k="subtype" v="solid"/>
  </way>
  <way id="1054" action="modify" visible="true" version="1">
    <nd ref="1048"/>
    <nd ref="1049"/>
    <nd ref="1050"/>
    <tag k="type" v="line_thin"/>
    <tag k="subtype" v="solid"/>
  </way>
  <way id="1055" action="modify" visible="true" version="1">
    <nd ref="1051"/>
    <nd ref="1052"/>
    <nd ref="1053"/>
    <tag k="type" v="line_thin"/>
    <tag k="subtype" v="dashed"/>
  </way>
  <way id="1060" action="modify" visible="true" version="1">
    <nd ref="1057"/>
    <nd ref="1058"/>
    <nd ref="1059"/>
    <tag k="type" v="line_thin"/>
    <tag k="subtype" v="solid"/>
  </way>
  <way id="1072" action="modify" visible="true" version="1">
    <nd ref="1062"/>
    <nd ref="1063"/>
    <nd ref="1064"/>
    <nd ref="1065"/>
    <nd ref="1066"/>
    <tag k="type" v="line_thin"/>
    <tag k="subtype" v="solid"/>
  </way>
  <way id="1073" action="modify" visible="true" version="1">
    <nd ref="1067"/>
    <nd ref="1068"/>
    <nd ref="1069"/>
    <nd ref="1070"/>
    <nd ref="1071"/>
    <tag k="type" v="line_thin"/>
    <tag k="subtype" v="dashed"/>
  </way>
  <way id="1080" action="modify" visible="true" version="1">
    <nd ref="1075"/>
    <nd ref="1076"/>
    <nd ref="1077"/>
    <nd ref="1078"/>
    <nd ref="1079"/>
    <tag k="type" v="line_thin"/>
    <tag k="subtype" v="solid"/>
  </way>
  <way id="1088" action="modify" visible="true" version="1">
    <nd ref="1082"/>
    <nd ref="1083"/>
    <nd ref="1084"/>
    <tag k="type" v="line_thin"/>
    <tag k="subtype" v="solid"/>
  </way>
  <way id="1089" action="modify" visible="true" version="1">
    <nd ref="1085"/>
    <nd ref="1086"/>
    <nd ref="1087"/>
    <tag k="type" v="line_thin"/>
    <tag k="subtype" v="dashed"/>
  </way>
  <way id="1094" action="modify" visible="true" version="1">
    <nd ref="1091"/>
    <nd ref="1092"/>
    <nd ref="1093"/>
    <tag k="type" v="line_thin"/>
    <tag k="subtype" v="solid"/>
  </way>
  <way id="1102" action="modify" visible="true" version="1">
    <nd ref="1096"/>
    <nd ref="1097"/>
    <nd ref="1098"/>
    <tag k="type" v="line_thin"/>
    <tag k="subtype" v="solid"/>
  </way>
  <way id="1103" action="modify" visible="true" version="1">
    <nd ref="1099"/>
    <nd ref="1100"/>
    <nd ref="1101"/>
    <tag k="type" v="line_thin"/>
    <tag k="subtype" v="dashed"/>
  </way>
  <way id="1108" action="modify" visible="true" version="1">
    <nd ref="1105"/>
    <nd ref="1106"/>
    <nd ref="1107"/>
    <tag k="type" v="line_thin"/>
    <tag k="subtype" v="dashed"/>
  </way>
  <way id="1113" action="modify" visible="true" version="1">
    <nd ref="1110"/>
    <nd ref="1111"/>
    <nd ref="1112"/>
    <tag k="type" v="line_thin"/>
    <tag k="subtype" v="solid"/>
  </way>
  <way id="1129" action="modify" visible="true" version="1">
    <nd ref="1115"/>
    <nd ref="1116"/>
    <nd ref="1117"/>
    <nd ref="1118"/>
    <nd ref="1119"/>
    <nd ref="1120"/>
    <nd ref="1121"/>
    <tag k="type" v="line_thin"/>
    <tag k="subtype" v="solid"/>
  </way>
  <way id="1130" action="modify" visible="true" version="1">
    <nd ref="1122"/>
    <nd ref="1123"/>
    <nd ref="1124"/>
    <nd ref="1125"/>
    <nd ref="1126"/>
    <nd ref="1127"/>
    <nd ref="1128"/>
    <tag k="type" v="line_thin"/>
    <tag k="subtype" v="dashed"/>
  </way>
  <way id="1139" action="modify" visible="true" version="1">
    <nd ref="1132"/>
    <nd ref="1133"/>
    <nd ref="1134"/>
    <nd ref="1135"/>
    <nd ref="1136"/>
    <nd ref="1137"/>
    <nd ref="1138"/>
    <tag k="type" v="line_thin"/>
    <tag k="subtype" v="dashed"/>
  </way>
  <way id="1148" action="modify" visible="true" version="1">
    <nd ref="1141"/>
    <nd ref="1142"/>
    <nd ref="1143"/>
    <nd ref="1144"/>
    <nd ref="1145"/>
    <nd ref="1146"/>
    <nd ref="1147"/>
    <tag k="type" v="line_thin"/>
    <tag k="subtype" v="solid"/>
  </way>
  <way id="1186" action="modify" visible="true" version="1">
    <nd ref="1150"/>
    <nd ref="1151"/>
    <nd ref="1152"/>
    <nd ref="1153"/>
    <nd ref="1154"/>
    <nd ref="1155"/>
    <nd ref="1156"/>
    <nd ref="1157"/>
    <nd ref="1158"/>
    <nd ref="1159"/>
    <nd ref="1160"/>
    <nd ref="1161"/>
    <nd ref="1162"/>
    <nd ref="1163"/>
    <nd ref="1164"/>
    <nd ref="1165"/>
    <nd ref="1166"/>
    <nd ref="1167"/>
    <tag k="type" v="line_thin"/>
    <tag k="subtype" v="solid"/>
  </way>
  <way id="1187" action="modify" visible="true" version="1">
    <nd ref="1168"/>
    <nd ref="1169"/>
    <nd ref="1170"/>
    <nd ref="1171"/>
    <nd ref="1172"/>
    <nd ref="1173"/>
    <nd ref="1174"/>
    <nd ref="1175"/>
    <nd ref="1176"/>
    <nd ref="1177"/>
    <nd ref="1178"/>
    <nd ref="1179"/>
    <nd ref="1180"/>
    <nd ref="1181"/>
    <nd ref="1182"/>
    <nd ref="1183"/>
    <nd ref="1184"/>
    <nd ref="1185"/>
    <tag k="type" v="line_thin"/>
    <tag k="subtype" v="dashed"/>
  </way>
  <way id="1207" action="modify" visible="true" version="1">
    <nd ref="1189"/>
    <nd ref="1190"/>
    <nd ref="1191"/>
    <nd ref="1192"/>
    <nd ref="1193"/>
    <nd ref="1194"/>
    <nd ref="1195"/>
    <nd ref="1196"/>
    <nd ref="1197"/>
    <nd ref="1198"/>
    <nd ref="1199"/>
    <nd ref="1200"/>
    <nd ref="1201"/>
    <nd ref="1202"/>
    <nd ref="1203"/>
    <nd ref="1204"/>
    <nd ref="1205"/>
    <nd ref="1206"/>
    <tag k="type" v="line_thin"/>
    <tag k="subtype" v="dashed"/>
  </way>
  <way id="1227" action="modify" visible="true" version="1">
    <nd ref="1209"/>
    <nd ref="1210"/>
    <nd ref="1211"/>
    <nd ref="1212"/>
    <nd ref="1213"/>
    <nd ref="1214"/>
    <nd ref="1215"/>
    <nd ref="1216"/>
    <nd ref="1217"/>
    <nd ref="1218"/>
    <nd ref="1219"/>
    <nd ref="1220"/>
    <nd ref="1221"/>
    <nd ref="1222"/>
    <nd ref="1223"/>
    <nd ref="1224"/>
    <nd ref="1225"/>
    <nd ref="1226"/>
    <tag k="type" v="line_thin"/>
    <tag k="subtype" v="solid"/>
  </way>
  <way id="1235" action="modify" visible="true" version="1">
    <nd ref="1229"/>
    <nd ref="1230"/>
    <nd ref="1231"/>
    <tag k="type" v="line_thin"/>
    <tag k="subtype" v="solid"/>
  </way>
  <way id="1236" action="modify" visible="true" version="1">
    <nd ref="1232"/>
    <nd ref="1233"/>
    <nd ref="1234"/>
    <tag k="type" v="line_thin"/>
    <tag k="subtype" v="dashed"/>
  </way>
  <way id="1241" action="modify" visible="true" version="1">
    <nd ref="1238"/>
    <nd ref="1239"/>
    <nd ref="1240"/>
    <tag k="type" v="line_thin"/>
    <tag k="subtype" v="solid"/>
  </way>
  <way id="1249" action="modify" visible="true" version="1">
    <nd ref="1243"/>
    <nd ref="1244"/>
    <nd ref="1245"/>
    <tag k="type" v="line_thin"/>
    <tag k="subtype" v="solid"/>
  </way>
  <way id="1250" action="modify" visible="true" version="1">
    <nd ref="1246"/>
    <nd ref="1247"/>
    <nd ref="1248"/>
    <tag k="type" v="line_thin"/>
    <tag k="subtype" v="dashed"/>
  </way>
  <way id="1255" action="modify" visible="true" version="1">
    <nd ref="1252"/>
    <nd ref="1253"/>
    <nd ref="1254"/>
    <tag k="type" v="line_thin"/>
    <tag k="subtype" v="dashed"/>
  </way>
  <way id="1260" action="modify" visible="true" version="1">
    <nd ref="1257"/>
    <nd ref="1258"/>
    <nd ref="1259"/>
    <tag k="type" v="line_thin"/>
    <tag k="subtype" v="solid"/>
  </way>
  <way id="1382" action="modify" visible="true" version="1">
    <nd ref="1262"/>
    <nd ref="1263"/>
    <nd ref="1264"/>
    <nd ref="1265"/>
    <nd ref="1266"/>
    <nd ref="1267"/>
    <nd ref="1268"/>
    <nd ref="1269"/>
    <nd ref="1270"/>
    <nd ref="1271"/>
    <nd ref="1272"/>
    <nd ref="1273"/>
    <nd ref="1274"/>
    <nd ref="1275"/>
    <nd ref="1276"/>
    <nd ref="1277"/>
    <nd ref="1278"/>
    <nd ref="1279"/>
    <nd ref="1280"/>
    <nd ref="1281"/>
    <nd ref="1282"/>
    <nd ref="1283"/>
    <nd ref="1284"/>
    <nd ref="1285"/>
    <nd ref="1286"/>
    <nd ref="1287"/>
    <nd ref="1288"/>
    <nd ref="1289"/>
    <nd ref="1290"/>
    <nd ref="1291"/>
    <nd ref="1292"/>
    <nd ref="1293"/>
    <nd ref="1294"/>
    <nd ref="1295"/>
    <nd ref="1296"/>
    <nd ref="1297"/>
    <nd ref="1298"/>
    <nd ref="1299"/>
    <nd ref="1300"/>
    <nd ref="1301"/>
    <nd ref="1302"/>
    <nd ref="1303"/>
    <nd ref="1304"/>
    <nd ref="1305"/>
    <nd ref="1306"/>
    <nd ref="1307"/>
    <nd ref="1308"/>
    <nd ref="1309"/>
    <nd ref="1310"/>
    <nd ref="1311"/>
    <nd ref="1312"/>
    <nd ref="1313"/>
    <nd ref="1314"/>
    <nd ref="1315"/>
    <nd ref="1316"/>
    <nd ref="1317"/>
    <nd ref="1318"/>
    <nd ref="1319"/>
    <nd ref="1320"/>
    <nd ref="1321"/>
    <tag k="type" v="line_thin"/>
    <tag k="subtype" v="solid"/>
  </way>
  <way id="1383" action="modify" visible="true" version="1">
    <nd ref="1322"/>
    <nd ref="1323"/>
    <nd ref="1324"/>
    <nd ref="1325"/>
    <nd ref="1326"/>
    <nd ref="1327"/>
    <nd ref="1328"/>
    <nd ref="1329"/>
    <nd ref="1330"/>
    <nd ref="1331"/>
    <nd ref="1332"/>
    <nd ref="1333"/>
    <nd ref="1334"/>
    <nd ref="1335"/>
    <nd ref="1336"/>
    <nd ref="1337"/>
    <nd ref="1338"/>
    <nd ref="1339"/>
    <nd ref="1340"/>
    <nd ref="1341"/>
    <nd ref="1342"/>
    <nd ref="1343"/>
    <nd ref="1344"/>
    <nd ref="1345"/>
    <nd ref="1346"/>
    <nd ref="1347"/>
    <nd ref="1348"/>
    <nd ref="1349"/>
    <nd ref="1350"/>
    <nd ref="1351"/>
    <nd ref="1352"/>
    <nd ref="1353"/>
    <nd ref="1354"/>
    <nd ref="1355"/>
    <nd ref="1356"/>
    <nd ref="1357"/>
    <nd ref="1358"/>
    <nd ref="1359"/>
    <nd ref="1360"/>
    <nd ref="1361"/>
    <nd ref="1362"/>
    <nd ref="1363"/>
    <nd ref="1364"/>
    <nd ref="1365"/>
    <nd ref="1366"/>
    <nd ref="1367"/>
    <nd ref="1368"/>
    <nd ref="1369"/>
    <nd ref="1370"/>
    <nd ref="1371"/>
    <nd ref="1372"/>
    <nd ref="1373"/>
    <nd ref="1374"/>
    <nd ref="1375"/>
    <nd ref="1376"/>
    <nd ref="1377"/>
    <nd ref="1378"/>
    <nd ref="1379"/>
    <nd ref="1380"/>
    <nd ref="1381"/>
    <tag k="type" v="line_thin"/>
    <tag k="subtype" v="dashed"/>
  </way>
  <way id="1445" action="modify" visible="true" version="1">
    <nd ref="1385"/>
    <nd ref="1386"/>
    <nd ref="1387"/>
    <nd ref="1388"/>
    <nd ref="1389"/>
    <nd ref="1390"/>
    <nd ref="1391"/>
    <nd ref="1392"/>
    <nd ref="1393"/>
    <nd ref="1394"/>
    <nd ref="1395"/>
    <nd ref="1396"/>
    <nd ref="1397"/>
    <nd ref="1398"/>
    <nd ref="1399"/>
    <nd ref="1400"/>
    <nd ref="1401"/>
    <nd ref="1402"/>
    <nd ref="1403"/>
    <nd ref="1404"/>
    <nd ref="1405"/>
    <nd ref="1406"/>
    <nd ref="1407"/>
    <nd ref="1408"/>
    <nd ref="1409"/>
    <nd ref="1410"/>
    <nd ref="1411"/>
    <nd ref="1412"/>
    <nd ref="1413"/>
    <nd ref="1414"/>
    <nd ref="1415"/>
    <nd ref="1416"/>
    <nd ref="1417"/>
    <nd ref="1418"/>
    <nd ref="1419"/>
    <nd ref="1420"/>
    <nd ref="1421"/>
    <nd ref="1422"/>
    <nd ref="1423"/>
    <nd ref="1424"/>
    <nd ref="1425"/>
    <nd ref="1426"/>
    <nd ref="1427"/>
    <nd ref="1428"/>
    <nd ref="1429"/>
    <nd ref="1430"/>
    <nd ref="1431"/>
    <nd ref="1432"/>
    <nd ref="1433"/>
    <nd ref="1434"/>
    <nd ref="1435"/>
    <nd ref="1436"/>
    <nd ref="1437"/>
    <nd ref="1438"/>
    <nd ref="1439"/>
    <nd ref="1440"/>
    <nd ref="1441"/>
    <nd ref="1442"/>
    <nd ref="1443"/>
    <nd ref="1444"/>
    <tag k="type" v="line_thin"/>
    <tag k="subtype" v="dashed"/>
  </way>
  <way id="1507" action="modify" visible="true" version="1">
    <nd ref="1447"/>
    <nd ref="1448"/>
    <nd ref="1449"/>
    <nd ref="1450"/>
    <nd ref="1451"/>
    <nd ref="1452"/>
    <nd ref="1453"/>
    <nd ref="1454"/>
    <nd ref="1455"/>
    <nd ref="1456"/>
    <nd ref="1457"/>
    <nd ref="1458"/>
    <nd ref="1459"/>
    <nd ref="1460"/>
    <nd ref="1461"/>
    <nd ref="1462"/>
    <nd ref="1463"/>
    <nd ref="1464"/>
    <nd ref="1465"/>
    <nd ref="1466"/>
    <nd ref="1467"/>
    <nd ref="1468"/>
    <nd ref="1469"/>
    <nd ref="1470"/>
    <nd ref="1471"/>
    <nd ref="1472"/>
    <nd ref="1473"/>
    <nd ref="1474"/>
    <nd ref="1475"/>
    <nd ref="1476"/>
    <nd ref="1477"/>
    <nd ref="1478"/>
    <nd ref="1479"/>
    <nd ref="1480"/>
    <nd ref="1481"/>
    <nd ref="1482"/>
    <nd ref="1483"/>
    <nd ref="1484"/>
    <nd ref="1485"/>
    <nd ref="1486"/>
    <nd ref="1487"/>
    <nd ref="1488"/>
    <nd ref="1489"/>
    <nd ref="1490"/>
    <nd ref="1491"/>
    <nd ref="1492"/>
    <nd ref="1493"/>
    <nd ref="1494"/>
    <nd ref="1495"/>
    <nd ref="1496"/>
    <nd ref="1497"/>
    <nd ref="1498"/>
    <nd ref="1499"/>
    <nd ref="1500"/>
    <nd ref="1501"/>
    <nd ref="1502"/>
    <nd ref="1503"/>
    <nd ref="1504"/>
    <nd ref="1505"/>
    <nd ref="1506"/>
    <tag k="type" v="line_thin"/>
    <tag k="subtype" v="solid"/>
  </way>
  <way id="1521" action="modify" visible="true" version="1">
    <nd ref="1509"/>
    <nd ref="1510"/>
    <nd ref="1511"/>
    <nd ref="1512"/>
    <nd ref="1513"/>
    <nd ref="1514"/>
    <tag k="type" v="line_thin"/>
    <tag k="subtype" v="solid"/>
  </way>
  <way id="1522" action="modify" visible="true" version="1">
    <nd ref="1515"/>
    <nd ref="1516"/>
    <nd ref="1517"/>
    <nd ref="1518"/>
    <nd ref="1519"/>
    <nd ref="1520"/>
    <tag k="type" v="line_thin"/>
    <tag k="subtype" v="dashed"/>
  </way>
  <way id="1530" action="modify" visible="true" version="1">
    <nd ref="1524"/>
    <nd ref="1525"/>
    <nd ref="1526"/>
    <nd ref="1527"/>
    <nd ref="1528"/>
    <nd ref="1529"/>
    <tag k="type" v="line_thin"/>
    <tag k="subtype" v="dashed"/>
  </way>
  <way id="1538" action="modify" visible="true" version="1">
    <nd ref="1532"/>
    <nd ref="1533"/>
    <nd ref="1534"/>
    <nd ref="1535"/>
    <nd ref="1536"/>
    <nd ref="1537"/>
    <tag k="type" v="line_thin"/>
    <tag k="subtype" v="solid"/>
  </way>
  <way id="1568" action="modify" visible="true" version="1">
    <nd ref="1540"/>
    <nd ref="1541"/>
    <nd ref="1542"/>
    <nd ref="1543"/>
    <nd ref="1544"/>
    <nd ref="1545"/>
    <nd ref="1546"/>
    <nd ref="1547"/>
    <nd ref="1548"/>
    <nd ref="1549"/>
    <nd ref="1550"/>
    <nd ref="1551"/>
    <nd ref="1552"/>
    <nd ref="1553"/>
    <tag k="type" v="line_thin"/>
    <tag k="subtype" v="solid"/>
  </way>
  <way id="1569" action="modify" visible="true" version="1">
    <nd ref="1554"/>
    <nd ref="1555"/>
    <nd ref="1556"/>
    <nd ref="1557"/>
    <nd ref="1558"/>
    <nd ref="1559"/>
    <nd ref="1560"/>
    <nd ref="1561"/>
    <nd ref="1562"/>
    <nd ref="1563"/>
    <nd ref="1564"/>
    <nd ref="1565"/>
    <nd ref="1566"/>
    <nd ref="1567"/>
    <tag k="type" v="line_thin"/>
    <tag k="subtype" v="dashed"/>
  </way>
  <way id="1585" action="modify" visible="true" version="1">
    <nd ref="1571"/>
    <nd ref="1572"/>
    <nd ref="1573"/>
    <nd ref="1574"/>
    <nd ref="1575"/>
    <nd ref="1576"/>
    <nd ref="1577"/>
    <nd ref="1578"/>
    <nd ref="1579"/>
    <nd ref="1580"/>
    <nd ref="1581"/>
    <nd ref="1582"/>
    <nd ref="1583"/>
    <nd ref="1584"/>
    <tag k="type" v="line_thin"/>
    <tag k="subtype" v="dashed"/>
  </way>
  <way id="1601" action="modify" visible="true" version="1">
    <nd ref="1587"/>
    <nd ref="1588"/>
    <nd ref="1589"/>
    <nd ref="1590"/>
    <nd ref="1591"/>
    <nd ref="1592"/>
    <nd ref="1593"/>
    <nd ref="1594"/>
    <nd ref="1595"/>
    <nd ref="1596"/>
    <nd ref="1597"/>
    <nd ref="1598"/>
    <nd ref="1599"/>
    <nd ref="1600"/>
    <tag k="type" v="line_thin"/>
    <tag k="subtype" v="solid"/>
  </way>
  <way id="1637" action="modify" visible="true" version="1">
    <nd ref="1603"/>
    <nd ref="1604"/>
    <nd ref="1605"/>
    <nd ref="1606"/>
    <nd ref="1607"/>
    <nd ref="1608"/>
    <nd ref="1609"/>
    <nd ref="1610"/>
    <nd ref="1611"/>
    <nd ref="1612"/>
    <nd ref="1613"/>
    <nd ref="1614"/>
    <nd ref="1615"/>
    <nd ref="1616"/>
    <nd ref="1617"/>
    <nd ref="1618"/>
    <nd ref="1619"/>
    <tag k="type" v="line_thin"/>
    <tag k="subtype" v="solid"/>
  </way>
  <way id="1638" action="modify" visible="true" version="1">
    <nd ref="1620"/>
    <nd ref="1621"/>
    <nd ref="1622"/>
    <nd ref="1623"/>
    <nd ref="1624"/>
    <nd ref="1625"/>
    <nd ref="1626"/>
    <nd ref="1627"/>
    <nd ref="1628"/>
    <nd ref="1629"/>
    <nd ref="1630"/>
    <nd ref="1631"/>
    <nd ref="1632"/>
    <nd ref="1633"/>
    <nd ref="1634"/>
    <nd ref="1635"/>
    <nd ref="1636"/>
    <tag k="type" v="line_thin"/>
    <tag k="subtype" v="dashed"/>
  </way>
  <way id="1657" action="modify" visible="true" version="1">
    <nd ref="1640"/>
    <nd ref="1641"/>
    <nd ref="1642"/>
    <nd ref="1643"/>
    <nd ref="1644"/>
    <nd ref="1645"/>
    <nd ref="1646"/>
    <nd ref="1647"/>
    <nd ref="1648"/>
    <nd ref="1649"/>
    <nd ref="1650"/>
    <nd ref="1651"/>
    <nd ref="1652"/>
    <nd ref="1653"/>
    <nd ref="1654"/>
    <nd ref="1655"/>
    <nd ref="1656"/>
    <tag k="type" v="line_thin"/>
    <tag k="subtype" v="solid"/>
  </way>
  <way id="1665" action="modify" visible="true" version="1">
    <nd ref="1659"/>
    <nd ref="1660"/>
    <nd ref="1661"/>
    <tag k="type" v="line_thin"/>
    <tag k="subtype" v="solid"/>
  </way>
  <way id="1666" action="modify" visible="true" version="1">
    <nd ref="1662"/>
    <nd ref="1663"/>
    <nd ref="1664"/>
    <tag k="type" v="line_thin"/>
    <tag k="subtype" v="dashed"/>
  </way>
  <way id="1671" action="modify" visible="true" version="1">
    <nd ref="1668"/>
    <nd ref="1669"/>
    <nd ref="1670"/>
    <tag k="type" v="line_thin"/>
    <tag k="subtype" v="solid"/>
  </way>
  <way id="1683" action="modify" visible="true" version="1">
    <nd ref="1673"/>
    <nd ref="1674"/>
    <nd ref="1675"/>
    <nd ref="1676"/>
    <nd ref="1677"/>
    <tag k="type" v="line_thin"/>
    <tag k="subtype" v="solid"/>
  </way>
  <way id="1684" action="modify" visible="true" version="1">
    <nd ref="1678"/>
    <nd ref="1679"/>
    <nd ref="1680"/>
    <nd ref="1681"/>
    <nd ref="1682"/>
    <tag k="type" v="line_thin"/>
    <tag k="subtype" v="solid"/>
  </way>
  <way id="1696" action="modify" visible="true" version="1">
    <nd ref="1686"/>
    <nd ref="1687"/>
    <nd ref="1688"/>
    <nd ref="1689"/>
    <nd ref="1690"/>
    <tag k="type" v="line_thin"/>
    <tag k="subtype" v="solid"/>
  </way>
  <way id="1697" action="modify" visible="true" version="1">
    <nd ref="1691"/>
    <nd ref="1692"/>
    <nd ref="1693"/>
    <nd ref="1694"/>
    <nd ref="1695"/>
    <tag k="type" v="line_thin"/>
    <tag k="subtype" v="solid"/>
  </way>
  <way id="1711" action="modify" visible="true" version="1">
    <nd ref="1699"/>
    <nd ref="1700"/>
    <nd ref="1701"/>
    <nd ref="1702"/>
    <nd ref="1703"/>
    <nd ref="1704"/>
    <tag k="type" v="line_thin"/>
    <tag k="subtype" v="solid"/>
  </way>
  <way id="1712" action="modify" visible="true" version="1">
    <nd ref="1705"/>
    <nd ref="1706"/>
    <nd ref="1707"/>
    <nd ref="1708"/>
    <nd ref="1709"/>
    <nd ref="1710"/>
    <tag k="type" v="line_thin"/>
    <tag k="subtype" v="solid"/>
  </way>
  <way id="1720" action="modify" visible="true" version="1">
    <nd ref="1704"/>
    <nd ref="1714"/>
    <nd ref="1715"/>
    <nd ref="1716"/>
    <tag k="type" v="line_thin"/>
    <tag k="subtype" v="solid"/>
  </way>
  <way id="1721" action="modify" visible="true" version="1">
    <nd ref="1710"/>
    <nd ref="1717"/>
    <nd ref="1718"/>
    <nd ref="1719"/>
    <tag k="type" v="line_thin"/>
    <tag k="subtype" v="solid"/>
  </way>
  <way id="1775" action="modify" visible="true" version="1">
    <nd ref="1723"/>
    <nd ref="1724"/>
    <nd ref="1725"/>
    <nd ref="1726"/>
    <nd ref="1727"/>
    <nd ref="1728"/>
    <nd ref="1729"/>
    <nd ref="1730"/>
    <nd ref="1731"/>
    <nd ref="1732"/>
    <nd ref="1733"/>
    <nd ref="1734"/>
    <nd ref="1735"/>
    <nd ref="1736"/>
    <nd ref="1737"/>
    <nd ref="1738"/>
    <nd ref="1739"/>
    <nd ref="1740"/>
    <nd ref="1741"/>
    <nd ref="1742"/>
    <nd ref="1743"/>
    <nd ref="1744"/>
    <nd ref="1745"/>
    <nd ref="1746"/>
    <nd ref="1747"/>
    <nd ref="1748"/>
    <tag k="type" v="line_thin"/>
    <tag k="subtype" v="solid"/>
  </way>
  <way id="1776" action="modify" visible="true" version="1">
    <nd ref="1749"/>
    <nd ref="1750"/>
    <nd ref="1751"/>
    <nd ref="1752"/>
    <nd ref="1753"/>
    <nd ref="1754"/>
    <nd ref="1755"/>
    <nd ref="1756"/>
    <nd ref="1757"/>
    <nd ref="1758"/>
    <nd ref="1759"/>
    <nd ref="1760"/>
    <nd ref="1761"/>
    <nd ref="1762"/>
    <nd ref="1763"/>
    <nd ref="1764"/>
    <nd ref="1765"/>
    <nd ref="1766"/>
    <nd ref="1767"/>
    <nd ref="1768"/>
    <nd ref="1769"/>
    <nd ref="1770"/>
    <nd ref="1771"/>
    <nd ref="1772"/>
    <nd ref="1773"/>
    <nd ref="1774"/>
    <tag k="type" v="line_thin"/>
    <tag k="subtype" v="dashed"/>
  </way>
  <way id="1804" action="modify" visible="true" version="1">
    <nd ref="1778"/>
    <nd ref="1779"/>
    <nd ref="1780"/>
    <nd ref="1781"/>
    <nd ref="1782"/>
    <nd ref="1783"/>
    <nd ref="1784"/>
    <nd ref="1785"/>
    <nd ref="1786"/>
    <nd ref="1787"/>
    <nd ref="1788"/>
    <nd ref="1789"/>
    <nd ref="1790"/>
    <nd ref="1791"/>
    <nd ref="1792"/>
    <nd ref="1793"/>
    <nd ref="1794"/>
    <nd ref="1795"/>
    <nd ref="1796"/>
    <nd ref="1797"/>
    <nd ref="1798"/>
    <nd ref="1799"/>
    <nd ref="1800"/>
    <nd ref="1801"/>
    <nd ref="1802"/>
    <nd ref="1803"/>
    <tag k="type" v="line_thin"/>
    <tag k="subtype" v="solid"/>
  </way>
  <way id="1812" action="modify" visible="true" version="1">
    <nd ref="1806"/>
    <nd ref="1807"/>
    <nd ref="1808"/>
    <tag k="type" v="line_thin"/>
    <tag k="subtype" v="solid"/>
  </way>
  <way id="1813" action="modify" visible="true" version="1">
    <nd ref="1809"/>
    <nd ref="1810"/>
    <nd ref="1811"/>
    <tag k="type" v="line_thin"/>
    <tag k="subtype" v="dashed"/>
  </way>
  <way id="1818" action="modify" visible="true" version="1">
    <nd ref="1815"/>
    <nd ref="1816"/>
    <nd ref="1817"/>
    <tag k="type" v="line_thin"/>
    <tag k="subtype" v="solid"/>
  </way>
  <way id="1826" action="modify" visible="true" version="1">
    <nd ref="1820"/>
    <nd ref="1821"/>
    <nd ref="1822"/>
    <tag k="type" v="line_thin"/>
    <tag k="subtype" v="solid"/>
  </way>
  <way id="1827" action="modify" visible="true" version="1">
    <nd ref="1823"/>
    <nd ref="1824"/>
    <nd ref="1825"/>
    <tag k="type" v="line_thin"/>
    <tag k="subtype" v="dashed"/>
  </way>
  <way id="1832" action="modify" visible="true" version="1">
    <nd ref="1829"/>
    <nd ref="1830"/>
    <nd ref="1831"/>
    <tag k="type" v="line_thin"/>
    <tag k="subtype" v="solid"/>
  </way>
  <way id="1840" action="modify" visible="true" version="1">
    <nd ref="1834"/>
    <nd ref="1835"/>
    <nd ref="1836"/>
    <tag k="type" v="line_thin"/>
    <tag k="subtype" v="solid"/>
  </way>
  <way id="1841" action="modify" visible="true" version="1">
    <nd ref="1837"/>
    <nd ref="1838"/>
    <nd ref="1839"/>
    <tag k="type" v="line_thin"/>
    <tag k="subtype" v="dashed"/>
  </way>
  <way id="1846" action="modify" visible="true" version="1">
    <nd ref="1843"/>
    <nd ref="1844"/>
    <nd ref="1845"/>
    <tag k="type" v="line_thin"/>
    <tag k="subtype" v="solid"/>
  </way>
  <way id="1956" action="modify" visible="true" version="1">
    <nd ref="1848"/>
    <nd ref="1849"/>
    <nd ref="1850"/>
    <nd ref="1851"/>
    <nd ref="1852"/>
    <nd ref="1853"/>
    <nd ref="1854"/>
    <nd ref="1855"/>
    <nd ref="1856"/>
    <nd ref="1857"/>
    <nd ref="1858"/>
    <nd ref="1859"/>
    <nd ref="1860"/>
    <nd ref="1861"/>
    <nd ref="1862"/>
    <nd ref="1863"/>
    <nd ref="1864"/>
    <nd ref="1865"/>
    <nd ref="1866"/>
    <nd ref="1867"/>
    <nd ref="1868"/>
    <nd ref="1869"/>
    <nd ref="1870"/>
    <nd ref="1871"/>
    <nd ref="1872"/>
    <nd ref="1873"/>
    <nd ref="1874"/>
    <nd ref="1875"/>
    <nd ref="1876"/>
    <nd ref="1877"/>
    <nd ref="1878"/>
    <nd ref="1879"/>
    <nd ref="1880"/>
    <nd ref="1881"/>
    <nd ref="1882"/>
    <nd ref="1883"/>
    <nd ref="1884"/>
    <nd ref="1885"/>
    <nd ref="1886"/>
    <nd ref="1887"/>
    <nd ref="1888"/>
    <nd ref="1889"/>
    <nd ref="1890"/>
    <nd ref="1891"/>
    <nd ref="1892"/>
    <nd ref="1893"/>
    <nd ref="1894"/>
    <nd ref="1895"/>
    <nd ref="1896"/>
    <nd ref="1897"/>
    <nd ref="1898"/>
    <nd ref="1899"/>
    <nd ref="1900"/>
    <nd ref="1901"/>
    <tag k="type" v="line_thin"/>
    <tag k="subtype" v="solid"/>
  </way>
  <way id="1957" action="modify" visible="true" version="1">
    <nd ref="1902"/>
    <nd ref="1903"/>
    <nd ref="1904"/>
    <nd ref="1905"/>
    <nd ref="1906"/>
    <nd ref="1907"/>
    <nd ref="1908"/>
    <nd ref="1909"/>
    <nd ref="1910"/>
    <nd ref="1911"/>
    <nd ref="1912"/>
    <nd ref="1913"/>
    <nd ref="1914"/>
    <nd ref="1915"/>
    <nd ref="1916"/>
    <nd ref="1917"/>
    <nd ref="1918"/>
    <nd ref="1919"/>
    <nd ref="1920"/>
    <nd ref="1921"/>
    <nd ref="1922"/>
    <nd ref="1923"/>
    <nd ref="1924"/>
    <nd ref="1925"/>
    <nd ref="1926"/>
    <nd ref="1927"/>
    <nd ref="1928"/>
    <nd ref="1929"/>
    <nd ref="1930"/>
    <nd ref="1931"/>
    <nd ref="1932"/>
    <nd ref="1933"/>
    <nd ref="1934"/>
    <nd ref="1935"/>
    <nd ref="1936"/>
    <nd ref="1937"/>
    <nd ref="1938"/>
    <nd ref="1939"/>
    <nd ref="1940"/>
    <nd ref="1941"/>
    <nd ref="1942"/>
    <nd ref="1943"/>
    <nd ref="1944"/>
    <nd ref="1945"/>
    <nd ref="1946"/>
    <nd ref="1947"/>
    <nd ref="1948"/>
    <nd ref="1949"/>
    <nd ref="1950"/>
    <nd ref="1951"/>
    <nd ref="1952"/>
    <nd ref="1953"/>
    <nd ref="1954"/>
    <nd ref="1955"/>
    <tag k="type" v="line_thin"/>
    <tag k="subtype" v="dashed"/>
  </way>
  <way id="2013" action="modify" visible="true" version="1">
    <nd ref="1959"/>
    <nd ref="1960"/>
    <nd ref="1961"/>
    <nd ref="1962"/>
    <nd ref="1963"/>
    <nd ref="1964"/>
    <nd ref="1965"/>
    <nd ref="1966"/>
    <nd ref="1967"/>
    <nd ref="1968"/>
    <nd ref="1969"/>
    <nd ref="1970"/>
    <nd ref="1971"/>
    <nd ref="1972"/>
    <nd ref="1973"/>
    <nd ref="1974"/>
    <nd ref="1975"/>
    <nd ref="1976"/>
    <nd ref="1977"/>
    <nd ref="1978"/>
    <nd ref="1979"/>
    <nd ref="1980"/>
    <nd ref="1981"/>
    <nd ref="1982"/>
    <nd ref="1983"/>
    <nd ref="1984"/>
    <nd ref="1985"/>
    <nd ref="1986"/>
    <nd ref="1987"/>
    <nd ref="1988"/>
    <nd ref="1989"/>
    <nd ref="1990"/>
    <nd ref="1991"/>
    <nd ref="1992"/>
    <nd ref="1993"/>
    <nd ref="1994"/>
    <nd ref="1995"/>
    <nd ref="1996"/>
    <nd ref="1997"/>
    <nd ref="1998"/>
    <nd ref="1999"/>
    <nd ref="2000"/>
    <nd ref="2001"/>
    <nd ref="2002"/>
    <nd ref="2003"/>
    <nd ref="2004"/>
    <nd ref="2005"/>
    <nd ref="2006"/>
    <nd ref="2007"/>
    <nd ref="2008"/>
    <nd ref="2009"/>
    <nd ref="2010"/>
    <nd ref="2011"/>
    <nd ref="2012"/>
    <tag k="type" v="line_thin"/>
    <tag k="subtype" v="solid"/>
  </way>
  <way id="2139" action="modify" visible="true" version="1">
    <nd ref="2015"/>
    <nd ref="2016"/>
    <nd ref="2017"/>
    <nd ref="2018"/>
    <nd ref="2019"/>
    <nd ref="2020"/>
    <nd ref="2021"/>
    <nd ref="2022"/>
    <nd ref="2023"/>
    <nd ref="2024"/>
    <nd ref="2025"/>
    <nd ref="2026"/>
    <nd ref="2027"/>
    <nd ref="2028"/>
    <nd ref="2029"/>
    <nd ref="2030"/>
    <nd ref="2031"/>
    <nd ref="2032"/>
    <nd ref="2033"/>
    <nd ref="2034"/>
    <nd ref="2035"/>
    <nd ref="2036"/>
    <nd ref="2037"/>
    <nd ref="2038"/>
    <nd ref="2039"/>
    <nd ref="2040"/>
    <nd ref="2041"/>
    <nd ref="2042"/>
    <nd ref="2043"/>
    <nd ref="2044"/>
    <nd ref="2045"/>
    <nd ref="2046"/>
    <nd ref="2047"/>
    <nd ref="2048"/>
    <nd ref="2049"/>
    <nd ref="2050"/>
    <nd ref="2051"/>
    <nd ref="2052"/>
    <nd ref="2053"/>
    <nd ref="2054"/>
    <nd ref="2055"/>
    <nd ref="2056"/>
    <nd ref="2057"/>
    <nd ref="2058"/>
    <nd ref="2059"/>
    <nd ref="2060"/>
    <nd ref="2061"/>
    <nd ref="2062"/>
    <nd ref="2063"/>
    <nd ref="2064"/>
    <nd ref="2065"/>
    <nd ref="2066"/>
    <nd ref="2067"/>
    <nd ref="2068"/>
    <nd ref="2069"/>
    <nd ref="2070"/>
    <nd ref="2071"/>
    <nd ref="2072"/>
    <nd ref="2073"/>
    <nd ref="2074"/>
    <nd ref="2075"/>
    <nd ref="2076"/>
    <tag k="type" v="line_thin"/>
    <tag k="subtype" v="solid"/>
  </way>
  <way id="2140" action="modify" visible="true" version="1">
    <nd ref="2077"/>
    <nd ref="2078"/>
    <nd ref="2079"/>
    <nd ref="2080"/>
    <nd ref="2081"/>
    <nd ref="2082"/>
    <nd ref="2083"/>
    <nd ref="2084"/>
    <nd ref="2085"/>
    <nd ref="2086"/>
    <nd ref="2087"/>
    <nd ref="2088"/>
    <nd ref="2089"/>
    <nd ref="2090"/>
    <nd ref="2091"/>
    <nd ref="2092"/>
    <nd ref="2093"/>
    <nd ref="2094"/>
    <nd ref="2095"/>
    <nd ref="2096"/>
    <nd ref="2097"/>
    <nd ref="2098"/>
    <nd ref="2099"/>
    <nd ref="2100"/>
    <nd ref="2101"/>
    <nd ref="2102"/>
    <nd ref="2103"/>
    <nd ref="2104"/>
    <nd ref="2105"/>
    <nd ref="2106"/>
    <nd ref="2107"/>
    <nd ref="2108"/>
    <nd ref="2109"/>
    <nd ref="2110"/>
    <nd ref="2111"/>
    <nd ref="2112"/>
    <nd ref="2113"/>
    <nd ref="2114"/>
    <nd ref="2115"/>
    <nd ref="2116"/>
    <nd ref="2117"/>
    <nd ref="2118"/>
    <nd ref="2119"/>
    <nd ref="2120"/>
    <nd ref="2121"/>
    <nd ref="2122"/>
    <nd ref="2123"/>
    <nd ref="2124"/>
    <nd ref="2125"/>
    <nd ref="2126"/>
    <nd ref="2127"/>
    <nd ref="2128"/>
    <nd ref="2129"/>
    <nd ref="2130"/>
    <nd ref="2131"/>
    <nd ref="2132"/>
    <nd ref="2133"/>
    <nd ref="2134"/>
    <nd ref="2135"/>
    <nd ref="2136"/>
    <nd ref="2137"/>
    <nd ref="2138"/>
    <tag k="type" v="line_thin"/>
    <tag k="subtype" v="dashed"/>
  </way>
  <way id="2204" action="modify" visible="true" version="1">
    <nd ref="2142"/>
    <nd ref="2143"/>
    <nd ref="2144"/>
    <nd ref="2145"/>
    <nd ref="2146"/>
    <nd ref="2147"/>
    <nd ref="2148"/>
    <nd ref="2149"/>
    <nd ref="2150"/>
    <nd ref="2151"/>
    <nd ref="2152"/>
    <nd ref="2153"/>
    <nd ref="2154"/>
    <nd ref="2155"/>
    <nd ref="2156"/>
    <nd ref="2157"/>
    <nd ref="2158"/>
    <nd ref="2159"/>
    <nd ref="2160"/>
    <nd ref="2161"/>
    <nd ref="2162"/>
    <nd ref="2163"/>
    <nd ref="2164"/>
    <nd ref="2165"/>
    <nd ref="2166"/>
    <nd ref="2167"/>
    <nd ref="2168"/>
    <nd ref="2169"/>
    <nd ref="2170"/>
    <nd ref="2171"/>
    <nd ref="2172"/>
    <nd ref="2173"/>
    <nd ref="2174"/>
    <nd ref="2175"/>
    <nd ref="2176"/>
    <nd ref="2177"/>
    <nd ref="2178"/>
    <nd ref="2179"/>
    <nd ref="2180"/>
    <nd ref="2181"/>
    <nd ref="2182"/>
    <nd ref="2183"/>
    <nd ref="2184"/>
    <nd ref="2185"/>
    <nd ref="2186"/>
    <nd ref="2187"/>
    <nd ref="2188"/>
    <nd ref="2189"/>
    <nd ref="2190"/>
    <nd ref="2191"/>
    <nd ref="2192"/>
    <nd ref="2193"/>
    <nd ref="2194"/>
    <nd ref="2195"/>
    <nd ref="2196"/>
    <nd ref="2197"/>
    <nd ref="2198"/>
    <nd ref="2199"/>
    <nd ref="2200"/>
    <nd ref="2201"/>
    <nd ref="2202"/>
    <nd ref="2203"/>
    <tag k="type" v="line_thin"/>
    <tag k="subtype" v="solid"/>
  </way>
  <way id="2216" action="modify" visible="true" version="1">
    <nd ref="2206"/>
    <nd ref="2207"/>
    <nd ref="2208"/>
    <nd ref="2209"/>
    <nd ref="2210"/>
    <nd ref="726"/>
    <tag k="type" v="line_thin"/>
    <tag k="subtype" v="solid"/>
  </way>
  <way id="2217" action="modify" visible="true" version="1">
    <nd ref="2211"/>
    <nd ref="2212"/>
    <nd ref="2213"/>
    <nd ref="2214"/>
    <nd ref="2215"/>
    <nd ref="732"/>
    <tag k="type" v="line_thin"/>
    <tag k="subtype" v="solid"/>
  </way>
  <way id="2229" action="modify" visible="true" version="1">
    <nd ref="2219"/>
    <nd ref="2220"/>
    <nd ref="2221"/>
    <nd ref="2222"/>
    <nd ref="2223"/>
    <tag k="type" v="line_thin"/>
    <tag k="subtype" v="solid"/>
  </way>
  <way id="2230" action="modify" visible="true" version="1">
    <nd ref="2224"/>
    <nd ref="2225"/>
    <nd ref="2226"/>
    <nd ref="2227"/>
    <nd ref="2228"/>
    <tag k="type" v="line_thin"/>
    <tag k="subtype" v="dashed"/>
  </way>
  <way id="2237" action="modify" visible="true" version="1">
    <nd ref="2232"/>
    <nd ref="2233"/>
    <nd ref="2234"/>
    <nd ref="2235"/>
    <nd ref="2236"/>
    <tag k="type" v="line_thin"/>
    <tag k="subtype" v="dashed"/>
  </way>
  <way id="2244" action="modify" visible="true" version="1">
    <nd ref="2239"/>
    <nd ref="2240"/>
    <nd ref="2241"/>
    <nd ref="2242"/>
    <nd ref="2243"/>
    <tag k="type" v="line_thin"/>
    <tag k="subtype" v="solid"/>
  </way>
  <way id="2294" action="modify" visible="true" version="1">
    <nd ref="2246"/>
    <nd ref="2247"/>
    <nd ref="2248"/>
    <nd ref="2249"/>
    <nd ref="2250"/>
    <nd ref="2251"/>
    <nd ref="2252"/>
    <nd ref="2253"/>
    <nd ref="2254"/>
    <nd ref="2255"/>
    <nd ref="2256"/>
    <nd ref="2257"/>
    <nd ref="2258"/>
    <nd ref="2259"/>
    <nd ref="2260"/>
    <nd ref="2261"/>
    <nd ref="2262"/>
    <nd ref="2263"/>
    <nd ref="2264"/>
    <nd ref="2265"/>
    <nd ref="2266"/>
    <nd ref="2267"/>
    <nd ref="2268"/>
    <nd ref="2269"/>
    <tag k="type" v="line_thin"/>
    <tag k="subtype" v="solid"/>
  </way>
  <way id="2295" action="modify" visible="true" version="1">
    <nd ref="2270"/>
    <nd ref="2271"/>
    <nd ref="2272"/>
    <nd ref="2273"/>
    <nd ref="2274"/>
    <nd ref="2275"/>
    <nd ref="2276"/>
    <nd ref="2277"/>
    <nd ref="2278"/>
    <nd ref="2279"/>
    <nd ref="2280"/>
    <nd ref="2281"/>
    <nd ref="2282"/>
    <nd ref="2283"/>
    <nd ref="2284"/>
    <nd ref="2285"/>
    <nd ref="2286"/>
    <nd ref="2287"/>
    <nd ref="2288"/>
    <nd ref="2289"/>
    <nd ref="2290"/>
    <nd ref="2291"/>
    <nd ref="2292"/>
    <nd ref="2293"/>
    <tag k="type" v="line_thin"/>
    <tag k="subtype" v="dashed"/>
  </way>
  <way id="2321" action="modify" visible="true" version="1">
    <nd ref="2297"/>
    <nd ref="2298"/>
    <nd ref="2299"/>
    <nd ref="2300"/>
    <nd ref="2301"/>
    <nd ref="2302"/>
    <nd ref="2303"/>
    <nd ref="2304"/>
    <nd ref="2305"/>
    <nd ref="2306"/>
    <nd ref="2307"/>
    <nd ref="2308"/>
    <nd ref="2309"/>
    <nd ref="2310"/>
    <nd ref="2311"/>
    <nd ref="2312"/>
    <nd ref="2313"/>
    <nd ref="2314"/>
    <nd ref="2315"/>
    <nd ref="2316"/>
    <nd ref="2317"/>
    <nd ref="2318"/>
    <nd ref="2319"/>
    <nd ref="2320"/>
    <tag k="type" v="line_thin"/>
    <tag k="subtype" v="solid"/>
  </way>
  <way id="2343" action="modify" visible="true" version="1">
    <nd ref="2323"/>
    <nd ref="2324"/>
    <nd ref="2325"/>
    <nd ref="2326"/>
    <nd ref="2327"/>
    <nd ref="2328"/>
    <nd ref="2329"/>
    <nd ref="2330"/>
    <nd ref="2331"/>
    <nd ref="2332"/>
    <nd ref="1704"/>
    <tag k="type" v="line_thin"/>
    <tag k="subtype" v="solid"/>
  </way>
  <way id="2344" action="modify" visible="true" version="1">
    <nd ref="2333"/>
    <nd ref="2334"/>
    <nd ref="2335"/>
    <nd ref="2336"/>
    <nd ref="2337"/>
    <nd ref="2338"/>
    <nd ref="2339"/>
    <nd ref="2340"/>
    <nd ref="2341"/>
    <nd ref="2342"/>
    <nd ref="1710"/>
    <tag k="type" v="line_thin"/>
    <tag k="subtype" v="solid"/>
  </way>
  <way id="2364" action="modify" visible="true" version="1">
    <nd ref="2346"/>
    <nd ref="2347"/>
    <nd ref="2348"/>
    <nd ref="2349"/>
    <nd ref="2350"/>
    <nd ref="2351"/>
    <nd ref="2352"/>
    <nd ref="2353"/>
    <nd ref="2354"/>
    <tag k="type" v="line_thin"/>
    <tag k="subtype" v="solid"/>
  </way>
  <way id="2365" action="modify" visible="true" version="1">
    <nd ref="2355"/>
    <nd ref="2356"/>
    <nd ref="2357"/>
    <nd ref="2358"/>
    <nd ref="2359"/>
    <nd ref="2360"/>
    <nd ref="2361"/>
    <nd ref="2362"/>
    <nd ref="2363"/>
    <tag k="type" v="line_thin"/>
    <tag k="subtype" v="solid"/>
  </way>
  <way id="2399" action="modify" visible="true" version="1">
    <nd ref="2367"/>
    <nd ref="2368"/>
    <nd ref="2369"/>
    <nd ref="2370"/>
    <nd ref="2371"/>
    <nd ref="2372"/>
    <nd ref="2373"/>
    <nd ref="2374"/>
    <nd ref="2375"/>
    <nd ref="2376"/>
    <nd ref="2377"/>
    <nd ref="2378"/>
    <nd ref="2379"/>
    <nd ref="2380"/>
    <nd ref="2381"/>
    <nd ref="2382"/>
    <tag k="type" v="line_thin"/>
    <tag k="subtype" v="solid"/>
  </way>
  <way id="2400" action="modify" visible="true" version="1">
    <nd ref="2383"/>
    <nd ref="2384"/>
    <nd ref="2385"/>
    <nd ref="2386"/>
    <nd ref="2387"/>
    <nd ref="2388"/>
    <nd ref="2389"/>
    <nd ref="2390"/>
    <nd ref="2391"/>
    <nd ref="2392"/>
    <nd ref="2393"/>
    <nd ref="2394"/>
    <nd ref="2395"/>
    <nd ref="2396"/>
    <nd ref="2397"/>
    <nd ref="2398"/>
    <tag k="type" v="line_thin"/>
    <tag k="subtype" v="solid"/>
  </way>
  <way id="2414" action="modify" visible="true" version="1">
    <nd ref="2382"/>
    <nd ref="2402"/>
    <nd ref="2403"/>
    <nd ref="2404"/>
    <nd ref="2405"/>
    <nd ref="2406"/>
    <nd ref="2407"/>
    <tag k="type" v="line_thin"/>
    <tag k="subtype" v="solid"/>
  </way>
  <way id="2415" action="modify" visible="true" version="1">
    <nd ref="2398"/>
    <nd ref="2408"/>
    <nd ref="2409"/>
    <nd ref="2410"/>
    <nd ref="2411"/>
    <nd ref="2412"/>
    <nd ref="2413"/>
    <tag k="type" v="line_thin"/>
    <tag k="subtype" v="solid"/>
  </way>
  <way id="2517" action="modify" visible="true" version="1">
    <nd ref="2417"/>
    <nd ref="2418"/>
    <nd ref="2419"/>
    <nd ref="2420"/>
    <nd ref="2421"/>
    <nd ref="2422"/>
    <nd ref="2423"/>
    <nd ref="2424"/>
    <nd ref="2425"/>
    <nd ref="2426"/>
    <nd ref="2427"/>
    <nd ref="2428"/>
    <nd ref="2429"/>
    <nd ref="2430"/>
    <nd ref="2431"/>
    <nd ref="2432"/>
    <nd ref="2433"/>
    <nd ref="2434"/>
    <nd ref="2435"/>
    <nd ref="2436"/>
    <nd ref="2437"/>
    <nd ref="2438"/>
    <nd ref="2439"/>
    <nd ref="2440"/>
    <nd ref="2441"/>
    <nd ref="2442"/>
    <nd ref="2443"/>
    <nd ref="2444"/>
    <nd ref="2445"/>
    <nd ref="2446"/>
    <nd ref="2447"/>
    <nd ref="2448"/>
    <nd ref="2449"/>
    <nd ref="2450"/>
    <nd ref="2451"/>
    <nd ref="2452"/>
    <nd ref="2453"/>
    <nd ref="2454"/>
    <nd ref="2455"/>
    <nd ref="2456"/>
    <nd ref="2457"/>
    <nd ref="2458"/>
    <nd ref="2459"/>
    <nd ref="2460"/>
    <nd ref="2461"/>
    <nd ref="2462"/>
    <nd ref="2463"/>
    <nd ref="2464"/>
    <nd ref="2465"/>
    <nd ref="2466"/>
    <tag k="type" v="line_thin"/>
    <tag k="subtype" v="solid"/>
  </way>
  <way id="2518" action="modify" visible="true" version="1">
    <nd ref="2467"/>
    <nd ref="2468"/>
    <nd ref="2469"/>
    <nd ref="2470"/>
    <nd ref="2471"/>
    <nd ref="2472"/>
    <nd ref="2473"/>
    <nd ref="2474"/>
    <nd ref="2475"/>
    <nd ref="2476"/>
    <nd ref="2477"/>
    <nd ref="2478"/>
    <nd ref="2479"/>
    <nd ref="2480"/>
    <nd ref="2481"/>
    <nd ref="2482"/>
    <nd ref="2483"/>
    <nd ref="2484"/>
    <nd ref="2485"/>
    <nd ref="2486"/>
    <nd ref="2487"/>
    <nd ref="2488"/>
    <nd ref="2489"/>
    <nd ref="2490"/>
    <nd ref="2491"/>
    <nd ref="2492"/>
    <nd ref="2493"/>
    <nd ref="2494"/>
    <nd ref="2495"/>
    <nd ref="2496"/>
    <nd ref="2497"/>
    <nd ref="2498"/>
    <nd ref="2499"/>
    <nd ref="2500"/>
    <nd ref="2501"/>
    <nd ref="2502"/>
    <nd ref="2503"/>
    <nd ref="2504"/>
    <nd ref="2505"/>
    <nd ref="2506"/>
    <nd ref="2507"/>
    <nd ref="2508"/>
    <nd ref="2509"/>
    <nd ref="2510"/>
    <nd ref="2511"/>
    <nd ref="2512"/>
    <nd ref="2513"/>
    <nd ref="2514"/>
    <nd ref="2515"/>
    <nd ref="2516"/>
    <tag k="type" v="line_thin"/>
    <tag k="subtype" v="dashed"/>
  </way>
  <way id="2570" action="modify" visible="true" version="1">
    <nd ref="2520"/>
    <nd ref="2521"/>
    <nd ref="2522"/>
    <nd ref="2523"/>
    <nd ref="2524"/>
    <nd ref="2525"/>
    <nd ref="2526"/>
    <nd ref="2527"/>
    <nd ref="2528"/>
    <nd ref="2529"/>
    <nd ref="2530"/>
    <nd ref="2531"/>
    <nd ref="2532"/>
    <nd ref="2533"/>
    <nd ref="2534"/>
    <nd ref="2535"/>
    <nd ref="2536"/>
    <nd ref="2537"/>
    <nd ref="2538"/>
    <nd ref="2539"/>
    <nd ref="2540"/>
    <nd ref="2541"/>
    <nd ref="2542"/>
    <nd ref="2543"/>
    <nd ref="2544"/>
    <nd ref="2545"/>
    <nd ref="2546"/>
    <nd ref="2547"/>
    <nd ref="2548"/>
    <nd ref="2549"/>
    <nd ref="2550"/>
    <nd ref="2551"/>
    <nd ref="2552"/>
    <nd ref="2553"/>
    <nd ref="2554"/>
    <nd ref="2555"/>
    <nd ref="2556"/>
    <nd ref="2557"/>
    <nd ref="2558"/>
    <nd ref="2559"/>
    <nd ref="2560"/>
    <nd ref="2561"/>
    <nd ref="2562"/>
    <nd ref="2563"/>
    <nd ref="2564"/>
    <nd ref="2565"/>
    <nd ref="2566"/>
    <nd ref="2567"/>
    <nd ref="2568"/>
    <nd ref="2569"/>
    <tag k="type" v="line_thin"/>
    <tag k="subtype" v="solid"/>
  </way>
  <way id="2602" action="modify" visible="true" version="1">
    <nd ref="2466"/>
    <nd ref="2572"/>
    <nd ref="2573"/>
    <nd ref="2574"/>
    <nd ref="2575"/>
    <nd ref="2576"/>
    <nd ref="2577"/>
    <nd ref="2578"/>
    <nd ref="2579"/>
    <nd ref="2580"/>
    <nd ref="2581"/>
    <nd ref="2582"/>
    <nd ref="2583"/>
    <nd ref="2584"/>
    <nd ref="2585"/>
    <nd ref="2586"/>
    <tag k="type" v="line_thin"/>
    <tag k="subtype" v="solid"/>
  </way>
  <way id="2603" action="modify" visible="true" version="1">
    <nd ref="2516"/>
    <nd ref="2587"/>
    <nd ref="2588"/>
    <nd ref="2589"/>
    <nd ref="2590"/>
    <nd ref="2591"/>
    <nd ref="2592"/>
    <nd ref="2593"/>
    <nd ref="2594"/>
    <nd ref="2595"/>
    <nd ref="2596"/>
    <nd ref="2597"/>
    <nd ref="2598"/>
    <nd ref="2599"/>
    <nd ref="2600"/>
    <nd ref="2601"/>
    <tag k="type" v="line_thin"/>
    <tag k="subtype" v="dashed"/>
  </way>
  <way id="2619" action="modify" visible="true" version="1">
    <nd ref="2569"/>
    <nd ref="2605"/>
    <nd ref="2606"/>
    <nd ref="2607"/>
    <nd ref="2608"/>
    <nd ref="2609"/>
    <nd ref="2610"/>
    <nd ref="2611"/>
    <nd ref="2612"/>
    <nd ref="2613"/>
    <nd ref="2614"/>
    <nd ref="2615"/>
    <nd ref="2616"/>
    <nd ref="2617"/>
    <nd ref="2618"/>
    <nd ref="2413"/>
    <tag k="type" v="line_thin"/>
    <tag k="subtype" v="solid"/>
  </way>
  <way id="2723" action="modify" visible="true" version="1">
    <nd ref="2586"/>
    <nd ref="2621"/>
    <nd ref="2622"/>
    <nd ref="2623"/>
    <nd ref="2624"/>
    <nd ref="2625"/>
    <nd ref="2626"/>
    <nd ref="2627"/>
    <nd ref="2628"/>
    <nd ref="2629"/>
    <nd ref="2630"/>
    <nd ref="2631"/>
    <nd ref="2632"/>
    <nd ref="2633"/>
    <nd ref="2634"/>
    <nd ref="2635"/>
    <nd ref="2636"/>
    <nd ref="2637"/>
    <nd ref="2638"/>
    <nd ref="2639"/>
    <nd ref="2640"/>
    <nd ref="2641"/>
    <nd ref="2642"/>
    <nd ref="2643"/>
    <nd ref="2644"/>
    <nd ref="2645"/>
    <nd ref="2646"/>
    <nd ref="2647"/>
    <nd ref="2648"/>
    <nd ref="2649"/>
    <nd ref="2650"/>
    <nd ref="2651"/>
    <nd ref="2652"/>
    <nd ref="2653"/>
    <nd ref="2654"/>
    <nd ref="2655"/>
    <nd ref="2656"/>
    <nd ref="2657"/>
    <nd ref="2658"/>
    <nd ref="2659"/>
    <nd ref="2660"/>
    <nd ref="2661"/>
    <nd ref="2662"/>
    <nd ref="2663"/>
    <nd ref="2664"/>
    <nd ref="2665"/>
    <nd ref="2666"/>
    <nd ref="2667"/>
    <nd ref="2668"/>
    <nd ref="2669"/>
    <nd ref="2670"/>
    <nd ref="2671"/>
    <tag k="type" v="line_thin"/>
    <tag k="subtype" v="solid"/>
  </way>
  <way id="2724" action="modify" visible="true" version="1">
    <nd ref="2601"/>
    <nd ref="2672"/>
    <nd ref="2673"/>
    <nd ref="2674"/>
    <nd ref="2675"/>
    <nd ref="2676"/>
    <nd ref="2677"/>
    <nd ref="2678"/>
    <nd ref="2679"/>
    <nd ref="2680"/>
    <nd ref="2681"/>
    <nd ref="2682"/>
    <nd ref="2683"/>
    <nd ref="2684"/>
    <nd ref="2685"/>
    <nd ref="2686"/>
    <nd ref="2687"/>
    <nd ref="2688"/>
    <nd ref="2689"/>
    <nd ref="2690"/>
    <nd ref="2691"/>
    <nd ref="2692"/>
    <nd ref="2693"/>
    <nd ref="2694"/>
    <nd ref="2695"/>
    <nd ref="2696"/>
    <nd ref="2697"/>
    <nd ref="2698"/>
    <nd ref="2699"/>
    <nd ref="2700"/>
    <nd ref="2701"/>
    <nd ref="2702"/>
    <nd ref="2703"/>
    <nd ref="2704"/>
    <nd ref="2705"/>
    <nd ref="2706"/>
    <nd ref="2707"/>
    <nd ref="2708"/>
    <nd ref="2709"/>
    <nd ref="2710"/>
    <nd ref="2711"/>
    <nd ref="2712"/>
    <nd ref="2713"/>
    <nd ref="2714"/>
    <nd ref="2715"/>
    <nd ref="2716"/>
    <nd ref="2717"/>
    <nd ref="2718"/>
    <nd ref="2719"/>
    <nd ref="2720"/>
    <nd ref="2721"/>
    <nd ref="2722"/>
    <tag k="type" v="line_thin"/>
    <tag k="subtype" v="dashed"/>
  </way>
  <way id="2777" action="modify" visible="true" version="1">
    <nd ref="2413"/>
    <nd ref="2726"/>
    <nd ref="2727"/>
    <nd ref="2728"/>
    <nd ref="2729"/>
    <nd ref="2730"/>
    <nd ref="2731"/>
    <nd ref="2732"/>
    <nd ref="2733"/>
    <nd ref="2734"/>
    <nd ref="2735"/>
    <nd ref="2736"/>
    <nd ref="2737"/>
    <nd ref="2738"/>
    <nd ref="2739"/>
    <nd ref="2740"/>
    <nd ref="2741"/>
    <nd ref="2742"/>
    <nd ref="2743"/>
    <nd ref="2744"/>
    <nd ref="2745"/>
    <nd ref="2746"/>
    <nd ref="2747"/>
    <nd ref="2748"/>
    <nd ref="2749"/>
    <nd ref="2750"/>
    <nd ref="2751"/>
    <nd ref="2752"/>
    <nd ref="2753"/>
    <nd ref="2754"/>
    <nd ref="2755"/>
    <nd ref="2756"/>
    <nd ref="2757"/>
    <nd ref="2758"/>
    <nd ref="2759"/>
    <nd ref="2760"/>
    <nd ref="2761"/>
    <nd ref="2762"/>
    <nd ref="2763"/>
    <nd ref="2764"/>
    <nd ref="2765"/>
    <nd ref="2766"/>
    <nd ref="2767"/>
    <nd ref="2768"/>
    <nd ref="2769"/>
    <nd ref="2770"/>
    <nd ref="2771"/>
    <nd ref="2772"/>
    <nd ref="2773"/>
    <nd ref="2774"/>
    <nd ref="2775"/>
    <nd ref="2776"/>
    <tag k="type" v="line_thin"/>
    <tag k="subtype" v="solid"/>
  </way>
  <way id="2865" action="modify" visible="true" version="1">
    <nd ref="2779"/>
    <nd ref="2780"/>
    <nd ref="2781"/>
    <nd ref="2782"/>
    <nd ref="2783"/>
    <nd ref="2784"/>
    <nd ref="2785"/>
    <nd ref="2786"/>
    <nd ref="2787"/>
    <nd ref="2788"/>
    <nd ref="2789"/>
    <nd ref="2790"/>
    <nd ref="2791"/>
    <nd ref="2792"/>
    <nd ref="2793"/>
    <nd ref="2794"/>
    <nd ref="2795"/>
    <nd ref="2796"/>
    <nd ref="2797"/>
    <nd ref="2798"/>
    <nd ref="2799"/>
    <nd ref="2800"/>
    <nd ref="2801"/>
    <nd ref="2802"/>
    <nd ref="2803"/>
    <nd ref="2804"/>
    <nd ref="2805"/>
    <nd ref="2806"/>
    <nd ref="2807"/>
    <nd ref="2808"/>
    <nd ref="2809"/>
    <nd ref="2810"/>
    <nd ref="2811"/>
    <nd ref="2812"/>
    <nd ref="2813"/>
    <nd ref="2814"/>
    <nd ref="2815"/>
    <nd ref="2816"/>
    <nd ref="2817"/>
    <nd ref="2818"/>
    <nd ref="2819"/>
    <nd ref="2820"/>
    <nd ref="2821"/>
    <tag k="type" v="line_thin"/>
    <tag k="subtype" v="solid"/>
  </way>
  <way id="2866" action="modify" visible="true" version="1">
    <nd ref="2822"/>
    <nd ref="2823"/>
    <nd ref="2824"/>
    <nd ref="2825"/>
    <nd ref="2826"/>
    <nd ref="2827"/>
    <nd ref="2828"/>
    <nd ref="2829"/>
    <nd ref="2830"/>
    <nd ref="2831"/>
    <nd ref="2832"/>
    <nd ref="2833"/>
    <nd ref="2834"/>
    <nd ref="2835"/>
    <nd ref="2836"/>
    <nd ref="2837"/>
    <nd ref="2838"/>
    <nd ref="2839"/>
    <nd ref="2840"/>
    <nd ref="2841"/>
    <nd ref="2842"/>
    <nd ref="2843"/>
    <nd ref="2844"/>
    <nd ref="2845"/>
    <nd ref="2846"/>
    <nd ref="2847"/>
    <nd ref="2848"/>
    <nd ref="2849"/>
    <nd ref="2850"/>
    <nd ref="2851"/>
    <nd ref="2852"/>
    <nd ref="2853"/>
    <nd ref="2854"/>
    <nd ref="2855"/>
    <nd ref="2856"/>
    <nd ref="2857"/>
    <nd ref="2858"/>
    <nd ref="2859"/>
    <nd ref="2860"/>
    <nd ref="2861"/>
    <nd ref="2862"/>
    <nd ref="2863"/>
    <nd ref="2864"/>
    <tag k="type" v="line_thin"/>
    <tag k="subtype" v="dashed"/>
  </way>
  <way id="2911" action="modify" visible="true" version="1">
    <nd ref="2868"/>
    <nd ref="2869"/>
    <nd ref="2870"/>
    <nd ref="2871"/>
    <nd ref="2872"/>
    <nd ref="2873"/>
    <nd ref="2874"/>
    <nd ref="2875"/>
    <nd ref="2876"/>
    <nd ref="2877"/>
    <nd ref="2878"/>
    <nd ref="2879"/>
    <nd ref="2880"/>
    <nd ref="2881"/>
    <nd ref="2882"/>
    <nd ref="2883"/>
    <nd ref="2884"/>
    <nd ref="2885"/>
    <nd ref="2886"/>
    <nd ref="2887"/>
    <nd ref="2888"/>
    <nd ref="2889"/>
    <nd ref="2890"/>
    <nd ref="2891"/>
    <nd ref="2892"/>
    <nd ref="2893"/>
    <nd ref="2894"/>
    <nd ref="2895"/>
    <nd ref="2896"/>
    <nd ref="2897"/>
    <nd ref="2898"/>
    <nd ref="2899"/>
    <nd ref="2900"/>
    <nd ref="2901"/>
    <nd ref="2902"/>
    <nd ref="2903"/>
    <nd ref="2904"/>
    <nd ref="2905"/>
    <nd ref="2906"/>
    <nd ref="2907"/>
    <nd ref="2908"/>
    <nd ref="2909"/>
    <nd ref="2910"/>
    <tag k="type" v="line_thin"/>
    <tag k="subtype" v="dashed"/>
  </way>
  <way id="2956" action="modify" visible="true" version="1">
    <nd ref="2913"/>
    <nd ref="2914"/>
    <nd ref="2915"/>
    <nd ref="2916"/>
    <nd ref="2917"/>
    <nd ref="2918"/>
    <nd ref="2919"/>
    <nd ref="2920"/>
    <nd ref="2921"/>
    <nd ref="2922"/>
    <nd ref="2923"/>
    <nd ref="2924"/>
    <nd ref="2925"/>
    <nd ref="2926"/>
    <nd ref="2927"/>
    <nd ref="2928"/>
    <nd ref="2929"/>
    <nd ref="2930"/>
    <nd ref="2931"/>
    <nd ref="2932"/>
    <nd ref="2933"/>
    <nd ref="2934"/>
    <nd ref="2935"/>
    <nd ref="2936"/>
    <nd ref="2937"/>
    <nd ref="2938"/>
    <nd ref="2939"/>
    <nd ref="2940"/>
    <nd ref="2941"/>
    <nd ref="2942"/>
    <nd ref="2943"/>
    <nd ref="2944"/>
    <nd ref="2945"/>
    <nd ref="2946"/>
    <nd ref="2947"/>
    <nd ref="2948"/>
    <nd ref="2949"/>
    <nd ref="2950"/>
    <nd ref="2951"/>
    <nd ref="2952"/>
    <nd ref="2953"/>
    <nd ref="2954"/>
    <nd ref="2955"/>
    <tag k="type" v="line_thin"/>
    <tag k="subtype" v="solid"/>
  </way>
  <way id="2964" action="modify" visible="true" version="1">
    <nd ref="2958"/>
    <nd ref="2959"/>
    <nd ref="2960"/>
    <tag k="type" v="line_thin"/>
    <tag k="subtype" v="solid"/>
  </way>
  <way id="2965" action="modify" visible="true" version="1">
    <nd ref="2961"/>
    <nd ref="2962"/>
    <nd ref="2963"/>
    <tag k="type" v="line_thin"/>
    <tag k="subtype" v="dashed"/>
  </way>
  <way id="2970" action="modify" visible="true" version="1">
    <nd ref="2967"/>
    <nd ref="2968"/>
    <nd ref="2969"/>
    <tag k="type" v="line_thin"/>
    <tag k="subtype" v="dashed"/>
  </way>
  <way id="2975" action="modify" visible="true" version="1">
    <nd ref="2972"/>
    <nd ref="2973"/>
    <nd ref="2974"/>
    <tag k="type" v="line_thin"/>
    <tag k="subtype" v="solid"/>
  </way>
  <way id="2983" action="modify" visible="true" version="1">
    <nd ref="2977"/>
    <nd ref="2978"/>
    <nd ref="2979"/>
    <tag k="type" v="line_thin"/>
    <tag k="subtype" v="solid"/>
  </way>
  <way id="2984" action="modify" visible="true" version="1">
    <nd ref="2980"/>
    <nd ref="2981"/>
    <nd ref="2982"/>
    <tag k="type" v="line_thin"/>
    <tag k="subtype" v="dashed"/>
  </way>
  <way id="2989" action="modify" visible="true" version="1">
    <nd ref="2986"/>
    <nd ref="2987"/>
    <nd ref="2988"/>
    <tag k="type" v="line_thin"/>
    <tag k="subtype" v="solid"/>
  </way>
  <way id="2995" action="modify" visible="true" version="1">
    <nd ref="2671"/>
    <nd ref="2991"/>
    <nd ref="2992"/>
    <tag k="type" v="line_thin"/>
    <tag k="subtype" v="solid"/>
  </way>
  <way id="2996" action="modify" visible="true" version="1">
    <nd ref="2722"/>
    <nd ref="2993"/>
    <nd ref="2994"/>
    <tag k="type" v="line_thin"/>
    <tag k="subtype" v="dashed"/>
  </way>
  <way id="3000" action="modify" visible="true" version="1">
    <nd ref="2776"/>
    <nd ref="2998"/>
    <nd ref="2999"/>
    <tag k="type" v="line_thin"/>
    <tag k="subtype" v="solid"/>
  </way>
  <way id="3008" action="modify" visible="true" version="1">
    <nd ref="3002"/>
    <nd ref="3003"/>
    <nd ref="3004"/>
    <tag k="type" v="line_thin"/>
    <tag k="subtype" v="solid"/>
  </way>
  <way id="3009" action="modify" visible="true" version="1">
    <nd ref="3005"/>
    <nd ref="3006"/>
    <nd ref="3007"/>
    <tag k="type" v="line_thin"/>
    <tag k="subtype" v="dashed"/>
  </way>
  <way id="3014" action="modify" visible="true" version="1">
    <nd ref="3011"/>
    <nd ref="3012"/>
    <nd ref="3013"/>
    <tag k="type" v="line_thin"/>
    <tag k="subtype" v="solid"/>
  </way>
  <way id="3022" action="modify" visible="true" version="1">
    <nd ref="3016"/>
    <nd ref="3017"/>
    <nd ref="3018"/>
    <tag k="type" v="line_thin"/>
    <tag k="subtype" v="solid"/>
  </way>
  <way id="3023" action="modify" visible="true" version="1">
    <nd ref="3019"/>
    <nd ref="3020"/>
    <nd ref="3021"/>
    <tag k="type" v="line_thin"/>
    <tag k="subtype" v="dashed"/>
  </way>
  <way id="3028" action="modify" visible="true" version="1">
    <nd ref="3025"/>
    <nd ref="3026"/>
    <nd ref="3027"/>
    <tag k="type" v="line_thin"/>
    <tag k="subtype" v="solid"/>
  </way>
  <way id="3038" action="modify" visible="true" version="1">
    <nd ref="3030"/>
    <nd ref="3031"/>
    <nd ref="3032"/>
    <nd ref="3033"/>
    <nd ref="3016"/>
    <tag k="type" v="line_thin"/>
    <tag k="subtype" v="solid"/>
  </way>
  <way id="3039" action="modify" visible="true" version="1">
    <nd ref="3034"/>
    <nd ref="3035"/>
    <nd ref="3036"/>
    <nd ref="3037"/>
    <nd ref="3019"/>
    <tag k="type" v="line_thin"/>
    <tag k="subtype" v="dashed"/>
  </way>
  <way id="3045" action="modify" visible="true" version="1">
    <nd ref="3041"/>
    <nd ref="3042"/>
    <nd ref="3043"/>
    <nd ref="3044"/>
    <nd ref="3025"/>
    <tag k="type" v="line_thin"/>
    <tag k="subtype" v="solid"/>
  </way>
  <way id="3053" action="modify" visible="true" version="1">
    <nd ref="3047"/>
    <nd ref="3048"/>
    <nd ref="3049"/>
    <tag k="type" v="line_thin"/>
    <tag k="subtype" v="solid"/>
  </way>
  <way id="3054" action="modify" visible="true" version="1">
    <nd ref="3050"/>
    <nd ref="3051"/>
    <nd ref="3052"/>
    <tag k="type" v="line_thin"/>
    <tag k="subtype" v="dashed"/>
  </way>
  <way id="3059" action="modify" visible="true" version="1">
    <nd ref="3056"/>
    <nd ref="3057"/>
    <nd ref="3058"/>
    <tag k="type" v="line_thin"/>
    <tag k="subtype" v="solid"/>
  </way>
  <way id="3071" action="modify" visible="true" version="1">
    <nd ref="3061"/>
    <nd ref="3062"/>
    <nd ref="3063"/>
    <nd ref="3064"/>
    <nd ref="3065"/>
    <tag k="type" v="line_thin"/>
    <tag k="subtype" v="solid"/>
  </way>
  <way id="3072" action="modify" visible="true" version="1">
    <nd ref="3066"/>
    <nd ref="3067"/>
    <nd ref="3068"/>
    <nd ref="3069"/>
    <nd ref="3070"/>
    <tag k="type" v="line_thin"/>
    <tag k="subtype" v="dashed"/>
  </way>
  <way id="3079" action="modify" visible="true" version="1">
    <nd ref="3074"/>
    <nd ref="3075"/>
    <nd ref="3076"/>
    <nd ref="3077"/>
    <nd ref="3078"/>
    <tag k="type" v="line_thin"/>
    <tag k="subtype" v="solid"/>
  </way>
  <way id="3087" action="modify" visible="true" version="1">
    <nd ref="3081"/>
    <nd ref="3082"/>
    <nd ref="3083"/>
    <tag k="type" v="line_thin"/>
    <tag k="subtype" v="solid"/>
  </way>
  <way id="3088" action="modify" visible="true" version="1">
    <nd ref="3084"/>
    <nd ref="3085"/>
    <nd ref="3086"/>
    <tag k="type" v="line_thin"/>
    <tag k="subtype" v="dashed"/>
  </way>
  <way id="3093" action="modify" visible="true" version="1">
    <nd ref="3090"/>
    <nd ref="3091"/>
    <nd ref="3092"/>
    <tag k="type" v="line_thin"/>
    <tag k="subtype" v="solid"/>
  </way>
  <way id="3101" action="modify" visible="true" version="1">
    <nd ref="3095"/>
    <nd ref="3096"/>
    <nd ref="3097"/>
    <tag k="type" v="line_thin"/>
    <tag k="subtype" v="solid"/>
  </way>
  <way id="3102" action="modify" visible="true" version="1">
    <nd ref="3098"/>
    <nd ref="3099"/>
    <nd ref="3100"/>
    <tag k="type" v="line_thin"/>
    <tag k="subtype" v="dashed"/>
  </way>
  <way id="3107" action="modify" visible="true" version="1">
    <nd ref="3104"/>
    <nd ref="3105"/>
    <nd ref="3106"/>
    <tag k="type" v="line_thin"/>
    <tag k="subtype" v="dashed"/>
  </way>
  <way id="3112" action="modify" visible="true" version="1">
    <nd ref="3109"/>
    <nd ref="3110"/>
    <nd ref="3111"/>
    <tag k="type" v="line_thin"/>
    <tag k="subtype" v="solid"/>
  </way>
  <way id="3120" action="modify" visible="true" version="1">
    <nd ref="3114"/>
    <nd ref="3115"/>
    <nd ref="3116"/>
    <tag k="type" v="line_thin"/>
    <tag k="subtype" v="solid"/>
  </way>
  <way id="3121" action="modify" visible="true" version="1">
    <nd ref="3117"/>
    <nd ref="3118"/>
    <nd ref="3119"/>
    <tag k="type" v="line_thin"/>
    <tag k="subtype" v="dashed"/>
  </way>
  <way id="3126" action="modify" visible="true" version="1">
    <nd ref="3123"/>
    <nd ref="3124"/>
    <nd ref="3125"/>
    <tag k="type" v="line_thin"/>
    <tag k="subtype" v="dashed"/>
  </way>
  <way id="3131" action="modify" visible="true" version="1">
    <nd ref="3128"/>
    <nd ref="3129"/>
    <nd ref="3130"/>
    <tag k="type" v="line_thin"/>
    <tag k="subtype" v="solid"/>
  </way>
  <way id="3147" action="modify" visible="true" version="1">
    <nd ref="3133"/>
    <nd ref="3134"/>
    <nd ref="3135"/>
    <nd ref="3136"/>
    <nd ref="3137"/>
    <nd ref="3138"/>
    <nd ref="3139"/>
    <tag k="type" v="line_thin"/>
    <tag k="subtype" v="solid"/>
  </way>
  <way id="3148" action="modify" visible="true" version="1">
    <nd ref="3140"/>
    <nd ref="3141"/>
    <nd ref="3142"/>
    <nd ref="3143"/>
    <nd ref="3144"/>
    <nd ref="3145"/>
    <nd ref="3146"/>
    <tag k="type" v="line_thin"/>
    <tag k="subtype" v="dashed"/>
  </way>
  <way id="3157" action="modify" visible="true" version="1">
    <nd ref="3150"/>
    <nd ref="3151"/>
    <nd ref="3152"/>
    <nd ref="3153"/>
    <nd ref="3154"/>
    <nd ref="3155"/>
    <nd ref="3156"/>
    <tag k="type" v="line_thin"/>
    <tag k="subtype" v="dashed"/>
  </way>
  <way id="3166" action="modify" visible="true" version="1">
    <nd ref="3159"/>
    <nd ref="3160"/>
    <nd ref="3161"/>
    <nd ref="3162"/>
    <nd ref="3163"/>
    <nd ref="3164"/>
    <nd ref="3165"/>
    <tag k="type" v="line_thin"/>
    <tag k="subtype" v="solid"/>
  </way>
  <way id="3200" action="modify" visible="true" version="1">
    <nd ref="3168"/>
    <nd ref="3169"/>
    <nd ref="3170"/>
    <nd ref="3171"/>
    <nd ref="3172"/>
    <nd ref="3173"/>
    <nd ref="3174"/>
    <nd ref="3175"/>
    <nd ref="3176"/>
    <nd ref="3177"/>
    <nd ref="3178"/>
    <nd ref="3179"/>
    <nd ref="3180"/>
    <nd ref="3181"/>
    <nd ref="3182"/>
    <nd ref="3183"/>
    <tag k="type" v="line_thin"/>
    <tag k="subtype" v="solid"/>
  </way>
  <way id="3201" action="modify" visible="true" version="1">
    <nd ref="3184"/>
    <nd ref="3185"/>
    <nd ref="3186"/>
    <nd ref="3187"/>
    <nd ref="3188"/>
    <nd ref="3189"/>
    <nd ref="3190"/>
    <nd ref="3191"/>
    <nd ref="3192"/>
    <nd ref="3193"/>
    <nd ref="3194"/>
    <nd ref="3195"/>
    <nd ref="3196"/>
    <nd ref="3197"/>
    <nd ref="3198"/>
    <nd ref="3199"/>
    <tag k="type" v="line_thin"/>
    <tag k="subtype" v="dashed"/>
  </way>
  <way id="3219" action="modify" visible="true" version="1">
    <nd ref="3203"/>
    <nd ref="3204"/>
    <nd ref="3205"/>
    <nd ref="3206"/>
    <nd ref="3207"/>
    <nd ref="3208"/>
    <nd ref="3209"/>
    <nd ref="3210"/>
    <nd ref="3211"/>
    <nd ref="3212"/>
    <nd ref="3213"/>
    <nd ref="3214"/>
    <nd ref="3215"/>
    <nd ref="3216"/>
    <nd ref="3217"/>
    <nd ref="3218"/>
    <tag k="type" v="line_thin"/>
    <tag k="subtype" v="dashed"/>
  </way>
  <way id="3237" action="modify" visible="true" version="1">
    <nd ref="3221"/>
    <nd ref="3222"/>
    <nd ref="3223"/>
    <nd ref="3224"/>
    <nd ref="3225"/>
    <nd ref="3226"/>
    <nd ref="3227"/>
    <nd ref="3228"/>
    <nd ref="3229"/>
    <nd ref="3230"/>
    <nd ref="3231"/>
    <nd ref="3232"/>
    <nd ref="3233"/>
    <nd ref="3234"/>
    <nd ref="3235"/>
    <nd ref="3236"/>
    <tag k="type" v="line_thin"/>
    <tag k="subtype" v="solid"/>
  </way>
  <way id="3245" action="modify" visible="true" version="1">
    <nd ref="3239"/>
    <nd ref="3240"/>
    <nd ref="3241"/>
    <tag k="type" v="line_thin"/>
    <tag k="subtype" v="solid"/>
  </way>
  <way id="3246" action="modify" visible="true" version="1">
    <nd ref="3242"/>
    <nd ref="3243"/>
    <nd ref="3244"/>
    <tag k="type" v="line_thin"/>
    <tag k="subtype" v="dashed"/>
  </way>
  <way id="3251" action="modify" visible="true" version="1">
    <nd ref="3248"/>
    <nd ref="3249"/>
    <nd ref="3250"/>
    <tag k="type" v="line_thin"/>
    <tag k="subtype" v="solid"/>
  </way>
  <way id="3259" action="modify" visible="true" version="1">
    <nd ref="3253"/>
    <nd ref="3254"/>
    <nd ref="3255"/>
    <tag k="type" v="line_thin"/>
    <tag k="subtype" v="solid"/>
  </way>
  <way id="3260" action="modify" visible="true" version="1">
    <nd ref="3256"/>
    <nd ref="3257"/>
    <nd ref="3258"/>
    <tag k="type" v="line_thin"/>
    <tag k="subtype" v="dashed"/>
  </way>
  <way id="3265" action="modify" visible="true" version="1">
    <nd ref="3262"/>
    <nd ref="3263"/>
    <nd ref="3264"/>
    <tag k="type" v="line_thin"/>
    <tag k="subtype" v="dashed"/>
  </way>
  <way id="3270" action="modify" visible="true" version="1">
    <nd ref="3267"/>
    <nd ref="3268"/>
    <nd ref="3269"/>
    <tag k="type" v="line_thin"/>
    <tag k="subtype" v="solid"/>
  </way>
  <way id="3386" action="modify" visible="true" version="1">
    <nd ref="3272"/>
    <nd ref="3273"/>
    <nd ref="3274"/>
    <nd ref="3275"/>
    <nd ref="3276"/>
    <nd ref="3277"/>
    <nd ref="3278"/>
    <nd ref="3279"/>
    <nd ref="3280"/>
    <nd ref="3281"/>
    <nd ref="3282"/>
    <nd ref="3283"/>
    <nd ref="3284"/>
    <nd ref="3285"/>
    <nd ref="3286"/>
    <nd ref="3287"/>
    <nd ref="3288"/>
    <nd ref="3289"/>
    <nd ref="3290"/>
    <nd ref="3291"/>
    <nd ref="3292"/>
    <nd ref="3293"/>
    <nd ref="3294"/>
    <nd ref="3295"/>
    <nd ref="3296"/>
    <nd ref="3297"/>
    <nd ref="3298"/>
    <nd ref="3299"/>
    <nd ref="3300"/>
    <nd ref="3301"/>
    <nd ref="3302"/>
    <nd ref="3303"/>
    <nd ref="3304"/>
    <nd ref="3305"/>
    <nd ref="3306"/>
    <nd ref="3307"/>
    <nd ref="3308"/>
    <nd ref="3309"/>
    <nd ref="3310"/>
    <nd ref="3311"/>
    <nd ref="3312"/>
    <nd ref="3313"/>
    <nd ref="3314"/>
    <nd ref="3315"/>
    <nd ref="3316"/>
    <nd ref="3317"/>
    <nd ref="3318"/>
    <nd ref="3319"/>
    <nd ref="3320"/>
    <nd ref="3321"/>
    <nd ref="3322"/>
    <nd ref="3323"/>
    <nd ref="3324"/>
    <nd ref="3325"/>
    <nd ref="3326"/>
    <nd ref="3327"/>
    <nd ref="3328"/>
    <tag k="type" v="line_thin"/>
    <tag k="subtype" v="solid"/>
  </way>
  <way id="3387" action="modify" visible="true" version="1">
    <nd ref="3329"/>
    <nd ref="3330"/>
    <nd ref="3331"/>
    <nd ref="3332"/>
    <nd ref="3333"/>
    <nd ref="3334"/>
    <nd ref="3335"/>
    <nd ref="3336"/>
    <nd ref="3337"/>
    <nd ref="3338"/>
    <nd ref="3339"/>
    <nd ref="3340"/>
    <nd ref="3341"/>
    <nd ref="3342"/>
    <nd ref="3343"/>
    <nd ref="3344"/>
    <nd ref="3345"/>
    <nd ref="3346"/>
    <nd ref="3347"/>
    <nd ref="3348"/>
    <nd ref="3349"/>
    <nd ref="3350"/>
    <nd ref="3351"/>
    <nd ref="3352"/>
    <nd ref="3353"/>
    <nd ref="3354"/>
    <nd ref="3355"/>
    <nd ref="3356"/>
    <nd ref="3357"/>
    <nd ref="3358"/>
    <nd ref="3359"/>
    <nd ref="3360"/>
    <nd ref="3361"/>
    <nd ref="3362"/>
    <nd ref="3363"/>
    <nd ref="3364"/>
    <nd ref="3365"/>
    <nd ref="3366"/>
    <nd ref="3367"/>
    <nd ref="3368"/>
    <nd ref="3369"/>
    <nd ref="3370"/>
    <nd ref="3371"/>
    <nd ref="3372"/>
    <nd ref="3373"/>
    <nd ref="3374"/>
    <nd ref="3375"/>
    <nd ref="3376"/>
    <nd ref="3377"/>
    <nd ref="3378"/>
    <nd ref="3379"/>
    <nd ref="3380"/>
    <nd ref="3381"/>
    <nd ref="3382"/>
    <nd ref="3383"/>
    <nd ref="3384"/>
    <nd ref="3385"/>
    <tag k="type" v="line_thin"/>
    <tag k="subtype" v="dashed"/>
  </way>
  <way id="3446" action="modify" visible="true" version="1">
    <nd ref="3389"/>
    <nd ref="3390"/>
    <nd ref="3391"/>
    <nd ref="3392"/>
    <nd ref="3393"/>
    <nd ref="3394"/>
    <nd ref="3395"/>
    <nd ref="3396"/>
    <nd ref="3397"/>
    <nd ref="3398"/>
    <nd ref="3399"/>
    <nd ref="3400"/>
    <nd ref="3401"/>
    <nd ref="3402"/>
    <nd ref="3403"/>
    <nd ref="3404"/>
    <nd ref="3405"/>
    <nd ref="3406"/>
    <nd ref="3407"/>
    <nd ref="3408"/>
    <nd ref="3409"/>
    <nd ref="3410"/>
    <nd ref="3411"/>
    <nd ref="3412"/>
    <nd ref="3413"/>
    <nd ref="3414"/>
    <nd ref="3415"/>
    <nd ref="3416"/>
    <nd ref="3417"/>
    <nd ref="3418"/>
    <nd ref="3419"/>
    <nd ref="3420"/>
    <nd ref="3421"/>
    <nd ref="3422"/>
    <nd ref="3423"/>
    <nd ref="3424"/>
    <nd ref="3425"/>
    <nd ref="3426"/>
    <nd ref="3427"/>
    <nd ref="3428"/>
    <nd ref="3429"/>
    <nd ref="3430"/>
    <nd ref="3431"/>
    <nd ref="3432"/>
    <nd ref="3433"/>
    <nd ref="3434"/>
    <nd ref="3435"/>
    <nd ref="3436"/>
    <nd ref="3437"/>
    <nd ref="3438"/>
    <nd ref="3439"/>
    <nd ref="3440"/>
    <nd ref="3441"/>
    <nd ref="3442"/>
    <nd ref="3443"/>
    <nd ref="3444"/>
    <nd ref="3445"/>
    <tag k="type" v="line_thin"/>
    <tag k="subtype" v="dashed"/>
  </way>
  <way id="3505" action="modify" visible="true" version="1">
    <nd ref="3448"/>
    <nd ref="3449"/>
    <nd ref="3450"/>
    <nd ref="3451"/>
    <nd ref="3452"/>
    <nd ref="3453"/>
    <nd ref="3454"/>
    <nd ref="3455"/>
    <nd ref="3456"/>
    <nd ref="3457"/>
    <nd ref="3458"/>
    <nd ref="3459"/>
    <nd ref="3460"/>
    <nd ref="3461"/>
    <nd ref="3462"/>
    <nd ref="3463"/>
    <nd ref="3464"/>
    <nd ref="3465"/>
    <nd ref="3466"/>
    <nd ref="3467"/>
    <nd ref="3468"/>
    <nd ref="3469"/>
    <nd ref="3470"/>
    <nd ref="3471"/>
    <nd ref="3472"/>
    <nd ref="3473"/>
    <nd ref="3474"/>
    <nd ref="3475"/>
    <nd ref="3476"/>
    <nd ref="3477"/>
    <nd ref="3478"/>
    <nd ref="3479"/>
    <nd ref="3480"/>
    <nd ref="3481"/>
    <nd ref="3482"/>
    <nd ref="3483"/>
    <nd ref="3484"/>
    <nd ref="3485"/>
    <nd ref="3486"/>
    <nd ref="3487"/>
    <nd ref="3488"/>
    <nd ref="3489"/>
    <nd ref="3490"/>
    <nd ref="3491"/>
    <nd ref="3492"/>
    <nd ref="3493"/>
    <nd ref="3494"/>
    <nd ref="3495"/>
    <nd ref="3496"/>
    <nd ref="3497"/>
    <nd ref="3498"/>
    <nd ref="3499"/>
    <nd ref="3500"/>
    <nd ref="3501"/>
    <nd ref="3502"/>
    <nd ref="3503"/>
    <nd ref="3504"/>
    <tag k="type" v="line_thin"/>
    <tag k="subtype" v="solid"/>
  </way>
  <way id="3519" action="modify" visible="true" version="1">
    <nd ref="3507"/>
    <nd ref="3508"/>
    <nd ref="3509"/>
    <nd ref="3510"/>
    <nd ref="3511"/>
    <nd ref="3512"/>
    <tag k="type" v="line_thin"/>
    <tag k="subtype" v="solid"/>
  </way>
  <way id="3520" action="modify" visible="true" version="1">
    <nd ref="3513"/>
    <nd ref="3514"/>
    <nd ref="3515"/>
    <nd ref="3516"/>
    <nd ref="3517"/>
    <nd ref="3518"/>
    <tag k="type" v="line_thin"/>
    <tag k="subtype" v="dashed"/>
  </way>
  <way id="3528" action="modify" visible="true" version="1">
    <nd ref="3522"/>
    <nd ref="3523"/>
    <nd ref="3524"/>
    <nd ref="3525"/>
    <nd ref="3526"/>
    <nd ref="3527"/>
    <tag k="type" v="line_thin"/>
    <tag k="subtype" v="dashed"/>
  </way>
  <way id="3536" action="modify" visible="true" version="1">
    <nd ref="3530"/>
    <nd ref="3531"/>
    <nd ref="3532"/>
    <nd ref="3533"/>
    <nd ref="3534"/>
    <nd ref="3535"/>
    <tag k="type" v="line_thin"/>
    <tag k="subtype" v="solid"/>
  </way>
  <way id="3542" action="modify" visible="true" version="1">
    <nd ref="3512"/>
    <nd ref="3538"/>
    <nd ref="3539"/>
    <tag k="type" v="line_thin"/>
    <tag k="subtype" v="solid"/>
  </way>
  <way id="3543" action="modify" visible="true" version="1">
    <nd ref="3518"/>
    <nd ref="3540"/>
    <nd ref="3541"/>
    <tag k="type" v="line_thin"/>
    <tag k="subtype" v="dashed"/>
  </way>
  <way id="3547" action="modify" visible="true" version="1">
    <nd ref="3527"/>
    <nd ref="3545"/>
    <nd ref="3546"/>
    <tag k="type" v="line_thin"/>
    <tag k="subtype" v="dashed"/>
  </way>
  <way id="3551" action="modify" visible="true" version="1">
    <nd ref="3535"/>
    <nd ref="3549"/>
    <nd ref="3550"/>
    <tag k="type" v="line_thin"/>
    <tag k="subtype" v="solid"/>
  </way>
  <way id="3559" action="modify" visible="true" version="1">
    <nd ref="3553"/>
    <nd ref="3554"/>
    <nd ref="3555"/>
    <tag k="type" v="line_thin"/>
    <tag k="subtype" v="solid"/>
  </way>
  <way id="3560" action="modify" visible="true" version="1">
    <nd ref="3556"/>
    <nd ref="3557"/>
    <nd ref="3558"/>
    <tag k="type" v="line_thin"/>
    <tag k="subtype" v="dashed"/>
  </way>
  <way id="3565" action="modify" visible="true" version="1">
    <nd ref="3562"/>
    <nd ref="3563"/>
    <nd ref="3564"/>
    <tag k="type" v="line_thin"/>
    <tag k="subtype" v="dashed"/>
  </way>
  <way id="3569" action="modify" visible="true" version="1">
    <nd ref="775"/>
    <nd ref="3567"/>
    <nd ref="3568"/>
    <tag k="type" v="line_thin"/>
    <tag k="subtype" v="solid"/>
  </way>
  <way id="3597" action="modify" visible="true" version="1">
    <nd ref="3571"/>
    <nd ref="3572"/>
    <nd ref="3573"/>
    <nd ref="3574"/>
    <nd ref="3575"/>
    <nd ref="3576"/>
    <nd ref="3577"/>
    <nd ref="3578"/>
    <nd ref="3579"/>
    <nd ref="3580"/>
    <nd ref="3581"/>
    <nd ref="3582"/>
    <nd ref="3583"/>
    <tag k="type" v="line_thin"/>
    <tag k="subtype" v="solid"/>
  </way>
  <way id="3598" action="modify" visible="true" version="1">
    <nd ref="3584"/>
    <nd ref="3585"/>
    <nd ref="3586"/>
    <nd ref="3587"/>
    <nd ref="3588"/>
    <nd ref="3589"/>
    <nd ref="3590"/>
    <nd ref="3591"/>
    <nd ref="3592"/>
    <nd ref="3593"/>
    <nd ref="3594"/>
    <nd ref="3595"/>
    <nd ref="3596"/>
    <tag k="type" v="line_thin"/>
    <tag k="subtype" v="dashed"/>
  </way>
  <way id="3613" action="modify" visible="true" version="1">
    <nd ref="3600"/>
    <nd ref="3601"/>
    <nd ref="3602"/>
    <nd ref="3603"/>
    <nd ref="3604"/>
    <nd ref="3605"/>
    <nd ref="3606"/>
    <nd ref="3607"/>
    <nd ref="3608"/>
    <nd ref="3609"/>
    <nd ref="3610"/>
    <nd ref="3611"/>
    <nd ref="3612"/>
    <tag k="type" v="line_thin"/>
    <tag k="subtype" v="dashed"/>
  </way>
  <way id="3628" action="modify" visible="true" version="1">
    <nd ref="3615"/>
    <nd ref="3616"/>
    <nd ref="3617"/>
    <nd ref="3618"/>
    <nd ref="3619"/>
    <nd ref="3620"/>
    <nd ref="3621"/>
    <nd ref="3622"/>
    <nd ref="3623"/>
    <nd ref="3624"/>
    <nd ref="3625"/>
    <nd ref="3626"/>
    <nd ref="3627"/>
    <tag k="type" v="line_thin"/>
    <tag k="subtype" v="solid"/>
  </way>
  <way id="3636" action="modify" visible="true" version="1">
    <nd ref="3630"/>
    <nd ref="3631"/>
    <nd ref="3632"/>
    <tag k="type" v="line_thin"/>
    <tag k="subtype" v="solid"/>
  </way>
  <way id="3637" action="modify" visible="true" version="1">
    <nd ref="3633"/>
    <nd ref="3634"/>
    <nd ref="3635"/>
    <tag k="type" v="line_thin"/>
    <tag k="subtype" v="solid"/>
  </way>
  <way id="3649" action="modify" visible="true" version="1">
    <nd ref="3639"/>
    <nd ref="3640"/>
    <nd ref="3641"/>
    <nd ref="3642"/>
    <nd ref="3643"/>
    <nd ref="3272"/>
  </way>
  <way id="3650" action="modify" visible="true" version="1">
    <nd ref="3644"/>
    <nd ref="3645"/>
    <nd ref="3646"/>
    <nd ref="3647"/>
    <nd ref="3648"/>
    <nd ref="3329"/>
    <tag k="type" v="line_thin"/>
    <tag k="subtype" v="dashed"/>
  </way>
  <way id="3657" action="modify" visible="true" version="1">
    <nd ref="3652"/>
    <nd ref="3653"/>
    <nd ref="3654"/>
    <nd ref="3655"/>
    <nd ref="3656"/>
    <nd ref="3389"/>
    <tag k="type" v="line_thin"/>
    <tag k="subtype" v="dashed"/>
  </way>
  <way id="3664" action="modify" visible="true" version="1">
    <nd ref="3659"/>
    <nd ref="3660"/>
    <nd ref="3661"/>
    <nd ref="3662"/>
    <nd ref="3663"/>
    <nd ref="3448"/>
    <tag k="type" v="line_thin"/>
    <tag k="subtype" v="solid"/>
  </way>
  <way id="3674" action="modify" visible="true" version="1">
    <nd ref="3639"/>
    <nd ref="3666"/>
    <nd ref="3667"/>
    <nd ref="3668"/>
    <nd ref="3669"/>
    <nd ref="3098"/>
  </way>
  <way id="3675" action="modify" visible="true" version="1">
    <nd ref="3644"/>
    <nd ref="3670"/>
    <nd ref="3671"/>
    <nd ref="3672"/>
    <nd ref="3673"/>
    <nd ref="3104"/>
  </way>
  <way id="3683" action="modify" visible="true" version="1">
    <nd ref="3639"/>
    <nd ref="3677"/>
    <nd ref="3678"/>
    <nd ref="3679"/>
    <nd ref="3095"/>
  </way>
  <way id="3684" action="modify" visible="true" version="1">
    <nd ref="3644"/>
    <nd ref="3680"/>
    <nd ref="3681"/>
    <nd ref="3682"/>
    <nd ref="3098"/>
  </way>
  <way id="3688" action="modify" visible="true" version="1">
    <nd ref="1107"/>
    <nd ref="3686"/>
    <nd ref="1524"/>
  </way>
  <way id="3689" action="modify" visible="true" version="1">
    <nd ref="1112"/>
    <nd ref="3687"/>
    <nd ref="1532"/>
    <tag k="type" v="line_thin"/>
    <tag k="subtype" v="solid"/>
  </way>
  <way id="3699" action="modify" visible="true" version="1">
    <nd ref="1098"/>
    <nd ref="3691"/>
    <nd ref="3692"/>
    <nd ref="3693"/>
    <nd ref="3694"/>
    <nd ref="3272"/>
  </way>
  <way id="3700" action="modify" visible="true" version="1">
    <nd ref="1101"/>
    <nd ref="3695"/>
    <nd ref="3696"/>
    <nd ref="3697"/>
    <nd ref="3698"/>
    <nd ref="3329"/>
  </way>
  <way id="3706" action="modify" visible="true" version="1">
    <nd ref="1107"/>
    <nd ref="3702"/>
    <nd ref="3703"/>
    <nd ref="3704"/>
    <nd ref="3705"/>
    <nd ref="3389"/>
  </way>
  <way id="3710" action="modify" visible="true" version="1">
    <nd ref="1098"/>
    <nd ref="3708"/>
    <nd ref="3095"/>
    <tag k="type" v="line_thin"/>
    <tag k="subtype" v="solid"/>
  </way>
  <way id="3711" action="modify" visible="true" version="1">
    <nd ref="1101"/>
    <nd ref="3709"/>
    <nd ref="3098"/>
  </way>
  <way id="3717" action="modify" visible="true" version="1">
    <nd ref="1444"/>
    <nd ref="3713"/>
    <nd ref="3714"/>
    <nd ref="3104"/>
  </way>
  <way id="3718" action="modify" visible="true" version="1">
    <nd ref="1506"/>
    <nd ref="3715"/>
    <nd ref="3716"/>
    <nd ref="3109"/>
    <tag k="type" v="line_thin"/>
    <tag k="subtype" v="solid"/>
  </way>
  <way id="3730" action="modify" visible="true" version="1">
    <nd ref="1321"/>
    <nd ref="3720"/>
    <nd ref="3721"/>
    <nd ref="3722"/>
    <nd ref="3723"/>
    <nd ref="3724"/>
    <nd ref="1509"/>
  </way>
  <way id="3731" action="modify" visible="true" version="1">
    <nd ref="1381"/>
    <nd ref="3725"/>
    <nd ref="3726"/>
    <nd ref="3727"/>
    <nd ref="3728"/>
    <nd ref="3729"/>
    <nd ref="1515"/>
    <tag k="type" v="line_thin"/>
    <tag k="subtype" v="dashed"/>
  </way>
  <way id="3738" action="modify" visible="true" version="1">
    <nd ref="1444"/>
    <nd ref="3733"/>
    <nd ref="3734"/>
    <nd ref="3735"/>
    <nd ref="3736"/>
    <nd ref="3737"/>
    <nd ref="1524"/>
    <tag k="type" v="line_thin"/>
    <tag k="subtype" v="dashed"/>
  </way>
  <way id="3745" action="modify" visible="true" version="1">
    <nd ref="1506"/>
    <nd ref="3740"/>
    <nd ref="3741"/>
    <nd ref="3742"/>
    <nd ref="3743"/>
    <nd ref="3744"/>
    <nd ref="1532"/>
    <tag k="type" v="line_thin"/>
    <tag k="subtype" v="dashed"/>
  </way>
  <way id="3751" action="modify" visible="true" version="1">
    <nd ref="3083"/>
    <nd ref="3747"/>
    <nd ref="3748"/>
    <nd ref="1168"/>
  </way>
  <way id="3752" action="modify" visible="true" version="1">
    <nd ref="3086"/>
    <nd ref="3749"/>
    <nd ref="3750"/>
    <nd ref="1189"/>
  </way>
  <way id="3756" action="modify" visible="true" version="1">
    <nd ref="3092"/>
    <nd ref="3754"/>
    <nd ref="3755"/>
    <nd ref="1209"/>
    <tag k="type" v="line_thin"/>
    <tag k="subtype" v="solid"/>
  </way>
  <way id="3764" action="modify" visible="true" version="1">
    <nd ref="3083"/>
    <nd ref="3758"/>
    <nd ref="3759"/>
    <nd ref="3760"/>
    <nd ref="1620"/>
  </way>
  <way id="3765" action="modify" visible="true" version="1">
    <nd ref="3086"/>
    <nd ref="3761"/>
    <nd ref="3762"/>
    <nd ref="3763"/>
    <nd ref="1640"/>
  </way>
  <way id="3771" action="modify" visible="true" version="1">
    <nd ref="3083"/>
    <nd ref="3767"/>
    <nd ref="3768"/>
    <nd ref="1603"/>
  </way>
  <way id="3772" action="modify" visible="true" version="1">
    <nd ref="3086"/>
    <nd ref="3769"/>
    <nd ref="3770"/>
    <nd ref="1620"/>
  </way>
  <way id="3776" action="modify" visible="true" version="1">
    <nd ref="3083"/>
    <nd ref="3774"/>
    <nd ref="1082"/>
    <tag k="type" v="line_thin"/>
    <tag k="subtype" v="solid"/>
  </way>
  <way id="3777" action="modify" visible="true" version="1">
    <nd ref="3086"/>
    <nd ref="3775"/>
    <nd ref="1085"/>
  </way>
  <way id="3781" action="modify" visible="true" version="1">
    <nd ref="108"/>
    <nd ref="3779"/>
    <nd ref="1085"/>
  </way>
  <way id="3782" action="modify" visible="true" version="1">
    <nd ref="127"/>
    <nd ref="3780"/>
    <nd ref="1091"/>
    <tag k="type" v="line_thin"/>
    <tag k="subtype" v="solid"/>
  </way>
  <way id="3788" action="modify" visible="true" version="1">
    <nd ref="92"/>
    <nd ref="3784"/>
    <nd ref="3785"/>
    <nd ref="1150"/>
  </way>
  <way id="3789" action="modify" visible="true" version="1">
    <nd ref="108"/>
    <nd ref="3786"/>
    <nd ref="3787"/>
    <nd ref="1168"/>
    <tag k="type" v="line_thin"/>
    <tag k="subtype" v="dashed"/>
  </way>
  <way id="3793" action="modify" visible="true" version="1">
    <nd ref="127"/>
    <nd ref="3791"/>
    <nd ref="3792"/>
    <nd ref="1189"/>
    <tag k="type" v="line_thin"/>
    <tag k="subtype" v="dashed"/>
  </way>
  <way id="3799" action="modify" visible="true" version="1">
    <nd ref="3199"/>
    <nd ref="3795"/>
    <nd ref="3796"/>
    <nd ref="1603"/>
  </way>
  <way id="3800" action="modify" visible="true" version="1">
    <nd ref="3218"/>
    <nd ref="3797"/>
    <nd ref="3798"/>
    <nd ref="1620"/>
    <tag k="type" v="line_thin"/>
    <tag k="subtype" v="dashed"/>
  </way>
  <way id="3804" action="modify" visible="true" version="1">
    <nd ref="3236"/>
    <nd ref="3802"/>
    <nd ref="3803"/>
    <nd ref="1640"/>
    <tag k="type" v="line_thin"/>
    <tag k="subtype" v="solid"/>
  </way>
  <way id="3812" action="modify" visible="true" version="1">
    <nd ref="3183"/>
    <nd ref="3806"/>
    <nd ref="3807"/>
    <nd ref="3808"/>
    <nd ref="1082"/>
  </way>
  <way id="3813" action="modify" visible="true" version="1">
    <nd ref="3199"/>
    <nd ref="3809"/>
    <nd ref="3810"/>
    <nd ref="3811"/>
    <nd ref="1085"/>
  </way>
  <way id="3817" action="modify" visible="true" version="1">
    <nd ref="3021"/>
    <nd ref="3815"/>
    <nd ref="2868"/>
  </way>
  <way id="3818" action="modify" visible="true" version="1">
    <nd ref="3027"/>
    <nd ref="3816"/>
    <nd ref="2913"/>
    <tag k="type" v="line_thin"/>
    <tag k="subtype" v="solid"/>
  </way>
  <way id="3828" action="modify" visible="true" version="1">
    <nd ref="3018"/>
    <nd ref="3820"/>
    <nd ref="3821"/>
    <nd ref="3822"/>
    <nd ref="3823"/>
    <nd ref="3047"/>
  </way>
  <way id="3829" action="modify" visible="true" version="1">
    <nd ref="3021"/>
    <nd ref="3824"/>
    <nd ref="3825"/>
    <nd ref="3826"/>
    <nd ref="3827"/>
    <nd ref="3050"/>
    <tag k="type" v="line_thin"/>
    <tag k="subtype" v="dashed"/>
  </way>
  <way id="3835" action="modify" visible="true" version="1">
    <nd ref="3027"/>
    <nd ref="3831"/>
    <nd ref="3832"/>
    <nd ref="3833"/>
    <nd ref="3834"/>
    <nd ref="3056"/>
    <tag k="type" v="line_thin"/>
    <tag k="subtype" v="dashed"/>
  </way>
  <way id="3843" action="modify" visible="true" version="1">
    <nd ref="3018"/>
    <nd ref="3837"/>
    <nd ref="3838"/>
    <nd ref="3839"/>
    <nd ref="49"/>
  </way>
  <way id="3844" action="modify" visible="true" version="1">
    <nd ref="3021"/>
    <nd ref="3840"/>
    <nd ref="3841"/>
    <nd ref="3842"/>
    <nd ref="52"/>
  </way>
  <way id="3850" action="modify" visible="true" version="1">
    <nd ref="3018"/>
    <nd ref="3846"/>
    <nd ref="3847"/>
    <nd ref="1001"/>
    <tag k="type" v="line_thin"/>
    <tag k="subtype" v="solid"/>
  </way>
  <way id="3851" action="modify" visible="true" version="1">
    <nd ref="3021"/>
    <nd ref="3848"/>
    <nd ref="3849"/>
    <nd ref="1004"/>
  </way>
  <way id="3855" action="modify" visible="true" version="1">
    <nd ref="371"/>
    <nd ref="3853"/>
    <nd ref="1004"/>
  </way>
  <way id="3856" action="modify" visible="true" version="1">
    <nd ref="377"/>
    <nd ref="3854"/>
    <nd ref="1010"/>
    <tag k="type" v="line_thin"/>
    <tag k="subtype" v="solid"/>
  </way>
  <way id="3864" action="modify" visible="true" version="1">
    <nd ref="368"/>
    <nd ref="3858"/>
    <nd ref="3859"/>
    <nd ref="3860"/>
    <nd ref="2779"/>
  </way>
  <way id="3865" action="modify" visible="true" version="1">
    <nd ref="371"/>
    <nd ref="3861"/>
    <nd ref="3862"/>
    <nd ref="3863"/>
    <nd ref="2822"/>
    <tag k="type" v="line_thin"/>
    <tag k="subtype" v="dashed"/>
  </way>
  <way id="3870" action="modify" visible="true" version="1">
    <nd ref="377"/>
    <nd ref="3867"/>
    <nd ref="3868"/>
    <nd ref="3869"/>
    <nd ref="2868"/>
    <tag k="type" v="line_thin"/>
    <tag k="subtype" v="dashed"/>
  </way>
  <way id="3878" action="modify" visible="true" version="1">
    <nd ref="368"/>
    <nd ref="3872"/>
    <nd ref="3873"/>
    <nd ref="3874"/>
    <nd ref="3047"/>
  </way>
  <way id="3879" action="modify" visible="true" version="1">
    <nd ref="371"/>
    <nd ref="3875"/>
    <nd ref="3876"/>
    <nd ref="3877"/>
    <nd ref="3050"/>
  </way>
  <way id="3883" action="modify" visible="true" version="1">
    <nd ref="1053"/>
    <nd ref="3881"/>
    <nd ref="52"/>
  </way>
  <way id="3884" action="modify" visible="true" version="1">
    <nd ref="1059"/>
    <nd ref="3882"/>
    <nd ref="58"/>
    <tag k="type" v="line_thin"/>
    <tag k="subtype" v="solid"/>
  </way>
  <way id="3894" action="modify" visible="true" version="1">
    <nd ref="1053"/>
    <nd ref="3886"/>
    <nd ref="3887"/>
    <nd ref="3888"/>
    <nd ref="3889"/>
    <nd ref="1004"/>
  </way>
  <way id="3895" action="modify" visible="true" version="1">
    <nd ref="1059"/>
    <nd ref="3890"/>
    <nd ref="3891"/>
    <nd ref="3892"/>
    <nd ref="3893"/>
    <nd ref="1010"/>
    <tag k="type" v="line_thin"/>
    <tag k="subtype" v="dashed"/>
  </way>
  <way id="3899" action="modify" visible="true" version="1">
    <nd ref="1050"/>
    <nd ref="3897"/>
    <nd ref="3047"/>
  </way>
  <way id="3900" action="modify" visible="true" version="1">
    <nd ref="1053"/>
    <nd ref="3898"/>
    <nd ref="3050"/>
  </way>
  <way id="3910" action="modify" visible="true" version="1">
    <nd ref="1050"/>
    <nd ref="3902"/>
    <nd ref="3903"/>
    <nd ref="3904"/>
    <nd ref="3905"/>
    <nd ref="1001"/>
  </way>
  <way id="3911" action="modify" visible="true" version="1">
    <nd ref="1053"/>
    <nd ref="3906"/>
    <nd ref="3907"/>
    <nd ref="3908"/>
    <nd ref="3909"/>
    <nd ref="1004"/>
    <tag k="type" v="line_thin"/>
    <tag k="subtype" v="dashed"/>
  </way>
  <way id="3919" action="modify" visible="true" version="1">
    <nd ref="1050"/>
    <nd ref="3913"/>
    <nd ref="3914"/>
    <nd ref="3915"/>
    <nd ref="2779"/>
  </way>
  <way id="3920" action="modify" visible="true" version="1">
    <nd ref="1053"/>
    <nd ref="3916"/>
    <nd ref="3917"/>
    <nd ref="3918"/>
    <nd ref="2822"/>
  </way>
  <way id="3924" action="modify" visible="true" version="1">
    <nd ref="907"/>
    <nd ref="3922"/>
    <nd ref="3050"/>
  </way>
  <way id="3925" action="modify" visible="true" version="1">
    <nd ref="951"/>
    <nd ref="3923"/>
    <nd ref="3056"/>
    <tag k="type" v="line_thin"/>
    <tag k="subtype" v="solid"/>
  </way>
  <way id="3933" action="modify" visible="true" version="1">
    <nd ref="862"/>
    <nd ref="3927"/>
    <nd ref="3928"/>
    <nd ref="3929"/>
    <nd ref="49"/>
  </way>
  <way id="3934" action="modify" visible="true" version="1">
    <nd ref="907"/>
    <nd ref="3930"/>
    <nd ref="3931"/>
    <nd ref="3932"/>
    <nd ref="52"/>
    <tag k="type" v="line_thin"/>
    <tag k="subtype" v="dashed"/>
  </way>
  <way id="3939" action="modify" visible="true" version="1">
    <nd ref="951"/>
    <nd ref="3936"/>
    <nd ref="3937"/>
    <nd ref="3938"/>
    <nd ref="58"/>
    <tag k="type" v="line_thin"/>
    <tag k="subtype" v="dashed"/>
  </way>
  <way id="3947" action="modify" visible="true" version="1">
    <nd ref="820"/>
    <nd ref="3941"/>
    <nd ref="3942"/>
    <nd ref="3943"/>
    <nd ref="1001"/>
  </way>
  <way id="3948" action="modify" visible="true" version="1">
    <nd ref="862"/>
    <nd ref="3944"/>
    <nd ref="3945"/>
    <nd ref="3946"/>
    <nd ref="1004"/>
  </way>
  <way id="3956" action="modify" visible="true" version="1">
    <nd ref="3950"/>
    <nd ref="3951"/>
    <nd ref="3952"/>
    <nd ref="3522"/>
  </way>
  <way id="3957" action="modify" visible="true" version="1">
    <nd ref="3953"/>
    <nd ref="3954"/>
    <nd ref="3955"/>
    <nd ref="3530"/>
    <tag k="type" v="line_thin"/>
    <tag k="subtype" v="solid"/>
  </way>
  <way id="3969" action="modify" visible="true" version="1">
    <nd ref="3959"/>
    <nd ref="3960"/>
    <nd ref="3961"/>
    <nd ref="3962"/>
    <nd ref="3963"/>
    <nd ref="3061"/>
  </way>
  <way id="3970" action="modify" visible="true" version="1">
    <nd ref="3964"/>
    <nd ref="3965"/>
    <nd ref="3966"/>
    <nd ref="3967"/>
    <nd ref="3968"/>
    <nd ref="3066"/>
    <tag k="type" v="line_thin"/>
    <tag k="subtype" v="dashed"/>
  </way>
  <way id="3976" action="modify" visible="true" version="1">
    <nd ref="3953"/>
    <nd ref="3972"/>
    <nd ref="3973"/>
    <nd ref="3974"/>
    <nd ref="3975"/>
    <nd ref="3074"/>
    <tag k="type" v="line_thin"/>
    <tag k="subtype" v="dashed"/>
  </way>
  <way id="3984" action="modify" visible="true" version="1">
    <nd ref="3959"/>
    <nd ref="3978"/>
    <nd ref="3979"/>
    <nd ref="3980"/>
    <nd ref="1243"/>
  </way>
  <way id="3985" action="modify" visible="true" version="1">
    <nd ref="3964"/>
    <nd ref="3981"/>
    <nd ref="3982"/>
    <nd ref="3983"/>
    <nd ref="1246"/>
  </way>
  <way id="3989" action="modify" visible="true" version="1">
    <nd ref="3264"/>
    <nd ref="3987"/>
    <nd ref="990"/>
  </way>
  <way id="3990" action="modify" visible="true" version="1">
    <nd ref="3269"/>
    <nd ref="3988"/>
    <nd ref="996"/>
    <tag k="type" v="line_thin"/>
    <tag k="subtype" v="solid"/>
  </way>
  <way id="3998" action="modify" visible="true" version="1">
    <nd ref="3255"/>
    <nd ref="3992"/>
    <nd ref="3993"/>
    <nd ref="3994"/>
    <nd ref="3507"/>
  </way>
  <way id="3999" action="modify" visible="true" version="1">
    <nd ref="3258"/>
    <nd ref="3995"/>
    <nd ref="3996"/>
    <nd ref="3997"/>
    <nd ref="3513"/>
    <tag k="type" v="line_thin"/>
    <tag k="subtype" v="dashed"/>
  </way>
  <way id="4004" action="modify" visible="true" version="1">
    <nd ref="3264"/>
    <nd ref="4001"/>
    <nd ref="4002"/>
    <nd ref="4003"/>
    <nd ref="3522"/>
    <tag k="type" v="line_thin"/>
    <tag k="subtype" v="dashed"/>
  </way>
  <way id="4009" action="modify" visible="true" version="1">
    <nd ref="3269"/>
    <nd ref="4006"/>
    <nd ref="4007"/>
    <nd ref="4008"/>
    <nd ref="3530"/>
    <tag k="type" v="line_thin"/>
    <tag k="subtype" v="dashed"/>
  </way>
  <way id="4017" action="modify" visible="true" version="1">
    <nd ref="3255"/>
    <nd ref="4011"/>
    <nd ref="4012"/>
    <nd ref="4013"/>
    <nd ref="3061"/>
  </way>
  <way id="4018" action="modify" visible="true" version="1">
    <nd ref="3258"/>
    <nd ref="4014"/>
    <nd ref="4015"/>
    <nd ref="4016"/>
    <nd ref="3066"/>
  </way>
  <way id="4022" action="modify" visible="true" version="1">
    <nd ref="1071"/>
    <nd ref="4020"/>
    <nd ref="1252"/>
  </way>
  <way id="4023" action="modify" visible="true" version="1">
    <nd ref="1079"/>
    <nd ref="4021"/>
    <nd ref="1257"/>
    <tag k="type" v="line_thin"/>
    <tag k="subtype" v="solid"/>
  </way>
  <way id="4033" action="modify" visible="true" version="1">
    <nd ref="1066"/>
    <nd ref="4025"/>
    <nd ref="4026"/>
    <nd ref="4027"/>
    <nd ref="4028"/>
    <nd ref="987"/>
  </way>
  <way id="4034" action="modify" visible="true" version="1">
    <nd ref="1071"/>
    <nd ref="4029"/>
    <nd ref="4030"/>
    <nd ref="4031"/>
    <nd ref="4032"/>
    <nd ref="990"/>
    <tag k="type" v="line_thin"/>
    <tag k="subtype" v="dashed"/>
  </way>
  <way id="4040" action="modify" visible="true" version="1">
    <nd ref="1079"/>
    <nd ref="4036"/>
    <nd ref="4037"/>
    <nd ref="4038"/>
    <nd ref="4039"/>
    <nd ref="996"/>
    <tag k="type" v="line_thin"/>
    <tag k="subtype" v="dashed"/>
  </way>
  <way id="4048" action="modify" visible="true" version="1">
    <nd ref="1066"/>
    <nd ref="4042"/>
    <nd ref="4043"/>
    <nd ref="4044"/>
    <nd ref="3507"/>
  </way>
  <way id="4049" action="modify" visible="true" version="1">
    <nd ref="1071"/>
    <nd ref="4045"/>
    <nd ref="4046"/>
    <nd ref="4047"/>
    <nd ref="3513"/>
  </way>
  <way id="4053" action="modify" visible="true" version="1">
    <nd ref="1529"/>
    <nd ref="4051"/>
    <nd ref="3066"/>
  </way>
  <way id="4054" action="modify" visible="true" version="1">
    <nd ref="1537"/>
    <nd ref="4052"/>
    <nd ref="3074"/>
    <tag k="type" v="line_thin"/>
    <tag k="subtype" v="solid"/>
  </way>
  <way id="4062" action="modify" visible="true" version="1">
    <nd ref="1514"/>
    <nd ref="4056"/>
    <nd ref="4057"/>
    <nd ref="4058"/>
    <nd ref="1243"/>
  </way>
  <way id="4063" action="modify" visible="true" version="1">
    <nd ref="1520"/>
    <nd ref="4059"/>
    <nd ref="4060"/>
    <nd ref="4061"/>
    <nd ref="1246"/>
    <tag k="type" v="line_thin"/>
    <tag k="subtype" v="dashed"/>
  </way>
  <way id="4068" action="modify" visible="true" version="1">
    <nd ref="1529"/>
    <nd ref="4065"/>
    <nd ref="4066"/>
    <nd ref="4067"/>
    <nd ref="1252"/>
    <tag k="type" v="line_thin"/>
    <tag k="subtype" v="dashed"/>
  </way>
  <way id="4073" action="modify" visible="true" version="1">
    <nd ref="1537"/>
    <nd ref="4070"/>
    <nd ref="4071"/>
    <nd ref="4072"/>
    <nd ref="1257"/>
    <tag k="type" v="line_thin"/>
    <tag k="subtype" v="dashed"/>
  </way>
  <way id="4081" action="modify" visible="true" version="1">
    <nd ref="1514"/>
    <nd ref="4075"/>
    <nd ref="4076"/>
    <nd ref="4077"/>
    <nd ref="987"/>
  </way>
  <way id="4082" action="modify" visible="true" version="1">
    <nd ref="1520"/>
    <nd ref="4078"/>
    <nd ref="4079"/>
    <nd ref="4080"/>
    <nd ref="990"/>
  </way>
  <way id="4090" action="modify" visible="true" version="1">
    <nd ref="4084"/>
    <nd ref="4085"/>
    <nd ref="4086"/>
    <nd ref="214"/>
  </way>
  <way id="4091" action="modify" visible="true" version="1">
    <nd ref="4087"/>
    <nd ref="4088"/>
    <nd ref="4089"/>
    <nd ref="223"/>
    <tag k="type" v="line_thin"/>
    <tag k="subtype" v="solid"/>
  </way>
  <way id="4103" action="modify" visible="true" version="1">
    <nd ref="4093"/>
    <nd ref="4094"/>
    <nd ref="4095"/>
    <nd ref="4096"/>
    <nd ref="4097"/>
    <nd ref="3114"/>
  </way>
  <way id="4104" action="modify" visible="true" version="1">
    <nd ref="4098"/>
    <nd ref="4099"/>
    <nd ref="4100"/>
    <nd ref="4101"/>
    <nd ref="4102"/>
    <nd ref="3117"/>
    <tag k="type" v="line_thin"/>
    <tag k="subtype" v="dashed"/>
  </way>
  <way id="4111" action="modify" visible="true" version="1">
    <nd ref="4106"/>
    <nd ref="4107"/>
    <nd ref="4108"/>
    <nd ref="4109"/>
    <nd ref="4110"/>
    <nd ref="3123"/>
    <tag k="type" v="line_thin"/>
    <tag k="subtype" v="dashed"/>
  </way>
  <way id="4117" action="modify" visible="true" version="1">
    <nd ref="4087"/>
    <nd ref="4113"/>
    <nd ref="4114"/>
    <nd ref="4115"/>
    <nd ref="4116"/>
    <nd ref="3128"/>
    <tag k="type" v="line_thin"/>
    <tag k="subtype" v="dashed"/>
  </way>
  <way id="4127" action="modify" visible="true" version="1">
    <nd ref="4093"/>
    <nd ref="4119"/>
    <nd ref="4120"/>
    <nd ref="4121"/>
    <nd ref="4122"/>
    <nd ref="741"/>
  </way>
  <way id="4128" action="modify" visible="true" version="1">
    <nd ref="4098"/>
    <nd ref="4123"/>
    <nd ref="4124"/>
    <nd ref="4125"/>
    <nd ref="4126"/>
    <nd ref="745"/>
  </way>
  <way id="4134" action="modify" visible="true" version="1">
    <nd ref="2236"/>
    <nd ref="4130"/>
    <nd ref="4131"/>
    <nd ref="1105"/>
  </way>
  <way id="4135" action="modify" visible="true" version="1">
    <nd ref="2243"/>
    <nd ref="4132"/>
    <nd ref="4133"/>
    <nd ref="1110"/>
    <tag k="type" v="line_thin"/>
    <tag k="subtype" v="solid"/>
  </way>
  <way id="4147" action="modify" visible="true" version="1">
    <nd ref="2228"/>
    <nd ref="4137"/>
    <nd ref="4138"/>
    <nd ref="4139"/>
    <nd ref="4140"/>
    <nd ref="4141"/>
    <nd ref="208"/>
  </way>
  <way id="4148" action="modify" visible="true" version="1">
    <nd ref="2236"/>
    <nd ref="4142"/>
    <nd ref="4143"/>
    <nd ref="4144"/>
    <nd ref="4145"/>
    <nd ref="4146"/>
    <nd ref="214"/>
    <tag k="type" v="line_thin"/>
    <tag k="subtype" v="dashed"/>
  </way>
  <way id="4155" action="modify" visible="true" version="1">
    <nd ref="2243"/>
    <nd ref="4150"/>
    <nd ref="4151"/>
    <nd ref="4152"/>
    <nd ref="4153"/>
    <nd ref="4154"/>
    <nd ref="223"/>
    <tag k="type" v="line_thin"/>
    <tag k="subtype" v="dashed"/>
  </way>
  <way id="4165" action="modify" visible="true" version="1">
    <nd ref="2223"/>
    <nd ref="4157"/>
    <nd ref="4158"/>
    <nd ref="4159"/>
    <nd ref="4160"/>
    <nd ref="3114"/>
  </way>
  <way id="4166" action="modify" visible="true" version="1">
    <nd ref="2228"/>
    <nd ref="4161"/>
    <nd ref="4162"/>
    <nd ref="4163"/>
    <nd ref="4164"/>
    <nd ref="3117"/>
  </way>
  <way id="4170" action="modify" visible="true" version="1">
    <nd ref="1138"/>
    <nd ref="4168"/>
    <nd ref="752"/>
  </way>
  <way id="4171" action="modify" visible="true" version="1">
    <nd ref="1147"/>
    <nd ref="4169"/>
    <nd ref="758"/>
    <tag k="type" v="line_thin"/>
    <tag k="subtype" v="solid"/>
  </way>
  <way id="4183" action="modify" visible="true" version="1">
    <nd ref="1121"/>
    <nd ref="4173"/>
    <nd ref="4174"/>
    <nd ref="4175"/>
    <nd ref="4176"/>
    <nd ref="4177"/>
    <nd ref="1096"/>
  </way>
  <way id="4184" action="modify" visible="true" version="1">
    <nd ref="1128"/>
    <nd ref="4178"/>
    <nd ref="4179"/>
    <nd ref="4180"/>
    <nd ref="4181"/>
    <nd ref="4182"/>
    <nd ref="1099"/>
    <tag k="type" v="line_thin"/>
    <tag k="subtype" v="dashed"/>
  </way>
  <way id="4191" action="modify" visible="true" version="1">
    <nd ref="1138"/>
    <nd ref="4186"/>
    <nd ref="4187"/>
    <nd ref="4188"/>
    <nd ref="4189"/>
    <nd ref="4190"/>
    <nd ref="1105"/>
    <tag k="type" v="line_thin"/>
    <tag k="subtype" v="dashed"/>
  </way>
  <way id="4198" action="modify" visible="true" version="1">
    <nd ref="1147"/>
    <nd ref="4193"/>
    <nd ref="4194"/>
    <nd ref="4195"/>
    <nd ref="4196"/>
    <nd ref="4197"/>
    <nd ref="1110"/>
    <tag k="type" v="line_thin"/>
    <tag k="subtype" v="dashed"/>
  </way>
  <way id="4206" action="modify" visible="true" version="1">
    <nd ref="1121"/>
    <nd ref="4200"/>
    <nd ref="4201"/>
    <nd ref="4202"/>
    <nd ref="208"/>
  </way>
  <way id="4207" action="modify" visible="true" version="1">
    <nd ref="1128"/>
    <nd ref="4203"/>
    <nd ref="4204"/>
    <nd ref="4205"/>
    <nd ref="214"/>
  </way>
  <way id="4213" action="modify" visible="true" version="1">
    <nd ref="24"/>
    <nd ref="4209"/>
    <nd ref="4210"/>
    <nd ref="3123"/>
  </way>
  <way id="4214" action="modify" visible="true" version="1">
    <nd ref="32"/>
    <nd ref="4211"/>
    <nd ref="4212"/>
    <nd ref="3128"/>
    <tag k="type" v="line_thin"/>
    <tag k="subtype" v="solid"/>
  </way>
  <way id="4224" action="modify" visible="true" version="1">
    <nd ref="19"/>
    <nd ref="4216"/>
    <nd ref="4217"/>
    <nd ref="4218"/>
    <nd ref="4219"/>
    <nd ref="745"/>
  </way>
  <way id="4225" action="modify" visible="true" version="1">
    <nd ref="24"/>
    <nd ref="4220"/>
    <nd ref="4221"/>
    <nd ref="4222"/>
    <nd ref="4223"/>
    <nd ref="752"/>
    <tag k="type" v="line_thin"/>
    <tag k="subtype" v="dashed"/>
  </way>
  <way id="4231" action="modify" visible="true" version="1">
    <nd ref="32"/>
    <nd ref="4227"/>
    <nd ref="4228"/>
    <nd ref="4229"/>
    <nd ref="4230"/>
    <nd ref="758"/>
    <tag k="type" v="line_thin"/>
    <tag k="subtype" v="dashed"/>
  </way>
  <way id="4241" action="modify" visible="true" version="1">
    <nd ref="19"/>
    <nd ref="4233"/>
    <nd ref="4234"/>
    <nd ref="4235"/>
    <nd ref="4236"/>
    <nd ref="741"/>
  </way>
  <way id="4242" action="modify" visible="true" version="1">
    <nd ref="24"/>
    <nd ref="4237"/>
    <nd ref="4238"/>
    <nd ref="4239"/>
    <nd ref="4240"/>
    <nd ref="745"/>
    <tag k="type" v="line_thin"/>
    <tag k="subtype" v="dashed"/>
  </way>
  <way id="4250" action="modify" visible="true" version="1">
    <nd ref="19"/>
    <nd ref="4244"/>
    <nd ref="4245"/>
    <nd ref="4246"/>
    <nd ref="1096"/>
  </way>
  <way id="4251" action="modify" visible="true" version="1">
    <nd ref="24"/>
    <nd ref="4247"/>
    <nd ref="4248"/>
    <nd ref="4249"/>
    <nd ref="1099"/>
  </way>
  <way id="4255" action="modify" visible="true" version="1">
    <nd ref="3070"/>
    <nd ref="4253"/>
    <nd ref="2232"/>
  </way>
  <way id="4256" action="modify" visible="true" version="1">
    <nd ref="3078"/>
    <nd ref="4254"/>
    <nd ref="2239"/>
    <tag k="type" v="line_thin"/>
    <tag k="subtype" v="solid"/>
  </way>
  <way id="4266" action="modify" visible="true" version="1">
    <nd ref="3065"/>
    <nd ref="4258"/>
    <nd ref="4259"/>
    <nd ref="4260"/>
    <nd ref="4261"/>
    <nd ref="3002"/>
  </way>
  <way id="4267" action="modify" visible="true" version="1">
    <nd ref="3070"/>
    <nd ref="4262"/>
    <nd ref="4263"/>
    <nd ref="4264"/>
    <nd ref="4265"/>
    <nd ref="3005"/>
    <tag k="type" v="line_thin"/>
    <tag k="subtype" v="dashed"/>
  </way>
  <way id="4273" action="modify" visible="true" version="1">
    <nd ref="3078"/>
    <nd ref="4269"/>
    <nd ref="4270"/>
    <nd ref="4271"/>
    <nd ref="4272"/>
    <nd ref="3011"/>
    <tag k="type" v="line_thin"/>
    <tag k="subtype" v="dashed"/>
  </way>
  <way id="4281" action="modify" visible="true" version="1">
    <nd ref="3065"/>
    <nd ref="4275"/>
    <nd ref="4276"/>
    <nd ref="4277"/>
    <nd ref="1"/>
  </way>
  <way id="4282" action="modify" visible="true" version="1">
    <nd ref="3070"/>
    <nd ref="4278"/>
    <nd ref="4279"/>
    <nd ref="4280"/>
    <nd ref="4"/>
  </way>
  <way id="4286" action="modify" visible="true" version="1">
    <nd ref="149"/>
    <nd ref="4284"/>
    <nd ref="1067"/>
  </way>
  <way id="4287" action="modify" visible="true" version="1">
    <nd ref="155"/>
    <nd ref="4285"/>
    <nd ref="1075"/>
    <tag k="type" v="line_thin"/>
    <tag k="subtype" v="solid"/>
  </way>
  <way id="4295" action="modify" visible="true" version="1">
    <nd ref="146"/>
    <nd ref="4289"/>
    <nd ref="4290"/>
    <nd ref="4291"/>
    <nd ref="2219"/>
  </way>
  <way id="4296" action="modify" visible="true" version="1">
    <nd ref="149"/>
    <nd ref="4292"/>
    <nd ref="4293"/>
    <nd ref="4294"/>
    <nd ref="2224"/>
    <tag k="type" v="line_thin"/>
    <tag k="subtype" v="dashed"/>
  </way>
  <way id="4301" action="modify" visible="true" version="1">
    <nd ref="155"/>
    <nd ref="4298"/>
    <nd ref="4299"/>
    <nd ref="4300"/>
    <nd ref="2232"/>
    <tag k="type" v="line_thin"/>
    <tag k="subtype" v="dashed"/>
  </way>
  <way id="4309" action="modify" visible="true" version="1">
    <nd ref="146"/>
    <nd ref="4303"/>
    <nd ref="4304"/>
    <nd ref="4305"/>
    <nd ref="3002"/>
  </way>
  <way id="4310" action="modify" visible="true" version="1">
    <nd ref="149"/>
    <nd ref="4306"/>
    <nd ref="4307"/>
    <nd ref="4308"/>
    <nd ref="3005"/>
  </way>
  <way id="4314" action="modify" visible="true" version="1">
    <nd ref="1040"/>
    <nd ref="4312"/>
    <nd ref="4"/>
  </way>
  <way id="4315" action="modify" visible="true" version="1">
    <nd ref="1045"/>
    <nd ref="4313"/>
    <nd ref="10"/>
    <tag k="type" v="line_thin"/>
    <tag k="subtype" v="solid"/>
  </way>
  <way id="4325" action="modify" visible="true" version="1">
    <nd ref="1038"/>
    <nd ref="4317"/>
    <nd ref="4318"/>
    <nd ref="4319"/>
    <nd ref="4320"/>
    <nd ref="1062"/>
  </way>
  <way id="4326" action="modify" visible="true" version="1">
    <nd ref="1040"/>
    <nd ref="4321"/>
    <nd ref="4322"/>
    <nd ref="4323"/>
    <nd ref="4324"/>
    <nd ref="1067"/>
    <tag k="type" v="line_thin"/>
    <tag k="subtype" v="dashed"/>
  </way>
  <way id="4332" action="modify" visible="true" version="1">
    <nd ref="1045"/>
    <nd ref="4328"/>
    <nd ref="4329"/>
    <nd ref="4330"/>
    <nd ref="4331"/>
    <nd ref="1075"/>
    <tag k="type" v="line_thin"/>
    <tag k="subtype" v="dashed"/>
  </way>
  <way id="4340" action="modify" visible="true" version="1">
    <nd ref="1038"/>
    <nd ref="4334"/>
    <nd ref="4335"/>
    <nd ref="4336"/>
    <nd ref="2219"/>
  </way>
  <way id="4341" action="modify" visible="true" version="1">
    <nd ref="1040"/>
    <nd ref="4337"/>
    <nd ref="4338"/>
    <nd ref="4339"/>
    <nd ref="2224"/>
  </way>
  <way id="4345" action="modify" visible="true" version="1">
    <nd ref="755"/>
    <nd ref="4343"/>
    <nd ref="3005"/>
  </way>
  <way id="4346" action="modify" visible="true" version="1">
    <nd ref="761"/>
    <nd ref="4344"/>
    <nd ref="3011"/>
    <tag k="type" v="line_thin"/>
    <tag k="subtype" v="solid"/>
  </way>
  <way id="4354" action="modify" visible="true" version="1">
    <nd ref="748"/>
    <nd ref="4348"/>
    <nd ref="4349"/>
    <nd ref="4350"/>
    <nd ref="1"/>
  </way>
  <way id="4355" action="modify" visible="true" version="1">
    <nd ref="755"/>
    <nd ref="4351"/>
    <nd ref="4352"/>
    <nd ref="4353"/>
    <nd ref="4"/>
    <tag k="type" v="line_thin"/>
    <tag k="subtype" v="dashed"/>
  </way>
  <way id="4360" action="modify" visible="true" version="1">
    <nd ref="761"/>
    <nd ref="4357"/>
    <nd ref="4358"/>
    <nd ref="4359"/>
    <nd ref="10"/>
    <tag k="type" v="line_thin"/>
    <tag k="subtype" v="dashed"/>
  </way>
  <way id="4368" action="modify" visible="true" version="1">
    <nd ref="744"/>
    <nd ref="4362"/>
    <nd ref="4363"/>
    <nd ref="4364"/>
    <nd ref="1062"/>
  </way>
  <way id="4369" action="modify" visible="true" version="1">
    <nd ref="748"/>
    <nd ref="4365"/>
    <nd ref="4366"/>
    <nd ref="4367"/>
    <nd ref="1067"/>
  </way>
  <way id="4373" action="modify" visible="true" version="1">
    <nd ref="989"/>
    <nd ref="4371"/>
    <nd ref="2671"/>
    <tag k="type" v="line_thin"/>
    <tag k="subtype" v="solid"/>
  </way>
  <way id="4374" action="modify" visible="true" version="1">
    <nd ref="992"/>
    <nd ref="4372"/>
    <nd ref="2722"/>
  </way>
  <way id="4382" action="modify" visible="true" version="1">
    <nd ref="3328"/>
    <nd ref="4376"/>
    <nd ref="4377"/>
    <nd ref="4378"/>
    <nd ref="3571"/>
  </way>
  <way id="4383" action="modify" visible="true" version="1">
    <nd ref="3385"/>
    <nd ref="4379"/>
    <nd ref="4380"/>
    <nd ref="4381"/>
    <nd ref="3584"/>
    <tag k="type" v="line_thin"/>
    <tag k="subtype" v="dashed"/>
  </way>
  <way id="4388" action="modify" visible="true" version="1">
    <nd ref="3445"/>
    <nd ref="4385"/>
    <nd ref="4386"/>
    <nd ref="4387"/>
    <nd ref="3600"/>
    <tag k="type" v="line_thin"/>
    <tag k="subtype" v="dashed"/>
  </way>
  <way id="4393" action="modify" visible="true" version="1">
    <nd ref="3504"/>
    <nd ref="4390"/>
    <nd ref="4391"/>
    <nd ref="4392"/>
    <nd ref="3615"/>
    <tag k="type" v="line_thin"/>
    <tag k="subtype" v="solid"/>
  </way>
  <way id="4403" action="modify" visible="true" version="1">
    <nd ref="3328"/>
    <nd ref="4395"/>
    <nd ref="4396"/>
    <nd ref="4397"/>
    <nd ref="4398"/>
    <nd ref="38"/>
  </way>
  <way id="4404" action="modify" visible="true" version="1">
    <nd ref="3385"/>
    <nd ref="4399"/>
    <nd ref="4400"/>
    <nd ref="4401"/>
    <nd ref="4402"/>
    <nd ref="44"/>
  </way>
  <way id="4412" action="modify" visible="true" version="1">
    <nd ref="3328"/>
    <nd ref="4406"/>
    <nd ref="4407"/>
    <nd ref="4408"/>
    <nd ref="35"/>
  </way>
  <way id="4413" action="modify" visible="true" version="1">
    <nd ref="3385"/>
    <nd ref="4409"/>
    <nd ref="4410"/>
    <nd ref="4411"/>
    <nd ref="38"/>
  </way>
  <way id="4417" action="modify" visible="true" version="1">
    <nd ref="236"/>
    <nd ref="4415"/>
    <nd ref="1385"/>
  </way>
  <way id="4418" action="modify" visible="true" version="1">
    <nd ref="242"/>
    <nd ref="4416"/>
    <nd ref="1447"/>
    <tag k="type" v="line_thin"/>
    <tag k="subtype" v="solid"/>
  </way>
  <way id="4428" action="modify" visible="true" version="1">
    <nd ref="233"/>
    <nd ref="4420"/>
    <nd ref="4421"/>
    <nd ref="4422"/>
    <nd ref="4423"/>
    <nd ref="3584"/>
  </way>
  <way id="4429" action="modify" visible="true" version="1">
    <nd ref="236"/>
    <nd ref="4424"/>
    <nd ref="4425"/>
    <nd ref="4426"/>
    <nd ref="4427"/>
    <nd ref="3600"/>
  </way>
  <way id="4437" action="modify" visible="true" version="1">
    <nd ref="233"/>
    <nd ref="4431"/>
    <nd ref="4432"/>
    <nd ref="4433"/>
    <nd ref="3571"/>
  </way>
  <way id="4438" action="modify" visible="true" version="1">
    <nd ref="236"/>
    <nd ref="4434"/>
    <nd ref="4435"/>
    <nd ref="4436"/>
    <nd ref="3584"/>
  </way>
  <way id="4442" action="modify" visible="true" version="1">
    <nd ref="233"/>
    <nd ref="4440"/>
    <nd ref="35"/>
    <tag k="type" v="line_thin"/>
    <tag k="subtype" v="solid"/>
  </way>
  <way id="4443" action="modify" visible="true" version="1">
    <nd ref="236"/>
    <nd ref="4441"/>
    <nd ref="38"/>
  </way>
  <way id="4447" action="modify" visible="true" version="1">
    <nd ref="1584"/>
    <nd ref="4445"/>
    <nd ref="38"/>
  </way>
  <way id="4448" action="modify" visible="true" version="1">
    <nd ref="1600"/>
    <nd ref="4446"/>
    <nd ref="44"/>
    <tag k="type" v="line_thin"/>
    <tag k="subtype" v="solid"/>
  </way>
  <way id="4456" action="modify" visible="true" version="1">
    <nd ref="1553"/>
    <nd ref="4450"/>
    <nd ref="4451"/>
    <nd ref="4452"/>
    <nd ref="1262"/>
  </way>
  <way id="4457" action="modify" visible="true" version="1">
    <nd ref="1567"/>
    <nd ref="4453"/>
    <nd ref="4454"/>
    <nd ref="4455"/>
    <nd ref="1322"/>
    <tag k="type" v="line_thin"/>
    <tag k="subtype" v="dashed"/>
  </way>
  <way id="4462" action="modify" visible="true" version="1">
    <nd ref="1584"/>
    <nd ref="4459"/>
    <nd ref="4460"/>
    <nd ref="4461"/>
    <nd ref="1385"/>
    <tag k="type" v="line_thin"/>
    <tag k="subtype" v="dashed"/>
  </way>
  <way id="4467" action="modify" visible="true" version="1">
    <nd ref="1600"/>
    <nd ref="4464"/>
    <nd ref="4465"/>
    <nd ref="4466"/>
    <nd ref="1447"/>
    <tag k="type" v="line_thin"/>
    <tag k="subtype" v="dashed"/>
  </way>
  <way id="4471" action="modify" visible="true" version="1">
    <nd ref="302"/>
    <nd ref="4469"/>
    <nd ref="133"/>
  </way>
  <way id="4472" action="modify" visible="true" version="1">
    <nd ref="321"/>
    <nd ref="4470"/>
    <nd ref="139"/>
    <tag k="type" v="line_thin"/>
    <tag k="subtype" v="solid"/>
  </way>
  <way id="4478" action="modify" visible="true" version="1">
    <nd ref="302"/>
    <nd ref="4474"/>
    <nd ref="4475"/>
    <nd ref="130"/>
  </way>
  <way id="4479" action="modify" visible="true" version="1">
    <nd ref="321"/>
    <nd ref="4476"/>
    <nd ref="4477"/>
    <nd ref="133"/>
  </way>
  <way id="4487" action="modify" visible="true" version="1">
    <nd ref="286"/>
    <nd ref="4481"/>
    <nd ref="4482"/>
    <nd ref="4483"/>
    <nd ref="1902"/>
  </way>
  <way id="4488" action="modify" visible="true" version="1">
    <nd ref="302"/>
    <nd ref="4484"/>
    <nd ref="4485"/>
    <nd ref="4486"/>
    <nd ref="1959"/>
  </way>
  <way id="4494" action="modify" visible="true" version="1">
    <nd ref="286"/>
    <nd ref="4490"/>
    <nd ref="4491"/>
    <nd ref="1848"/>
  </way>
  <way id="4495" action="modify" visible="true" version="1">
    <nd ref="302"/>
    <nd ref="4492"/>
    <nd ref="4493"/>
    <nd ref="1902"/>
  </way>
  <way id="4499" action="modify" visible="true" version="1">
    <nd ref="286"/>
    <nd ref="4497"/>
    <nd ref="1723"/>
    <tag k="type" v="line_thin"/>
    <tag k="subtype" v="solid"/>
  </way>
  <way id="4500" action="modify" visible="true" version="1">
    <nd ref="302"/>
    <nd ref="4498"/>
    <nd ref="1749"/>
  </way>
  <way id="4504" action="modify" visible="true" version="1">
    <nd ref="666"/>
    <nd ref="4502"/>
    <nd ref="1749"/>
  </way>
  <way id="4505" action="modify" visible="true" version="1">
    <nd ref="723"/>
    <nd ref="4503"/>
    <nd ref="1778"/>
    <tag k="type" v="line_thin"/>
    <tag k="subtype" v="solid"/>
  </way>
  <way id="4513" action="modify" visible="true" version="1">
    <nd ref="612"/>
    <nd ref="4507"/>
    <nd ref="4508"/>
    <nd ref="4509"/>
    <nd ref="130"/>
  </way>
  <way id="4514" action="modify" visible="true" version="1">
    <nd ref="666"/>
    <nd ref="4510"/>
    <nd ref="4511"/>
    <nd ref="4512"/>
    <nd ref="133"/>
    <tag k="type" v="line_thin"/>
    <tag k="subtype" v="dashed"/>
  </way>
  <way id="4519" action="modify" visible="true" version="1">
    <nd ref="723"/>
    <nd ref="4516"/>
    <nd ref="4517"/>
    <nd ref="4518"/>
    <nd ref="139"/>
    <tag k="type" v="line_thin"/>
    <tag k="subtype" v="dashed"/>
  </way>
  <way id="4527" action="modify" visible="true" version="1">
    <nd ref="1661"/>
    <nd ref="4521"/>
    <nd ref="4522"/>
    <nd ref="4523"/>
    <nd ref="1848"/>
  </way>
  <way id="4528" action="modify" visible="true" version="1">
    <nd ref="1664"/>
    <nd ref="4524"/>
    <nd ref="4525"/>
    <nd ref="4526"/>
    <nd ref="1902"/>
    <tag k="type" v="line_thin"/>
    <tag k="subtype" v="dashed"/>
  </way>
  <way id="4533" action="modify" visible="true" version="1">
    <nd ref="1670"/>
    <nd ref="4530"/>
    <nd ref="4531"/>
    <nd ref="4532"/>
    <nd ref="1959"/>
    <tag k="type" v="line_thin"/>
    <tag k="subtype" v="solid"/>
  </way>
  <way id="4539" action="modify" visible="true" version="1">
    <nd ref="1661"/>
    <nd ref="4535"/>
    <nd ref="4536"/>
    <nd ref="1723"/>
  </way>
  <way id="4540" action="modify" visible="true" version="1">
    <nd ref="1664"/>
    <nd ref="4537"/>
    <nd ref="4538"/>
    <nd ref="1749"/>
  </way>
  <way id="4554" action="modify" visible="true" version="1">
    <nd ref="4542"/>
    <nd ref="4543"/>
    <nd ref="4544"/>
    <nd ref="4545"/>
    <nd ref="4546"/>
    <nd ref="4547"/>
  </way>
  <way id="4555" action="modify" visible="true" version="1">
    <nd ref="4548"/>
    <nd ref="4549"/>
    <nd ref="4550"/>
    <nd ref="4551"/>
    <nd ref="4552"/>
    <nd ref="4553"/>
    <tag k="type" v="line_thin"/>
    <tag k="subtype" v="solid"/>
  </way>
  <way id="4587" action="modify" visible="true" version="1">
    <nd ref="4542"/>
    <nd ref="4557"/>
    <nd ref="4558"/>
    <nd ref="4559"/>
    <nd ref="4560"/>
    <nd ref="4561"/>
    <nd ref="4562"/>
    <nd ref="4563"/>
    <nd ref="4564"/>
    <nd ref="4565"/>
    <nd ref="4566"/>
    <nd ref="4567"/>
    <nd ref="4568"/>
    <nd ref="4569"/>
    <nd ref="4570"/>
    <nd ref="4571"/>
    <nd ref="3527"/>
  </way>
  <way id="4588" action="modify" visible="true" version="1">
    <nd ref="4548"/>
    <nd ref="4572"/>
    <nd ref="4573"/>
    <nd ref="4574"/>
    <nd ref="4575"/>
    <nd ref="4576"/>
    <nd ref="4577"/>
    <nd ref="4578"/>
    <nd ref="4579"/>
    <nd ref="4580"/>
    <nd ref="4581"/>
    <nd ref="4582"/>
    <nd ref="4583"/>
    <nd ref="4584"/>
    <nd ref="4585"/>
    <nd ref="4586"/>
    <nd ref="3535"/>
  </way>
  <way id="4594" action="modify" visible="true" version="1">
    <nd ref="3049"/>
    <nd ref="4590"/>
    <nd ref="4591"/>
    <nd ref="3081"/>
  </way>
  <way id="4595" action="modify" visible="true" version="1">
    <nd ref="3052"/>
    <nd ref="4592"/>
    <nd ref="4593"/>
    <nd ref="3084"/>
    <tag k="type" v="line_thin"/>
    <tag k="subtype" v="dashed"/>
  </way>
  <way id="4599" action="modify" visible="true" version="1">
    <nd ref="3058"/>
    <nd ref="4597"/>
    <nd ref="4598"/>
    <nd ref="3090"/>
    <tag k="type" v="line_thin"/>
    <tag k="subtype" v="solid"/>
  </way>
  <way id="4605" action="modify" visible="true" version="1">
    <nd ref="3049"/>
    <nd ref="4601"/>
    <nd ref="4602"/>
    <nd ref="1686"/>
  </way>
  <way id="4606" action="modify" visible="true" version="1">
    <nd ref="3052"/>
    <nd ref="4603"/>
    <nd ref="4604"/>
    <nd ref="1691"/>
  </way>
  <way id="4612" action="modify" visible="true" version="1">
    <nd ref="4608"/>
    <nd ref="4609"/>
    <nd ref="1051"/>
  </way>
  <way id="4613" action="modify" visible="true" version="1">
    <nd ref="4610"/>
    <nd ref="4611"/>
    <nd ref="1057"/>
    <tag k="type" v="line_thin"/>
    <tag k="subtype" v="solid"/>
  </way>
  <way id="4619" action="modify" visible="true" version="1">
    <nd ref="4608"/>
    <nd ref="4615"/>
    <nd ref="4616"/>
    <nd ref="3081"/>
  </way>
  <way id="4620" action="modify" visible="true" version="1">
    <nd ref="4610"/>
    <nd ref="4617"/>
    <nd ref="4618"/>
    <nd ref="3084"/>
  </way>
  <way id="4624" action="modify" visible="true" version="1">
    <nd ref="1087"/>
    <nd ref="4622"/>
    <nd ref="1686"/>
  </way>
  <way id="4625" action="modify" visible="true" version="1">
    <nd ref="1093"/>
    <nd ref="4623"/>
    <nd ref="1691"/>
    <tag k="type" v="line_thin"/>
    <tag k="subtype" v="solid"/>
  </way>
  <way id="4631" action="modify" visible="true" version="1">
    <nd ref="1084"/>
    <nd ref="4627"/>
    <nd ref="4628"/>
    <nd ref="1048"/>
  </way>
  <way id="4632" action="modify" visible="true" version="1">
    <nd ref="1087"/>
    <nd ref="4629"/>
    <nd ref="4630"/>
    <nd ref="1051"/>
    <tag k="type" v="line_thin"/>
    <tag k="subtype" v="dashed"/>
  </way>
  <way id="4636" action="modify" visible="true" version="1">
    <nd ref="1093"/>
    <nd ref="4634"/>
    <nd ref="4635"/>
    <nd ref="1057"/>
    <tag k="type" v="line_thin"/>
    <tag k="subtype" v="dashed"/>
  </way>
  <way id="4640" action="modify" visible="true" version="1">
    <nd ref="1716"/>
    <nd ref="4638"/>
    <nd ref="93"/>
  </way>
  <way id="4641" action="modify" visible="true" version="1">
    <nd ref="1719"/>
    <nd ref="4639"/>
    <nd ref="112"/>
    <tag k="type" v="line_thin"/>
    <tag k="subtype" v="solid"/>
  </way>
  <way id="4647" action="modify" visible="true" version="1">
    <nd ref="1716"/>
    <nd ref="4643"/>
    <nd ref="4644"/>
    <nd ref="1659"/>
  </way>
  <way id="4648" action="modify" visible="true" version="1">
    <nd ref="1719"/>
    <nd ref="4645"/>
    <nd ref="4646"/>
    <nd ref="1662"/>
  </way>
  <way id="4652" action="modify" visible="true" version="1">
    <nd ref="1716"/>
    <nd ref="4650"/>
    <nd ref="182"/>
    <tag k="type" v="line_thin"/>
    <tag k="subtype" v="solid"/>
  </way>
  <way id="4653" action="modify" visible="true" version="1">
    <nd ref="1719"/>
    <nd ref="4651"/>
    <nd ref="190"/>
  </way>
  <way id="4657" action="modify" visible="true" version="1">
    <nd ref="135"/>
    <nd ref="4655"/>
    <nd ref="182"/>
  </way>
  <way id="4658" action="modify" visible="true" version="1">
    <nd ref="141"/>
    <nd ref="4656"/>
    <nd ref="190"/>
    <tag k="type" v="line_thin"/>
    <tag k="subtype" v="solid"/>
  </way>
  <way id="4664" action="modify" visible="true" version="1">
    <nd ref="132"/>
    <nd ref="4660"/>
    <nd ref="4661"/>
    <nd ref="77"/>
  </way>
  <way id="4665" action="modify" visible="true" version="1">
    <nd ref="135"/>
    <nd ref="4662"/>
    <nd ref="4663"/>
    <nd ref="93"/>
    <tag k="type" v="line_thin"/>
    <tag k="subtype" v="dashed"/>
  </way>
  <way id="4669" action="modify" visible="true" version="1">
    <nd ref="141"/>
    <nd ref="4667"/>
    <nd ref="4668"/>
    <nd ref="112"/>
    <tag k="type" v="line_thin"/>
    <tag k="subtype" v="dashed"/>
  </way>
  <way id="4673" action="modify" visible="true" version="1">
    <nd ref="132"/>
    <nd ref="4671"/>
    <nd ref="1659"/>
    <tag k="type" v="line_thin"/>
    <tag k="subtype" v="solid"/>
  </way>
  <way id="4674" action="modify" visible="true" version="1">
    <nd ref="135"/>
    <nd ref="4672"/>
    <nd ref="1662"/>
  </way>
  <way id="4680" action="modify" visible="true" version="1">
    <nd ref="1619"/>
    <nd ref="4676"/>
    <nd ref="4677"/>
    <nd ref="1659"/>
  </way>
  <way id="4681" action="modify" visible="true" version="1">
    <nd ref="1636"/>
    <nd ref="4678"/>
    <nd ref="4679"/>
    <nd ref="1662"/>
    <tag k="type" v="line_thin"/>
    <tag k="subtype" v="dashed"/>
  </way>
  <way id="4685" action="modify" visible="true" version="1">
    <nd ref="1656"/>
    <nd ref="4683"/>
    <nd ref="4684"/>
    <nd ref="1668"/>
    <tag k="type" v="line_thin"/>
    <tag k="subtype" v="solid"/>
  </way>
  <way id="4691" action="modify" visible="true" version="1">
    <nd ref="1619"/>
    <nd ref="4687"/>
    <nd ref="4688"/>
    <nd ref="182"/>
  </way>
  <way id="4692" action="modify" visible="true" version="1">
    <nd ref="1636"/>
    <nd ref="4689"/>
    <nd ref="4690"/>
    <nd ref="190"/>
  </way>
  <way id="4698" action="modify" visible="true" version="1">
    <nd ref="1619"/>
    <nd ref="4694"/>
    <nd ref="4695"/>
    <nd ref="77"/>
    <tag k="type" v="line_thin"/>
    <tag k="subtype" v="solid"/>
  </way>
  <way id="4699" action="modify" visible="true" version="1">
    <nd ref="1636"/>
    <nd ref="4696"/>
    <nd ref="4697"/>
    <nd ref="93"/>
  </way>
  <way id="4703" action="modify" visible="true" version="1">
    <nd ref="163"/>
    <nd ref="4701"/>
    <nd ref="173"/>
  </way>
  <way id="4704" action="modify" visible="true" version="1">
    <nd ref="169"/>
    <nd ref="4702"/>
    <nd ref="176"/>
    <tag k="type" v="line_thin"/>
    <tag k="subtype" v="solid"/>
  </way>
  <way id="4708" action="modify" visible="true" version="1">
    <nd ref="163"/>
    <nd ref="4706"/>
    <nd ref="1699"/>
  </way>
  <way id="4709" action="modify" visible="true" version="1">
    <nd ref="169"/>
    <nd ref="4707"/>
    <nd ref="1705"/>
  </way>
  <way id="4713" action="modify" visible="true" version="1">
    <nd ref="202"/>
    <nd ref="4711"/>
    <nd ref="1673"/>
  </way>
  <way id="4714" action="modify" visible="true" version="1">
    <nd ref="204"/>
    <nd ref="4712"/>
    <nd ref="1678"/>
    <tag k="type" v="line_thin"/>
    <tag k="subtype" v="solid"/>
  </way>
  <way id="4718" action="modify" visible="true" version="1">
    <nd ref="202"/>
    <nd ref="4716"/>
    <nd ref="173"/>
  </way>
  <way id="4719" action="modify" visible="true" version="1">
    <nd ref="204"/>
    <nd ref="4717"/>
    <nd ref="176"/>
  </way>
  <way id="4725" action="modify" visible="true" version="1">
    <nd ref="4721"/>
    <nd ref="4722"/>
    <nd ref="1699"/>
  </way>
  <way id="4726" action="modify" visible="true" version="1">
    <nd ref="4723"/>
    <nd ref="4724"/>
    <nd ref="1705"/>
    <tag k="type" v="line_thin"/>
    <tag k="subtype" v="solid"/>
  </way>
  <way id="4730" action="modify" visible="true" version="1">
    <nd ref="4721"/>
    <nd ref="4728"/>
    <nd ref="1673"/>
  </way>
  <way id="4731" action="modify" visible="true" version="1">
    <nd ref="4723"/>
    <nd ref="4729"/>
    <nd ref="1678"/>
  </way>
  <way id="4735" action="modify" visible="true" version="1">
    <nd ref="343"/>
    <nd ref="4733"/>
    <nd ref="369"/>
  </way>
  <way id="4736" action="modify" visible="true" version="1">
    <nd ref="349"/>
    <nd ref="4734"/>
    <nd ref="375"/>
    <tag k="type" v="line_thin"/>
    <tag k="subtype" v="solid"/>
  </way>
  <way id="4744" action="modify" visible="true" version="1">
    <nd ref="340"/>
    <nd ref="4738"/>
    <nd ref="4739"/>
    <nd ref="4740"/>
    <nd ref="245"/>
  </way>
  <way id="4745" action="modify" visible="true" version="1">
    <nd ref="343"/>
    <nd ref="4741"/>
    <nd ref="4742"/>
    <nd ref="4743"/>
    <nd ref="252"/>
    <tag k="type" v="line_thin"/>
    <tag k="subtype" v="dashed"/>
  </way>
  <way id="4750" action="modify" visible="true" version="1">
    <nd ref="349"/>
    <nd ref="4747"/>
    <nd ref="4748"/>
    <nd ref="4749"/>
    <nd ref="262"/>
    <tag k="type" v="line_thin"/>
    <tag k="subtype" v="dashed"/>
  </way>
  <way id="4758" action="modify" visible="true" version="1">
    <nd ref="1748"/>
    <nd ref="4752"/>
    <nd ref="4753"/>
    <nd ref="4754"/>
    <nd ref="1820"/>
  </way>
  <way id="4759" action="modify" visible="true" version="1">
    <nd ref="1774"/>
    <nd ref="4755"/>
    <nd ref="4756"/>
    <nd ref="4757"/>
    <nd ref="1823"/>
    <tag k="type" v="line_thin"/>
    <tag k="subtype" v="dashed"/>
  </way>
  <way id="4764" action="modify" visible="true" version="1">
    <nd ref="1803"/>
    <nd ref="4761"/>
    <nd ref="4762"/>
    <nd ref="4763"/>
    <nd ref="1829"/>
    <tag k="type" v="line_thin"/>
    <tag k="subtype" v="solid"/>
  </way>
  <way id="4770" action="modify" visible="true" version="1">
    <nd ref="1748"/>
    <nd ref="4766"/>
    <nd ref="4767"/>
    <nd ref="366"/>
  </way>
  <way id="4771" action="modify" visible="true" version="1">
    <nd ref="1774"/>
    <nd ref="4768"/>
    <nd ref="4769"/>
    <nd ref="369"/>
  </way>
  <way id="4775" action="modify" visible="true" version="1">
    <nd ref="68"/>
    <nd ref="4773"/>
    <nd ref="252"/>
  </way>
  <way id="4776" action="modify" visible="true" version="1">
    <nd ref="74"/>
    <nd ref="4774"/>
    <nd ref="262"/>
    <tag k="type" v="line_thin"/>
    <tag k="subtype" v="solid"/>
  </way>
  <way id="4782" action="modify" visible="true" version="1">
    <nd ref="65"/>
    <nd ref="4778"/>
    <nd ref="4779"/>
    <nd ref="1820"/>
  </way>
  <way id="4783" action="modify" visible="true" version="1">
    <nd ref="68"/>
    <nd ref="4780"/>
    <nd ref="4781"/>
    <nd ref="1823"/>
  </way>
  <way id="4787" action="modify" visible="true" version="1">
    <nd ref="65"/>
    <nd ref="4785"/>
    <nd ref="366"/>
    <tag k="type" v="line_thin"/>
    <tag k="subtype" v="solid"/>
  </way>
  <way id="4788" action="modify" visible="true" version="1">
    <nd ref="68"/>
    <nd ref="4786"/>
    <nd ref="369"/>
  </way>
  <way id="4794" action="modify" visible="true" version="1">
    <nd ref="3156"/>
    <nd ref="4790"/>
    <nd ref="4791"/>
    <nd ref="2967"/>
  </way>
  <way id="4795" action="modify" visible="true" version="1">
    <nd ref="3165"/>
    <nd ref="4792"/>
    <nd ref="4793"/>
    <nd ref="2972"/>
    <tag k="type" v="line_thin"/>
    <tag k="subtype" v="solid"/>
  </way>
  <way id="4807" action="modify" visible="true" version="1">
    <nd ref="3139"/>
    <nd ref="4797"/>
    <nd ref="4798"/>
    <nd ref="4799"/>
    <nd ref="4800"/>
    <nd ref="4801"/>
    <nd ref="3168"/>
  </way>
  <way id="4808" action="modify" visible="true" version="1">
    <nd ref="3146"/>
    <nd ref="4802"/>
    <nd ref="4803"/>
    <nd ref="4804"/>
    <nd ref="4805"/>
    <nd ref="4806"/>
    <nd ref="3184"/>
    <tag k="type" v="line_thin"/>
    <tag k="subtype" v="dashed"/>
  </way>
  <way id="4815" action="modify" visible="true" version="1">
    <nd ref="3156"/>
    <nd ref="4810"/>
    <nd ref="4811"/>
    <nd ref="4812"/>
    <nd ref="4813"/>
    <nd ref="4814"/>
    <nd ref="3203"/>
    <tag k="type" v="line_thin"/>
    <tag k="subtype" v="dashed"/>
  </way>
  <way id="4822" action="modify" visible="true" version="1">
    <nd ref="3165"/>
    <nd ref="4817"/>
    <nd ref="4818"/>
    <nd ref="4819"/>
    <nd ref="4820"/>
    <nd ref="4821"/>
    <nd ref="3221"/>
    <tag k="type" v="line_thin"/>
    <tag k="subtype" v="dashed"/>
  </way>
  <way id="4832" action="modify" visible="true" version="1">
    <nd ref="3139"/>
    <nd ref="4824"/>
    <nd ref="4825"/>
    <nd ref="4826"/>
    <nd ref="4827"/>
    <nd ref="779"/>
  </way>
  <way id="4833" action="modify" visible="true" version="1">
    <nd ref="3146"/>
    <nd ref="4828"/>
    <nd ref="4829"/>
    <nd ref="4830"/>
    <nd ref="4831"/>
    <nd ref="821"/>
  </way>
  <way id="4837" action="modify" visible="true" version="1">
    <nd ref="2910"/>
    <nd ref="4835"/>
    <nd ref="1132"/>
  </way>
  <way id="4838" action="modify" visible="true" version="1">
    <nd ref="2955"/>
    <nd ref="4836"/>
    <nd ref="1141"/>
    <tag k="type" v="line_thin"/>
    <tag k="subtype" v="solid"/>
  </way>
  <way id="4850" action="modify" visible="true" version="1">
    <nd ref="2821"/>
    <nd ref="4840"/>
    <nd ref="4841"/>
    <nd ref="4842"/>
    <nd ref="4843"/>
    <nd ref="4844"/>
    <nd ref="2958"/>
  </way>
  <way id="4851" action="modify" visible="true" version="1">
    <nd ref="2864"/>
    <nd ref="4845"/>
    <nd ref="4846"/>
    <nd ref="4847"/>
    <nd ref="4848"/>
    <nd ref="4849"/>
    <nd ref="2961"/>
    <tag k="type" v="line_thin"/>
    <tag k="subtype" v="dashed"/>
  </way>
  <way id="4858" action="modify" visible="true" version="1">
    <nd ref="2910"/>
    <nd ref="4853"/>
    <nd ref="4854"/>
    <nd ref="4855"/>
    <nd ref="4856"/>
    <nd ref="4857"/>
    <nd ref="2967"/>
    <tag k="type" v="line_thin"/>
    <tag k="subtype" v="dashed"/>
  </way>
  <way id="4865" action="modify" visible="true" version="1">
    <nd ref="2955"/>
    <nd ref="4860"/>
    <nd ref="4861"/>
    <nd ref="4862"/>
    <nd ref="4863"/>
    <nd ref="4864"/>
    <nd ref="2972"/>
    <tag k="type" v="line_thin"/>
    <tag k="subtype" v="dashed"/>
  </way>
  <way id="4875" action="modify" visible="true" version="1">
    <nd ref="2821"/>
    <nd ref="4867"/>
    <nd ref="4868"/>
    <nd ref="4869"/>
    <nd ref="4870"/>
    <nd ref="3168"/>
  </way>
  <way id="4876" action="modify" visible="true" version="1">
    <nd ref="2864"/>
    <nd ref="4871"/>
    <nd ref="4872"/>
    <nd ref="4873"/>
    <nd ref="4874"/>
    <nd ref="3184"/>
  </way>
  <way id="4882" action="modify" visible="true" version="1">
    <nd ref="1206"/>
    <nd ref="4878"/>
    <nd ref="4879"/>
    <nd ref="866"/>
  </way>
  <way id="4883" action="modify" visible="true" version="1">
    <nd ref="1226"/>
    <nd ref="4880"/>
    <nd ref="4881"/>
    <nd ref="910"/>
    <tag k="type" v="line_thin"/>
    <tag k="subtype" v="solid"/>
  </way>
  <way id="4895" action="modify" visible="true" version="1">
    <nd ref="1167"/>
    <nd ref="4885"/>
    <nd ref="4886"/>
    <nd ref="4887"/>
    <nd ref="4888"/>
    <nd ref="4889"/>
    <nd ref="1115"/>
  </way>
  <way id="4896" action="modify" visible="true" version="1">
    <nd ref="1185"/>
    <nd ref="4890"/>
    <nd ref="4891"/>
    <nd ref="4892"/>
    <nd ref="4893"/>
    <nd ref="4894"/>
    <nd ref="1122"/>
    <tag k="type" v="line_thin"/>
    <tag k="subtype" v="dashed"/>
  </way>
  <way id="4903" action="modify" visible="true" version="1">
    <nd ref="1206"/>
    <nd ref="4898"/>
    <nd ref="4899"/>
    <nd ref="4900"/>
    <nd ref="4901"/>
    <nd ref="4902"/>
    <nd ref="1132"/>
    <tag k="type" v="line_thin"/>
    <tag k="subtype" v="dashed"/>
  </way>
  <way id="4910" action="modify" visible="true" version="1">
    <nd ref="1226"/>
    <nd ref="4905"/>
    <nd ref="4906"/>
    <nd ref="4907"/>
    <nd ref="4908"/>
    <nd ref="4909"/>
    <nd ref="1141"/>
    <tag k="type" v="line_thin"/>
    <tag k="subtype" v="dashed"/>
  </way>
  <way id="4920" action="modify" visible="true" version="1">
    <nd ref="1167"/>
    <nd ref="4912"/>
    <nd ref="4913"/>
    <nd ref="4914"/>
    <nd ref="4915"/>
    <nd ref="2958"/>
  </way>
  <way id="4921" action="modify" visible="true" version="1">
    <nd ref="1185"/>
    <nd ref="4916"/>
    <nd ref="4917"/>
    <nd ref="4918"/>
    <nd ref="4919"/>
    <nd ref="2961"/>
  </way>
  <way id="4927" action="modify" visible="true" version="1">
    <nd ref="965"/>
    <nd ref="4923"/>
    <nd ref="4924"/>
    <nd ref="3203"/>
  </way>
  <way id="4928" action="modify" visible="true" version="1">
    <nd ref="970"/>
    <nd ref="4925"/>
    <nd ref="4926"/>
    <nd ref="3221"/>
    <tag k="type" v="line_thin"/>
    <tag k="subtype" v="solid"/>
  </way>
  <way id="4940" action="modify" visible="true" version="1">
    <nd ref="956"/>
    <nd ref="4930"/>
    <nd ref="4931"/>
    <nd ref="4932"/>
    <nd ref="4933"/>
    <nd ref="4934"/>
    <nd ref="779"/>
  </way>
  <way id="4941" action="modify" visible="true" version="1">
    <nd ref="959"/>
    <nd ref="4935"/>
    <nd ref="4936"/>
    <nd ref="4937"/>
    <nd ref="4938"/>
    <nd ref="4939"/>
    <nd ref="821"/>
    <tag k="type" v="line_thin"/>
    <tag k="subtype" v="dashed"/>
  </way>
  <way id="4948" action="modify" visible="true" version="1">
    <nd ref="965"/>
    <nd ref="4943"/>
    <nd ref="4944"/>
    <nd ref="4945"/>
    <nd ref="4946"/>
    <nd ref="4947"/>
    <nd ref="866"/>
    <tag k="type" v="line_thin"/>
    <tag k="subtype" v="dashed"/>
  </way>
  <way id="4955" action="modify" visible="true" version="1">
    <nd ref="970"/>
    <nd ref="4950"/>
    <nd ref="4951"/>
    <nd ref="4952"/>
    <nd ref="4953"/>
    <nd ref="4954"/>
    <nd ref="910"/>
    <tag k="type" v="line_thin"/>
    <tag k="subtype" v="dashed"/>
  </way>
  <way id="4967" action="modify" visible="true" version="1">
    <nd ref="956"/>
    <nd ref="4957"/>
    <nd ref="4958"/>
    <nd ref="4959"/>
    <nd ref="4960"/>
    <nd ref="4961"/>
    <nd ref="1115"/>
  </way>
  <way id="4968" action="modify" visible="true" version="1">
    <nd ref="959"/>
    <nd ref="4962"/>
    <nd ref="4963"/>
    <nd ref="4964"/>
    <nd ref="4965"/>
    <nd ref="4966"/>
    <nd ref="1122"/>
  </way>
  <way id="4972" action="modify" visible="true" version="1">
    <nd ref="3244"/>
    <nd ref="4970"/>
    <nd ref="1571"/>
  </way>
  <way id="4973" action="modify" visible="true" version="1">
    <nd ref="3250"/>
    <nd ref="4971"/>
    <nd ref="1587"/>
    <tag k="type" v="line_thin"/>
    <tag k="subtype" v="solid"/>
  </way>
  <way id="4983" action="modify" visible="true" version="1">
    <nd ref="3241"/>
    <nd ref="4975"/>
    <nd ref="4976"/>
    <nd ref="4977"/>
    <nd ref="4978"/>
    <nd ref="957"/>
  </way>
  <way id="4984" action="modify" visible="true" version="1">
    <nd ref="3244"/>
    <nd ref="4979"/>
    <nd ref="4980"/>
    <nd ref="4981"/>
    <nd ref="4982"/>
    <nd ref="963"/>
  </way>
  <way id="4992" action="modify" visible="true" version="1">
    <nd ref="3241"/>
    <nd ref="4986"/>
    <nd ref="4987"/>
    <nd ref="4988"/>
    <nd ref="954"/>
  </way>
  <way id="4993" action="modify" visible="true" version="1">
    <nd ref="3244"/>
    <nd ref="4989"/>
    <nd ref="4990"/>
    <nd ref="4991"/>
    <nd ref="957"/>
  </way>
  <way id="4999" action="modify" visible="true" version="1">
    <nd ref="3241"/>
    <nd ref="4995"/>
    <nd ref="4996"/>
    <nd ref="1229"/>
    <tag k="type" v="line_thin"/>
    <tag k="subtype" v="solid"/>
  </way>
  <way id="5000" action="modify" visible="true" version="1">
    <nd ref="3244"/>
    <nd ref="4997"/>
    <nd ref="4998"/>
    <nd ref="1232"/>
  </way>
  <way id="5004" action="modify" visible="true" version="1">
    <nd ref="2969"/>
    <nd ref="5002"/>
    <nd ref="1232"/>
  </way>
  <way id="5005" action="modify" visible="true" version="1">
    <nd ref="2974"/>
    <nd ref="5003"/>
    <nd ref="1238"/>
    <tag k="type" v="line_thin"/>
    <tag k="subtype" v="solid"/>
  </way>
  <way id="5013" action="modify" visible="true" version="1">
    <nd ref="2960"/>
    <nd ref="5007"/>
    <nd ref="5008"/>
    <nd ref="5009"/>
    <nd ref="1540"/>
  </way>
  <way id="5014" action="modify" visible="true" version="1">
    <nd ref="2963"/>
    <nd ref="5010"/>
    <nd ref="5011"/>
    <nd ref="5012"/>
    <nd ref="1554"/>
    <tag k="type" v="line_thin"/>
    <tag k="subtype" v="dashed"/>
  </way>
  <way id="5019" action="modify" visible="true" version="1">
    <nd ref="2969"/>
    <nd ref="5016"/>
    <nd ref="5017"/>
    <nd ref="5018"/>
    <nd ref="1571"/>
    <tag k="type" v="line_thin"/>
    <tag k="subtype" v="dashed"/>
  </way>
  <way id="5024" action="modify" visible="true" version="1">
    <nd ref="2974"/>
    <nd ref="5021"/>
    <nd ref="5022"/>
    <nd ref="5023"/>
    <nd ref="1587"/>
    <tag k="type" v="line_thin"/>
    <tag k="subtype" v="dashed"/>
  </way>
  <way id="5032" action="modify" visible="true" version="1">
    <nd ref="3583"/>
    <nd ref="5026"/>
    <nd ref="5027"/>
    <nd ref="5028"/>
    <nd ref="954"/>
  </way>
  <way id="5033" action="modify" visible="true" version="1">
    <nd ref="3596"/>
    <nd ref="5029"/>
    <nd ref="5030"/>
    <nd ref="5031"/>
    <nd ref="957"/>
    <tag k="type" v="line_thin"/>
    <tag k="subtype" v="dashed"/>
  </way>
  <way id="5038" action="modify" visible="true" version="1">
    <nd ref="3612"/>
    <nd ref="5035"/>
    <nd ref="5036"/>
    <nd ref="5037"/>
    <nd ref="963"/>
    <tag k="type" v="line_thin"/>
    <tag k="subtype" v="dashed"/>
  </way>
  <way id="5043" action="modify" visible="true" version="1">
    <nd ref="3627"/>
    <nd ref="5040"/>
    <nd ref="5041"/>
    <nd ref="5042"/>
    <nd ref="968"/>
    <tag k="type" v="line_thin"/>
    <tag k="subtype" v="solid"/>
  </way>
  <way id="5053" action="modify" visible="true" version="1">
    <nd ref="3583"/>
    <nd ref="5045"/>
    <nd ref="5046"/>
    <nd ref="5047"/>
    <nd ref="5048"/>
    <nd ref="1232"/>
  </way>
  <way id="5054" action="modify" visible="true" version="1">
    <nd ref="3596"/>
    <nd ref="5049"/>
    <nd ref="5050"/>
    <nd ref="5051"/>
    <nd ref="5052"/>
    <nd ref="1238"/>
  </way>
  <way id="5062" action="modify" visible="true" version="1">
    <nd ref="3583"/>
    <nd ref="5056"/>
    <nd ref="5057"/>
    <nd ref="5058"/>
    <nd ref="1229"/>
  </way>
  <way id="5063" action="modify" visible="true" version="1">
    <nd ref="3596"/>
    <nd ref="5059"/>
    <nd ref="5060"/>
    <nd ref="5061"/>
    <nd ref="1232"/>
  </way>
  <way id="5069" action="modify" visible="true" version="1">
    <nd ref="5065"/>
    <nd ref="5066"/>
    <nd ref="2367"/>
  </way>
  <way id="5070" action="modify" visible="true" version="1">
    <nd ref="5067"/>
    <nd ref="5068"/>
    <nd ref="2383"/>
    <tag k="type" v="line_thin"/>
    <tag k="subtype" v="solid"/>
  </way>
  <way id="5074" action="modify" visible="true" version="1">
    <nd ref="5065"/>
    <nd ref="5072"/>
    <nd ref="3630"/>
  </way>
  <way id="5075" action="modify" visible="true" version="1">
    <nd ref="5067"/>
    <nd ref="5073"/>
    <nd ref="3633"/>
    <tag k="type" v="line_thin"/>
    <tag k="subtype" v="dashed"/>
  </way>
  <way id="5101" action="modify" visible="true" version="1">
    <nd ref="5065"/>
    <nd ref="5077"/>
    <nd ref="5078"/>
    <nd ref="5079"/>
    <nd ref="5080"/>
    <nd ref="5081"/>
    <nd ref="5082"/>
    <nd ref="5083"/>
    <nd ref="5084"/>
    <nd ref="5085"/>
    <nd ref="5086"/>
    <nd ref="5087"/>
    <nd ref="5088"/>
    <nd ref="764"/>
  </way>
  <way id="5102" action="modify" visible="true" version="1">
    <nd ref="5067"/>
    <nd ref="5089"/>
    <nd ref="5090"/>
    <nd ref="5091"/>
    <nd ref="5092"/>
    <nd ref="5093"/>
    <nd ref="5094"/>
    <nd ref="5095"/>
    <nd ref="5096"/>
    <nd ref="5097"/>
    <nd ref="5098"/>
    <nd ref="5099"/>
    <nd ref="5100"/>
    <nd ref="770"/>
  </way>
  <way id="5106" action="modify" visible="true" version="1">
    <nd ref="2354"/>
    <nd ref="5104"/>
    <nd ref="2367"/>
  </way>
  <way id="5107" action="modify" visible="true" version="1">
    <nd ref="2363"/>
    <nd ref="5105"/>
    <nd ref="2383"/>
    <tag k="type" v="line_thin"/>
    <tag k="subtype" v="solid"/>
  </way>
  <way id="5111" action="modify" visible="true" version="1">
    <nd ref="2354"/>
    <nd ref="5109"/>
    <nd ref="3630"/>
  </way>
  <way id="5112" action="modify" visible="true" version="1">
    <nd ref="2363"/>
    <nd ref="5110"/>
    <nd ref="3633"/>
  </way>
  <way id="5170" action="modify" visible="true" version="1">
    <nd ref="4547"/>
    <nd ref="5114"/>
    <nd ref="5115"/>
    <nd ref="5116"/>
    <nd ref="5117"/>
    <nd ref="5118"/>
    <nd ref="5119"/>
    <nd ref="5120"/>
    <nd ref="5121"/>
    <nd ref="5122"/>
    <nd ref="5123"/>
    <nd ref="5124"/>
    <nd ref="5125"/>
    <nd ref="5126"/>
    <nd ref="5127"/>
    <nd ref="5128"/>
    <nd ref="5129"/>
    <nd ref="5130"/>
    <nd ref="5131"/>
    <nd ref="5132"/>
    <nd ref="5133"/>
    <nd ref="5134"/>
    <nd ref="5135"/>
    <nd ref="5136"/>
    <nd ref="5137"/>
    <nd ref="5138"/>
    <nd ref="5139"/>
    <nd ref="5140"/>
    <nd ref="5141"/>
    <nd ref="2382"/>
  </way>
  <way id="5171" action="modify" visible="true" version="1">
    <nd ref="4553"/>
    <nd ref="5142"/>
    <nd ref="5143"/>
    <nd ref="5144"/>
    <nd ref="5145"/>
    <nd ref="5146"/>
    <nd ref="5147"/>
    <nd ref="5148"/>
    <nd ref="5149"/>
    <nd ref="5150"/>
    <nd ref="5151"/>
    <nd ref="5152"/>
    <nd ref="5153"/>
    <nd ref="5154"/>
    <nd ref="5155"/>
    <nd ref="5156"/>
    <nd ref="5157"/>
    <nd ref="5158"/>
    <nd ref="5159"/>
    <nd ref="5160"/>
    <nd ref="5161"/>
    <nd ref="5162"/>
    <nd ref="5163"/>
    <nd ref="5164"/>
    <nd ref="5165"/>
    <nd ref="5166"/>
    <nd ref="5167"/>
    <nd ref="5168"/>
    <nd ref="5169"/>
    <nd ref="2398"/>
    <tag k="type" v="line_thin"/>
    <tag k="subtype" v="solid"/>
  </way>
  <way id="5243" action="modify" visible="true" version="1">
    <nd ref="4547"/>
    <nd ref="5173"/>
    <nd ref="5174"/>
    <nd ref="5175"/>
    <nd ref="5176"/>
    <nd ref="5177"/>
    <nd ref="5178"/>
    <nd ref="5179"/>
    <nd ref="5180"/>
    <nd ref="5181"/>
    <nd ref="5182"/>
    <nd ref="5183"/>
    <nd ref="5184"/>
    <nd ref="5185"/>
    <nd ref="5186"/>
    <nd ref="5187"/>
    <nd ref="5188"/>
    <nd ref="5189"/>
    <nd ref="5190"/>
    <nd ref="5191"/>
    <nd ref="5192"/>
    <nd ref="5193"/>
    <nd ref="5194"/>
    <nd ref="5195"/>
    <nd ref="5196"/>
    <nd ref="5197"/>
    <nd ref="5198"/>
    <nd ref="5199"/>
    <nd ref="5200"/>
    <nd ref="5201"/>
    <nd ref="5202"/>
    <nd ref="5203"/>
    <nd ref="5204"/>
    <nd ref="5205"/>
    <nd ref="5206"/>
    <nd ref="5207"/>
    <nd ref="5065"/>
  </way>
  <way id="5244" action="modify" visible="true" version="1">
    <nd ref="4553"/>
    <nd ref="5208"/>
    <nd ref="5209"/>
    <nd ref="5210"/>
    <nd ref="5211"/>
    <nd ref="5212"/>
    <nd ref="5213"/>
    <nd ref="5214"/>
    <nd ref="5215"/>
    <nd ref="5216"/>
    <nd ref="5217"/>
    <nd ref="5218"/>
    <nd ref="5219"/>
    <nd ref="5220"/>
    <nd ref="5221"/>
    <nd ref="5222"/>
    <nd ref="5223"/>
    <nd ref="5224"/>
    <nd ref="5225"/>
    <nd ref="5226"/>
    <nd ref="5227"/>
    <nd ref="5228"/>
    <nd ref="5229"/>
    <nd ref="5230"/>
    <nd ref="5231"/>
    <nd ref="5232"/>
    <nd ref="5233"/>
    <nd ref="5234"/>
    <nd ref="5235"/>
    <nd ref="5236"/>
    <nd ref="5237"/>
    <nd ref="5238"/>
    <nd ref="5239"/>
    <nd ref="5240"/>
    <nd ref="5241"/>
    <nd ref="5242"/>
    <nd ref="5067"/>
  </way>
  <way id="5250" action="modify" visible="true" version="1">
    <nd ref="5246"/>
    <nd ref="5247"/>
    <nd ref="2346"/>
  </way>
  <way id="5251" action="modify" visible="true" version="1">
    <nd ref="5248"/>
    <nd ref="5249"/>
    <nd ref="2355"/>
    <tag k="type" v="line_thin"/>
    <tag k="subtype" v="solid"/>
  </way>
  <way id="5255" action="modify" visible="true" version="1">
    <nd ref="5246"/>
    <nd ref="5253"/>
    <nd ref="764"/>
  </way>
  <way id="5256" action="modify" visible="true" version="1">
    <nd ref="5248"/>
    <nd ref="5254"/>
    <nd ref="770"/>
  </way>
  <way id="5262" action="modify" visible="true" version="1">
    <nd ref="5258"/>
    <nd ref="5259"/>
    <nd ref="726"/>
  </way>
  <way id="5263" action="modify" visible="true" version="1">
    <nd ref="5260"/>
    <nd ref="5261"/>
    <nd ref="732"/>
    <tag k="type" v="line_thin"/>
    <tag k="subtype" v="solid"/>
  </way>
  <way id="5277" action="modify" visible="true" version="1">
    <nd ref="5258"/>
    <nd ref="5265"/>
    <nd ref="5266"/>
    <nd ref="5267"/>
    <nd ref="5268"/>
    <nd ref="5269"/>
    <nd ref="5270"/>
  </way>
  <way id="5278" action="modify" visible="true" version="1">
    <nd ref="5260"/>
    <nd ref="5271"/>
    <nd ref="5272"/>
    <nd ref="5273"/>
    <nd ref="5274"/>
    <nd ref="5275"/>
    <nd ref="5276"/>
  </way>
  <way id="5288" action="modify" visible="true" version="1">
    <nd ref="5280"/>
    <nd ref="5281"/>
    <nd ref="5282"/>
    <nd ref="5283"/>
    <nd ref="338"/>
  </way>
  <way id="5289" action="modify" visible="true" version="1">
    <nd ref="5284"/>
    <nd ref="5285"/>
    <nd ref="5286"/>
    <nd ref="5287"/>
    <nd ref="341"/>
    <tag k="type" v="line_thin"/>
    <tag k="subtype" v="dashed"/>
  </way>
  <way id="5295" action="modify" visible="true" version="1">
    <nd ref="5291"/>
    <nd ref="5292"/>
    <nd ref="5293"/>
    <nd ref="5294"/>
    <nd ref="347"/>
    <tag k="type" v="line_thin"/>
    <tag k="subtype" v="solid"/>
  </way>
  <way id="5303" action="modify" visible="true" version="1">
    <nd ref="5280"/>
    <nd ref="5297"/>
    <nd ref="5298"/>
    <nd ref="5299"/>
    <nd ref="976"/>
  </way>
  <way id="5304" action="modify" visible="true" version="1">
    <nd ref="5284"/>
    <nd ref="5300"/>
    <nd ref="5301"/>
    <nd ref="5302"/>
    <nd ref="982"/>
  </way>
  <way id="5310" action="modify" visible="true" version="1">
    <nd ref="5280"/>
    <nd ref="5306"/>
    <nd ref="5307"/>
    <nd ref="973"/>
  </way>
  <way id="5311" action="modify" visible="true" version="1">
    <nd ref="5284"/>
    <nd ref="5308"/>
    <nd ref="5309"/>
    <nd ref="976"/>
  </way>
  <way id="5315" action="modify" visible="true" version="1">
    <nd ref="2982"/>
    <nd ref="5313"/>
    <nd ref="1837"/>
  </way>
  <way id="5316" action="modify" visible="true" version="1">
    <nd ref="2988"/>
    <nd ref="5314"/>
    <nd ref="1843"/>
    <tag k="type" v="line_thin"/>
    <tag k="subtype" v="solid"/>
  </way>
  <way id="5322" action="modify" visible="true" version="1">
    <nd ref="2982"/>
    <nd ref="5318"/>
    <nd ref="5319"/>
    <nd ref="1834"/>
  </way>
  <way id="5323" action="modify" visible="true" version="1">
    <nd ref="2988"/>
    <nd ref="5320"/>
    <nd ref="5321"/>
    <nd ref="1837"/>
  </way>
  <way id="5331" action="modify" visible="true" version="1">
    <nd ref="2979"/>
    <nd ref="5325"/>
    <nd ref="5326"/>
    <nd ref="5327"/>
    <nd ref="341"/>
  </way>
  <way id="5332" action="modify" visible="true" version="1">
    <nd ref="2982"/>
    <nd ref="5328"/>
    <nd ref="5329"/>
    <nd ref="5330"/>
    <nd ref="347"/>
  </way>
  <way id="5338" action="modify" visible="true" version="1">
    <nd ref="2979"/>
    <nd ref="5334"/>
    <nd ref="5335"/>
    <nd ref="338"/>
  </way>
  <way id="5339" action="modify" visible="true" version="1">
    <nd ref="2982"/>
    <nd ref="5336"/>
    <nd ref="5337"/>
    <nd ref="341"/>
  </way>
  <way id="5343" action="modify" visible="true" version="1">
    <nd ref="1825"/>
    <nd ref="5341"/>
    <nd ref="976"/>
  </way>
  <way id="5344" action="modify" visible="true" version="1">
    <nd ref="1831"/>
    <nd ref="5342"/>
    <nd ref="982"/>
    <tag k="type" v="line_thin"/>
    <tag k="subtype" v="solid"/>
  </way>
  <way id="5348" action="modify" visible="true" version="1">
    <nd ref="1825"/>
    <nd ref="5346"/>
    <nd ref="973"/>
  </way>
  <way id="5349" action="modify" visible="true" version="1">
    <nd ref="1831"/>
    <nd ref="5347"/>
    <nd ref="976"/>
  </way>
  <way id="5357" action="modify" visible="true" version="1">
    <nd ref="1822"/>
    <nd ref="5351"/>
    <nd ref="5352"/>
    <nd ref="5353"/>
    <nd ref="1834"/>
  </way>
  <way id="5358" action="modify" visible="true" version="1">
    <nd ref="1825"/>
    <nd ref="5354"/>
    <nd ref="5355"/>
    <nd ref="5356"/>
    <nd ref="1837"/>
    <tag k="type" v="line_thin"/>
    <tag k="subtype" v="dashed"/>
  </way>
  <way id="5363" action="modify" visible="true" version="1">
    <nd ref="1831"/>
    <nd ref="5360"/>
    <nd ref="5361"/>
    <nd ref="5362"/>
    <nd ref="1843"/>
    <tag k="type" v="line_thin"/>
    <tag k="subtype" v="dashed"/>
  </way>
  <way id="5367" action="modify" visible="true" version="1">
    <nd ref="329"/>
    <nd ref="5365"/>
    <nd ref="147"/>
  </way>
  <way id="5368" action="modify" visible="true" version="1">
    <nd ref="335"/>
    <nd ref="5366"/>
    <nd ref="153"/>
    <tag k="type" v="line_thin"/>
    <tag k="subtype" v="solid"/>
  </way>
  <way id="5376" action="modify" visible="true" version="1">
    <nd ref="326"/>
    <nd ref="5370"/>
    <nd ref="5371"/>
    <nd ref="5372"/>
    <nd ref="352"/>
  </way>
  <way id="5377" action="modify" visible="true" version="1">
    <nd ref="329"/>
    <nd ref="5373"/>
    <nd ref="5374"/>
    <nd ref="5375"/>
    <nd ref="355"/>
    <tag k="type" v="line_thin"/>
    <tag k="subtype" v="dashed"/>
  </way>
  <way id="5382" action="modify" visible="true" version="1">
    <nd ref="335"/>
    <nd ref="5379"/>
    <nd ref="5380"/>
    <nd ref="5381"/>
    <nd ref="361"/>
    <tag k="type" v="line_thin"/>
    <tag k="subtype" v="dashed"/>
  </way>
  <way id="5386" action="modify" visible="true" version="1">
    <nd ref="326"/>
    <nd ref="5384"/>
    <nd ref="1806"/>
    <tag k="type" v="line_thin"/>
    <tag k="subtype" v="solid"/>
  </way>
  <way id="5387" action="modify" visible="true" version="1">
    <nd ref="329"/>
    <nd ref="5385"/>
    <nd ref="1809"/>
  </way>
  <way id="5395" action="modify" visible="true" version="1">
    <nd ref="1836"/>
    <nd ref="5389"/>
    <nd ref="5390"/>
    <nd ref="5391"/>
    <nd ref="1806"/>
  </way>
  <way id="5396" action="modify" visible="true" version="1">
    <nd ref="1839"/>
    <nd ref="5392"/>
    <nd ref="5393"/>
    <nd ref="5394"/>
    <nd ref="1809"/>
    <tag k="type" v="line_thin"/>
    <tag k="subtype" v="dashed"/>
  </way>
  <way id="5401" action="modify" visible="true" version="1">
    <nd ref="1845"/>
    <nd ref="5398"/>
    <nd ref="5399"/>
    <nd ref="5400"/>
    <nd ref="1815"/>
    <tag k="type" v="line_thin"/>
    <tag k="subtype" v="solid"/>
  </way>
  <way id="5409" action="modify" visible="true" version="1">
    <nd ref="1836"/>
    <nd ref="5403"/>
    <nd ref="5404"/>
    <nd ref="5405"/>
    <nd ref="144"/>
  </way>
  <way id="5410" action="modify" visible="true" version="1">
    <nd ref="1839"/>
    <nd ref="5406"/>
    <nd ref="5407"/>
    <nd ref="5408"/>
    <nd ref="147"/>
  </way>
  <way id="5414" action="modify" visible="true" version="1">
    <nd ref="1836"/>
    <nd ref="5412"/>
    <nd ref="352"/>
    <tag k="type" v="line_thin"/>
    <tag k="subtype" v="solid"/>
  </way>
  <way id="5415" action="modify" visible="true" version="1">
    <nd ref="1839"/>
    <nd ref="5413"/>
    <nd ref="355"/>
  </way>
  <way id="5419" action="modify" visible="true" version="1">
    <nd ref="6"/>
    <nd ref="5417"/>
    <nd ref="355"/>
  </way>
  <way id="5420" action="modify" visible="true" version="1">
    <nd ref="12"/>
    <nd ref="5418"/>
    <nd ref="361"/>
    <tag k="type" v="line_thin"/>
    <tag k="subtype" v="solid"/>
  </way>
  <way id="5428" action="modify" visible="true" version="1">
    <nd ref="3"/>
    <nd ref="5422"/>
    <nd ref="5423"/>
    <nd ref="5424"/>
    <nd ref="1806"/>
  </way>
  <way id="5429" action="modify" visible="true" version="1">
    <nd ref="6"/>
    <nd ref="5425"/>
    <nd ref="5426"/>
    <nd ref="5427"/>
    <nd ref="1809"/>
  </way>
  <way id="5433" action="modify" visible="true" version="1">
    <nd ref="3"/>
    <nd ref="5431"/>
    <nd ref="144"/>
    <tag k="type" v="line_thin"/>
    <tag k="subtype" v="solid"/>
  </way>
  <way id="5434" action="modify" visible="true" version="1">
    <nd ref="6"/>
    <nd ref="5432"/>
    <nd ref="147"/>
  </way>
  <way id="5440" action="modify" visible="true" version="1">
    <nd ref="2293"/>
    <nd ref="5436"/>
    <nd ref="5437"/>
    <nd ref="234"/>
  </way>
  <way id="5441" action="modify" visible="true" version="1">
    <nd ref="2320"/>
    <nd ref="5438"/>
    <nd ref="5439"/>
    <nd ref="240"/>
    <tag k="type" v="line_thin"/>
    <tag k="subtype" v="solid"/>
  </way>
  <way id="5449" action="modify" visible="true" version="1">
    <nd ref="2269"/>
    <nd ref="5443"/>
    <nd ref="5444"/>
    <nd ref="5445"/>
    <nd ref="3239"/>
  </way>
  <way id="5450" action="modify" visible="true" version="1">
    <nd ref="2293"/>
    <nd ref="5446"/>
    <nd ref="5447"/>
    <nd ref="5448"/>
    <nd ref="3242"/>
    <tag k="type" v="line_thin"/>
    <tag k="subtype" v="dashed"/>
  </way>
  <way id="5455" action="modify" visible="true" version="1">
    <nd ref="2320"/>
    <nd ref="5452"/>
    <nd ref="5453"/>
    <nd ref="5454"/>
    <nd ref="3248"/>
    <tag k="type" v="line_thin"/>
    <tag k="subtype" v="dashed"/>
  </way>
  <way id="5461" action="modify" visible="true" version="1">
    <nd ref="2269"/>
    <nd ref="5457"/>
    <nd ref="5458"/>
    <nd ref="15"/>
  </way>
  <way id="5462" action="modify" visible="true" version="1">
    <nd ref="2293"/>
    <nd ref="5459"/>
    <nd ref="5460"/>
    <nd ref="20"/>
  </way>
  <way id="5472" action="modify" visible="true" version="1">
    <nd ref="213"/>
    <nd ref="5464"/>
    <nd ref="5465"/>
    <nd ref="5466"/>
    <nd ref="5467"/>
    <nd ref="231"/>
  </way>
  <way id="5473" action="modify" visible="true" version="1">
    <nd ref="219"/>
    <nd ref="5468"/>
    <nd ref="5469"/>
    <nd ref="5470"/>
    <nd ref="5471"/>
    <nd ref="234"/>
    <tag k="type" v="line_thin"/>
    <tag k="subtype" v="dashed"/>
  </way>
  <way id="5479" action="modify" visible="true" version="1">
    <nd ref="228"/>
    <nd ref="5475"/>
    <nd ref="5476"/>
    <nd ref="5477"/>
    <nd ref="5478"/>
    <nd ref="240"/>
    <tag k="type" v="line_thin"/>
    <tag k="subtype" v="solid"/>
  </way>
  <way id="5487" action="modify" visible="true" version="1">
    <nd ref="213"/>
    <nd ref="5481"/>
    <nd ref="5482"/>
    <nd ref="5483"/>
    <nd ref="3239"/>
  </way>
  <way id="5488" action="modify" visible="true" version="1">
    <nd ref="219"/>
    <nd ref="5484"/>
    <nd ref="5485"/>
    <nd ref="5486"/>
    <nd ref="3242"/>
  </way>
  <way id="5492" action="modify" visible="true" version="1">
    <nd ref="1234"/>
    <nd ref="5490"/>
    <nd ref="20"/>
  </way>
  <way id="5493" action="modify" visible="true" version="1">
    <nd ref="1240"/>
    <nd ref="5491"/>
    <nd ref="28"/>
    <tag k="type" v="line_thin"/>
    <tag k="subtype" v="solid"/>
  </way>
  <way id="5501" action="modify" visible="true" version="1">
    <nd ref="1231"/>
    <nd ref="5495"/>
    <nd ref="5496"/>
    <nd ref="5497"/>
    <nd ref="231"/>
  </way>
  <way id="5502" action="modify" visible="true" version="1">
    <nd ref="1234"/>
    <nd ref="5498"/>
    <nd ref="5499"/>
    <nd ref="5500"/>
    <nd ref="234"/>
  </way>
  <way id="5506" action="modify" visible="true" version="1">
    <nd ref="40"/>
    <nd ref="5504"/>
    <nd ref="3242"/>
  </way>
  <way id="5507" action="modify" visible="true" version="1">
    <nd ref="46"/>
    <nd ref="5505"/>
    <nd ref="3248"/>
    <tag k="type" v="line_thin"/>
    <tag k="subtype" v="solid"/>
  </way>
  <way id="5513" action="modify" visible="true" version="1">
    <nd ref="40"/>
    <nd ref="5509"/>
    <nd ref="5510"/>
    <nd ref="3239"/>
  </way>
  <way id="5514" action="modify" visible="true" version="1">
    <nd ref="46"/>
    <nd ref="5511"/>
    <nd ref="5512"/>
    <nd ref="3242"/>
  </way>
  <way id="5522" action="modify" visible="true" version="1">
    <nd ref="37"/>
    <nd ref="5516"/>
    <nd ref="5517"/>
    <nd ref="5518"/>
    <nd ref="15"/>
  </way>
  <way id="5523" action="modify" visible="true" version="1">
    <nd ref="40"/>
    <nd ref="5519"/>
    <nd ref="5520"/>
    <nd ref="5521"/>
    <nd ref="20"/>
    <tag k="type" v="line_thin"/>
    <tag k="subtype" v="dashed"/>
  </way>
  <way id="5528" action="modify" visible="true" version="1">
    <nd ref="46"/>
    <nd ref="5525"/>
    <nd ref="5526"/>
    <nd ref="5527"/>
    <nd ref="28"/>
    <tag k="type" v="line_thin"/>
    <tag k="subtype" v="dashed"/>
  </way>
  <way id="5546" action="modify" visible="true" version="1">
    <nd ref="258"/>
    <nd ref="5530"/>
    <nd ref="5531"/>
    <nd ref="5532"/>
    <nd ref="5533"/>
    <nd ref="5534"/>
    <nd ref="5535"/>
    <nd ref="5536"/>
    <nd ref="5537"/>
    <nd ref="189"/>
  </way>
  <way id="5547" action="modify" visible="true" version="1">
    <nd ref="268"/>
    <nd ref="5538"/>
    <nd ref="5539"/>
    <nd ref="5540"/>
    <nd ref="5541"/>
    <nd ref="5542"/>
    <nd ref="5543"/>
    <nd ref="5544"/>
    <nd ref="5545"/>
    <nd ref="197"/>
    <tag k="type" v="line_thin"/>
    <tag k="subtype" v="solid"/>
  </way>
  <way id="5555" action="modify" visible="true" version="1">
    <nd ref="251"/>
    <nd ref="5549"/>
    <nd ref="5550"/>
    <nd ref="5551"/>
    <nd ref="271"/>
  </way>
  <way id="5556" action="modify" visible="true" version="1">
    <nd ref="258"/>
    <nd ref="5552"/>
    <nd ref="5553"/>
    <nd ref="5554"/>
    <nd ref="287"/>
    <tag k="type" v="line_thin"/>
    <tag k="subtype" v="dashed"/>
  </way>
  <way id="5561" action="modify" visible="true" version="1">
    <nd ref="268"/>
    <nd ref="5558"/>
    <nd ref="5559"/>
    <nd ref="5560"/>
    <nd ref="306"/>
    <tag k="type" v="line_thin"/>
    <tag k="subtype" v="dashed"/>
  </way>
  <way id="5571" action="modify" visible="true" version="1">
    <nd ref="5563"/>
    <nd ref="5564"/>
    <nd ref="5565"/>
    <nd ref="5566"/>
    <nd ref="287"/>
  </way>
  <way id="5572" action="modify" visible="true" version="1">
    <nd ref="5567"/>
    <nd ref="5568"/>
    <nd ref="5569"/>
    <nd ref="5570"/>
    <nd ref="306"/>
    <tag k="type" v="line_thin"/>
    <tag k="subtype" v="solid"/>
  </way>
  <way id="5582" action="modify" visible="true" version="1">
    <nd ref="5563"/>
    <nd ref="5574"/>
    <nd ref="5575"/>
    <nd ref="5576"/>
    <nd ref="5577"/>
    <nd ref="271"/>
  </way>
  <way id="5583" action="modify" visible="true" version="1">
    <nd ref="5567"/>
    <nd ref="5578"/>
    <nd ref="5579"/>
    <nd ref="5580"/>
    <nd ref="5581"/>
    <nd ref="287"/>
  </way>
  <way id="5589" action="modify" visible="true" version="1">
    <nd ref="3106"/>
    <nd ref="5585"/>
    <nd ref="5586"/>
    <nd ref="2270"/>
  </way>
  <way id="5590" action="modify" visible="true" version="1">
    <nd ref="3111"/>
    <nd ref="5587"/>
    <nd ref="5588"/>
    <nd ref="2297"/>
    <tag k="type" v="line_thin"/>
    <tag k="subtype" v="solid"/>
  </way>
  <way id="5596" action="modify" visible="true" version="1">
    <nd ref="3106"/>
    <nd ref="5592"/>
    <nd ref="5593"/>
    <nd ref="2246"/>
  </way>
  <way id="5597" action="modify" visible="true" version="1">
    <nd ref="3111"/>
    <nd ref="5594"/>
    <nd ref="5595"/>
    <nd ref="2270"/>
  </way>
  <way id="5607" action="modify" visible="true" version="1">
    <nd ref="3097"/>
    <nd ref="5599"/>
    <nd ref="5600"/>
    <nd ref="5601"/>
    <nd ref="5602"/>
    <nd ref="4093"/>
  </way>
  <way id="5608" action="modify" visible="true" version="1">
    <nd ref="3100"/>
    <nd ref="5603"/>
    <nd ref="5604"/>
    <nd ref="5605"/>
    <nd ref="5606"/>
    <nd ref="4098"/>
    <tag k="type" v="line_thin"/>
    <tag k="subtype" v="dashed"/>
  </way>
  <way id="5614" action="modify" visible="true" version="1">
    <nd ref="3106"/>
    <nd ref="5610"/>
    <nd ref="5611"/>
    <nd ref="5612"/>
    <nd ref="5613"/>
    <nd ref="4106"/>
    <tag k="type" v="line_thin"/>
    <tag k="subtype" v="dashed"/>
  </way>
  <way id="5620" action="modify" visible="true" version="1">
    <nd ref="3111"/>
    <nd ref="5616"/>
    <nd ref="5617"/>
    <nd ref="5618"/>
    <nd ref="5619"/>
    <nd ref="4087"/>
    <tag k="type" v="line_thin"/>
    <tag k="subtype" v="dashed"/>
  </way>
  <way id="5708" action="modify" visible="true" version="1">
    <nd ref="3125"/>
    <nd ref="5622"/>
    <nd ref="5623"/>
    <nd ref="5624"/>
    <nd ref="5625"/>
    <nd ref="5626"/>
    <nd ref="5627"/>
    <nd ref="5628"/>
    <nd ref="5629"/>
    <nd ref="5630"/>
    <nd ref="5631"/>
    <nd ref="5632"/>
    <nd ref="5633"/>
    <nd ref="5634"/>
    <nd ref="5635"/>
    <nd ref="5636"/>
    <nd ref="5637"/>
    <nd ref="5638"/>
    <nd ref="5639"/>
    <nd ref="5640"/>
    <nd ref="5641"/>
    <nd ref="5642"/>
    <nd ref="5643"/>
    <nd ref="5644"/>
    <nd ref="5645"/>
    <nd ref="5646"/>
    <nd ref="5647"/>
    <nd ref="5648"/>
    <nd ref="5649"/>
    <nd ref="5650"/>
    <nd ref="5651"/>
    <nd ref="5652"/>
    <nd ref="5653"/>
    <nd ref="5654"/>
    <nd ref="5655"/>
    <nd ref="5656"/>
    <nd ref="5657"/>
    <nd ref="5658"/>
    <nd ref="5659"/>
    <nd ref="5660"/>
    <nd ref="5661"/>
    <nd ref="5662"/>
    <nd ref="5663"/>
    <nd ref="5664"/>
    <nd ref="3150"/>
  </way>
  <way id="5709" action="modify" visible="true" version="1">
    <nd ref="3130"/>
    <nd ref="5665"/>
    <nd ref="5666"/>
    <nd ref="5667"/>
    <nd ref="5668"/>
    <nd ref="5669"/>
    <nd ref="5670"/>
    <nd ref="5671"/>
    <nd ref="5672"/>
    <nd ref="5673"/>
    <nd ref="5674"/>
    <nd ref="5675"/>
    <nd ref="5676"/>
    <nd ref="5677"/>
    <nd ref="5678"/>
    <nd ref="5679"/>
    <nd ref="5680"/>
    <nd ref="5681"/>
    <nd ref="5682"/>
    <nd ref="5683"/>
    <nd ref="5684"/>
    <nd ref="5685"/>
    <nd ref="5686"/>
    <nd ref="5687"/>
    <nd ref="5688"/>
    <nd ref="5689"/>
    <nd ref="5690"/>
    <nd ref="5691"/>
    <nd ref="5692"/>
    <nd ref="5693"/>
    <nd ref="5694"/>
    <nd ref="5695"/>
    <nd ref="5696"/>
    <nd ref="5697"/>
    <nd ref="5698"/>
    <nd ref="5699"/>
    <nd ref="5700"/>
    <nd ref="5701"/>
    <nd ref="5702"/>
    <nd ref="5703"/>
    <nd ref="5704"/>
    <nd ref="5705"/>
    <nd ref="5706"/>
    <nd ref="5707"/>
    <nd ref="3159"/>
    <tag k="type" v="line_thin"/>
    <tag k="subtype" v="solid"/>
  </way>
  <way id="5721" action="modify" visible="true" version="1">
    <nd ref="3116"/>
    <nd ref="5711"/>
    <nd ref="5712"/>
    <nd ref="5713"/>
    <nd ref="5714"/>
    <nd ref="5715"/>
    <nd ref="3133"/>
  </way>
  <way id="5722" action="modify" visible="true" version="1">
    <nd ref="3119"/>
    <nd ref="5716"/>
    <nd ref="5717"/>
    <nd ref="5718"/>
    <nd ref="5719"/>
    <nd ref="5720"/>
    <nd ref="3140"/>
    <tag k="type" v="line_thin"/>
    <tag k="subtype" v="dashed"/>
  </way>
  <way id="5729" action="modify" visible="true" version="1">
    <nd ref="3125"/>
    <nd ref="5724"/>
    <nd ref="5725"/>
    <nd ref="5726"/>
    <nd ref="5727"/>
    <nd ref="5728"/>
    <nd ref="3150"/>
    <tag k="type" v="line_thin"/>
    <tag k="subtype" v="dashed"/>
  </way>
  <way id="5736" action="modify" visible="true" version="1">
    <nd ref="3130"/>
    <nd ref="5731"/>
    <nd ref="5732"/>
    <nd ref="5733"/>
    <nd ref="5734"/>
    <nd ref="5735"/>
    <nd ref="3159"/>
    <tag k="type" v="line_thin"/>
    <tag k="subtype" v="dashed"/>
  </way>
  <way id="5744" action="modify" visible="true" version="1">
    <nd ref="5738"/>
    <nd ref="5739"/>
    <nd ref="5740"/>
    <nd ref="66"/>
  </way>
  <way id="5745" action="modify" visible="true" version="1">
    <nd ref="5741"/>
    <nd ref="5742"/>
    <nd ref="5743"/>
    <nd ref="72"/>
    <tag k="type" v="line_thin"/>
    <tag k="subtype" v="solid"/>
  </way>
  <way id="5751" action="modify" visible="true" version="1">
    <nd ref="5738"/>
    <nd ref="5747"/>
    <nd ref="5748"/>
    <nd ref="158"/>
    <tag k="type" v="line_thin"/>
    <tag k="subtype" v="solid"/>
  </way>
  <way id="5752" action="modify" visible="true" version="1">
    <nd ref="5741"/>
    <nd ref="5749"/>
    <nd ref="5750"/>
    <nd ref="164"/>
  </way>
  <way id="5758" action="modify" visible="true" version="1">
    <nd ref="54"/>
    <nd ref="5754"/>
    <nd ref="5755"/>
    <nd ref="158"/>
  </way>
  <way id="5759" action="modify" visible="true" version="1">
    <nd ref="60"/>
    <nd ref="5756"/>
    <nd ref="5757"/>
    <nd ref="164"/>
    <tag k="type" v="line_thin"/>
    <tag k="subtype" v="solid"/>
  </way>
  <way id="5767" action="modify" visible="true" version="1">
    <nd ref="51"/>
    <nd ref="5761"/>
    <nd ref="5762"/>
    <nd ref="5763"/>
    <nd ref="63"/>
  </way>
  <way id="5768" action="modify" visible="true" version="1">
    <nd ref="54"/>
    <nd ref="5764"/>
    <nd ref="5765"/>
    <nd ref="5766"/>
    <nd ref="66"/>
    <tag k="type" v="line_thin"/>
    <tag k="subtype" v="dashed"/>
  </way>
  <way id="5773" action="modify" visible="true" version="1">
    <nd ref="60"/>
    <nd ref="5770"/>
    <nd ref="5771"/>
    <nd ref="5772"/>
    <nd ref="72"/>
    <tag k="type" v="line_thin"/>
    <tag k="subtype" v="dashed"/>
  </way>
  <way id="5781" action="modify" visible="true" version="1">
    <nd ref="175"/>
    <nd ref="5775"/>
    <nd ref="5776"/>
    <nd ref="5777"/>
    <nd ref="4608"/>
  </way>
  <way id="5782" action="modify" visible="true" version="1">
    <nd ref="178"/>
    <nd ref="5778"/>
    <nd ref="5779"/>
    <nd ref="5780"/>
    <nd ref="4610"/>
    <tag k="type" v="line_thin"/>
    <tag k="subtype" v="solid"/>
  </way>
  <way id="5786" action="modify" visible="true" version="1">
    <nd ref="175"/>
    <nd ref="5784"/>
    <nd ref="2323"/>
  </way>
  <way id="5787" action="modify" visible="true" version="1">
    <nd ref="178"/>
    <nd ref="5785"/>
    <nd ref="2333"/>
  </way>
  <way id="5793" action="modify" visible="true" version="1">
    <nd ref="1690"/>
    <nd ref="5789"/>
    <nd ref="5790"/>
    <nd ref="2323"/>
  </way>
  <way id="5794" action="modify" visible="true" version="1">
    <nd ref="1695"/>
    <nd ref="5791"/>
    <nd ref="5792"/>
    <nd ref="2333"/>
    <tag k="type" v="line_thin"/>
    <tag k="subtype" v="solid"/>
  </way>
  <way id="5808" action="modify" visible="true" version="1">
    <nd ref="1690"/>
    <nd ref="5796"/>
    <nd ref="5797"/>
    <nd ref="5798"/>
    <nd ref="5799"/>
    <nd ref="5800"/>
    <nd ref="5801"/>
    <nd ref="4721"/>
  </way>
  <way id="5809" action="modify" visible="true" version="1">
    <nd ref="1695"/>
    <nd ref="5802"/>
    <nd ref="5803"/>
    <nd ref="5804"/>
    <nd ref="5805"/>
    <nd ref="5806"/>
    <nd ref="5807"/>
    <nd ref="4723"/>
    <tag k="type" v="line_thin"/>
    <tag k="subtype" v="dashed"/>
  </way>
  <way id="5819" action="modify" visible="true" version="1">
    <nd ref="2076"/>
    <nd ref="5811"/>
    <nd ref="5812"/>
    <nd ref="5813"/>
    <nd ref="5814"/>
    <nd ref="3256"/>
  </way>
  <way id="5820" action="modify" visible="true" version="1">
    <nd ref="2138"/>
    <nd ref="5815"/>
    <nd ref="5816"/>
    <nd ref="5817"/>
    <nd ref="5818"/>
    <nd ref="3262"/>
    <tag k="type" v="line_thin"/>
    <tag k="subtype" v="dashed"/>
  </way>
  <way id="5826" action="modify" visible="true" version="1">
    <nd ref="2203"/>
    <nd ref="5822"/>
    <nd ref="5823"/>
    <nd ref="5824"/>
    <nd ref="5825"/>
    <nd ref="3267"/>
    <tag k="type" v="line_thin"/>
    <tag k="subtype" v="solid"/>
  </way>
  <way id="5836" action="modify" visible="true" version="1">
    <nd ref="2076"/>
    <nd ref="5828"/>
    <nd ref="5829"/>
    <nd ref="5830"/>
    <nd ref="5831"/>
    <nd ref="3253"/>
  </way>
  <way id="5837" action="modify" visible="true" version="1">
    <nd ref="2138"/>
    <nd ref="5832"/>
    <nd ref="5833"/>
    <nd ref="5834"/>
    <nd ref="5835"/>
    <nd ref="3256"/>
    <tag k="type" v="line_thin"/>
    <tag k="subtype" v="dashed"/>
  </way>
  <way id="5849" action="modify" visible="true" version="1">
    <nd ref="2076"/>
    <nd ref="5839"/>
    <nd ref="5840"/>
    <nd ref="5841"/>
    <nd ref="5842"/>
    <nd ref="5843"/>
    <nd ref="327"/>
  </way>
  <way id="5850" action="modify" visible="true" version="1">
    <nd ref="2138"/>
    <nd ref="5844"/>
    <nd ref="5845"/>
    <nd ref="5846"/>
    <nd ref="5847"/>
    <nd ref="5848"/>
    <nd ref="333"/>
  </way>
  <way id="5860" action="modify" visible="true" version="1">
    <nd ref="2076"/>
    <nd ref="5852"/>
    <nd ref="5853"/>
    <nd ref="5854"/>
    <nd ref="5855"/>
    <nd ref="324"/>
  </way>
  <way id="5861" action="modify" visible="true" version="1">
    <nd ref="2138"/>
    <nd ref="5856"/>
    <nd ref="5857"/>
    <nd ref="5858"/>
    <nd ref="5859"/>
    <nd ref="327"/>
  </way>
  <way id="5869" action="modify" visible="true" version="1">
    <nd ref="1811"/>
    <nd ref="5863"/>
    <nd ref="5864"/>
    <nd ref="5865"/>
    <nd ref="438"/>
  </way>
  <way id="5870" action="modify" visible="true" version="1">
    <nd ref="1817"/>
    <nd ref="5866"/>
    <nd ref="5867"/>
    <nd ref="5868"/>
    <nd ref="499"/>
    <tag k="type" v="line_thin"/>
    <tag k="subtype" v="solid"/>
  </way>
  <way id="5882" action="modify" visible="true" version="1">
    <nd ref="1808"/>
    <nd ref="5872"/>
    <nd ref="5873"/>
    <nd ref="5874"/>
    <nd ref="5875"/>
    <nd ref="5876"/>
    <nd ref="3256"/>
  </way>
  <way id="5883" action="modify" visible="true" version="1">
    <nd ref="1811"/>
    <nd ref="5877"/>
    <nd ref="5878"/>
    <nd ref="5879"/>
    <nd ref="5880"/>
    <nd ref="5881"/>
    <nd ref="3262"/>
  </way>
  <way id="5893" action="modify" visible="true" version="1">
    <nd ref="1808"/>
    <nd ref="5885"/>
    <nd ref="5886"/>
    <nd ref="5887"/>
    <nd ref="5888"/>
    <nd ref="3253"/>
  </way>
  <way id="5894" action="modify" visible="true" version="1">
    <nd ref="1811"/>
    <nd ref="5889"/>
    <nd ref="5890"/>
    <nd ref="5891"/>
    <nd ref="5892"/>
    <nd ref="3256"/>
  </way>
  <way id="5900" action="modify" visible="true" version="1">
    <nd ref="1254"/>
    <nd ref="5896"/>
    <nd ref="5897"/>
    <nd ref="327"/>
  </way>
  <way id="5901" action="modify" visible="true" version="1">
    <nd ref="1259"/>
    <nd ref="5898"/>
    <nd ref="5899"/>
    <nd ref="333"/>
    <tag k="type" v="line_thin"/>
    <tag k="subtype" v="solid"/>
  </way>
  <way id="5911" action="modify" visible="true" version="1">
    <nd ref="1245"/>
    <nd ref="5903"/>
    <nd ref="5904"/>
    <nd ref="5905"/>
    <nd ref="5906"/>
    <nd ref="380"/>
  </way>
  <way id="5912" action="modify" visible="true" version="1">
    <nd ref="1248"/>
    <nd ref="5907"/>
    <nd ref="5908"/>
    <nd ref="5909"/>
    <nd ref="5910"/>
    <nd ref="438"/>
    <tag k="type" v="line_thin"/>
    <tag k="subtype" v="dashed"/>
  </way>
  <way id="5918" action="modify" visible="true" version="1">
    <nd ref="1254"/>
    <nd ref="5914"/>
    <nd ref="5915"/>
    <nd ref="5916"/>
    <nd ref="5917"/>
    <nd ref="499"/>
    <tag k="type" v="line_thin"/>
    <tag k="subtype" v="dashed"/>
  </way>
  <way id="5942" action="modify" visible="true" version="1">
    <nd ref="1677"/>
    <nd ref="5920"/>
    <nd ref="5921"/>
    <nd ref="5922"/>
    <nd ref="5923"/>
    <nd ref="5924"/>
    <nd ref="5925"/>
    <nd ref="5926"/>
    <nd ref="5927"/>
    <nd ref="5928"/>
    <nd ref="5929"/>
    <nd ref="5930"/>
    <nd ref="5563"/>
  </way>
  <way id="5943" action="modify" visible="true" version="1">
    <nd ref="1682"/>
    <nd ref="5931"/>
    <nd ref="5932"/>
    <nd ref="5933"/>
    <nd ref="5934"/>
    <nd ref="5935"/>
    <nd ref="5936"/>
    <nd ref="5937"/>
    <nd ref="5938"/>
    <nd ref="5939"/>
    <nd ref="5940"/>
    <nd ref="5941"/>
    <nd ref="5567"/>
    <tag k="type" v="line_thin"/>
    <tag k="subtype" v="solid"/>
  </way>
  <way id="5951" action="modify" visible="true" version="1">
    <nd ref="1677"/>
    <nd ref="5945"/>
    <nd ref="5946"/>
    <nd ref="5947"/>
    <nd ref="5738"/>
  </way>
  <way id="5952" action="modify" visible="true" version="1">
    <nd ref="1682"/>
    <nd ref="5948"/>
    <nd ref="5949"/>
    <nd ref="5950"/>
    <nd ref="5741"/>
    <tag k="type" v="line_thin"/>
    <tag k="subtype" v="dashed"/>
  </way>
  <way id="5958" action="modify" visible="true" version="1">
    <nd ref="3564"/>
    <nd ref="5954"/>
    <nd ref="5955"/>
    <nd ref="2467"/>
  </way>
  <way id="5959" action="modify" visible="true" version="1">
    <nd ref="3568"/>
    <nd ref="5956"/>
    <nd ref="5957"/>
    <nd ref="2520"/>
    <tag k="type" v="line_thin"/>
    <tag k="subtype" v="solid"/>
  </way>
  <way id="5967" action="modify" visible="true" version="1">
    <nd ref="3564"/>
    <nd ref="5961"/>
    <nd ref="5962"/>
    <nd ref="5963"/>
    <nd ref="2417"/>
  </way>
  <way id="5968" action="modify" visible="true" version="1">
    <nd ref="3568"/>
    <nd ref="5964"/>
    <nd ref="5965"/>
    <nd ref="5966"/>
    <nd ref="2467"/>
  </way>
  <way id="5978" action="modify" visible="true" version="1">
    <nd ref="3555"/>
    <nd ref="5970"/>
    <nd ref="5971"/>
    <nd ref="5972"/>
    <nd ref="5973"/>
    <nd ref="3639"/>
  </way>
  <way id="5979" action="modify" visible="true" version="1">
    <nd ref="3558"/>
    <nd ref="5974"/>
    <nd ref="5975"/>
    <nd ref="5976"/>
    <nd ref="5977"/>
    <nd ref="3644"/>
    <tag k="type" v="line_thin"/>
    <tag k="subtype" v="dashed"/>
  </way>
  <way id="5985" action="modify" visible="true" version="1">
    <nd ref="3564"/>
    <nd ref="5981"/>
    <nd ref="5982"/>
    <nd ref="5983"/>
    <nd ref="5984"/>
    <nd ref="3652"/>
    <tag k="type" v="line_thin"/>
    <tag k="subtype" v="dashed"/>
  </way>
  <way id="5991" action="modify" visible="true" version="1">
    <nd ref="3568"/>
    <nd ref="5987"/>
    <nd ref="5988"/>
    <nd ref="5989"/>
    <nd ref="5990"/>
    <nd ref="3659"/>
    <tag k="type" v="line_thin"/>
    <tag k="subtype" v="dashed"/>
  </way>
  <way id="6001" action="modify" visible="true" version="1">
    <nd ref="357"/>
    <nd ref="5993"/>
    <nd ref="5994"/>
    <nd ref="5995"/>
    <nd ref="5996"/>
    <nd ref="5258"/>
  </way>
  <way id="6002" action="modify" visible="true" version="1">
    <nd ref="363"/>
    <nd ref="5997"/>
    <nd ref="5998"/>
    <nd ref="5999"/>
    <nd ref="6000"/>
    <nd ref="5260"/>
    <tag k="type" v="line_thin"/>
    <tag k="subtype" v="solid"/>
  </way>
  <way id="6012" action="modify" visible="true" version="1">
    <nd ref="354"/>
    <nd ref="6004"/>
    <nd ref="6005"/>
    <nd ref="6006"/>
    <nd ref="6007"/>
    <nd ref="5280"/>
  </way>
  <way id="6013" action="modify" visible="true" version="1">
    <nd ref="357"/>
    <nd ref="6008"/>
    <nd ref="6009"/>
    <nd ref="6010"/>
    <nd ref="6011"/>
    <nd ref="5284"/>
    <tag k="type" v="line_thin"/>
    <tag k="subtype" v="dashed"/>
  </way>
  <way id="6019" action="modify" visible="true" version="1">
    <nd ref="363"/>
    <nd ref="6015"/>
    <nd ref="6016"/>
    <nd ref="6017"/>
    <nd ref="6018"/>
    <nd ref="5291"/>
    <tag k="type" v="line_thin"/>
    <tag k="subtype" v="dashed"/>
  </way>
  <way id="6027" action="modify" visible="true" version="1">
    <nd ref="495"/>
    <nd ref="6021"/>
    <nd ref="6022"/>
    <nd ref="6023"/>
    <nd ref="2980"/>
  </way>
  <way id="6028" action="modify" visible="true" version="1">
    <nd ref="556"/>
    <nd ref="6024"/>
    <nd ref="6025"/>
    <nd ref="6026"/>
    <nd ref="2986"/>
    <tag k="type" v="line_thin"/>
    <tag k="subtype" v="solid"/>
  </way>
  <way id="6038" action="modify" visible="true" version="1">
    <nd ref="437"/>
    <nd ref="6030"/>
    <nd ref="6031"/>
    <nd ref="6032"/>
    <nd ref="6033"/>
    <nd ref="559"/>
  </way>
  <way id="6039" action="modify" visible="true" version="1">
    <nd ref="495"/>
    <nd ref="6034"/>
    <nd ref="6035"/>
    <nd ref="6036"/>
    <nd ref="6037"/>
    <nd ref="613"/>
    <tag k="type" v="line_thin"/>
    <tag k="subtype" v="dashed"/>
  </way>
  <way id="6045" action="modify" visible="true" version="1">
    <nd ref="556"/>
    <nd ref="6041"/>
    <nd ref="6042"/>
    <nd ref="6043"/>
    <nd ref="6044"/>
    <nd ref="670"/>
    <tag k="type" v="line_thin"/>
    <tag k="subtype" v="dashed"/>
  </way>
  <way id="6055" action="modify" visible="true" version="1">
    <nd ref="1901"/>
    <nd ref="6047"/>
    <nd ref="6048"/>
    <nd ref="6049"/>
    <nd ref="6050"/>
    <nd ref="2015"/>
  </way>
  <way id="6056" action="modify" visible="true" version="1">
    <nd ref="1955"/>
    <nd ref="6051"/>
    <nd ref="6052"/>
    <nd ref="6053"/>
    <nd ref="6054"/>
    <nd ref="2077"/>
    <tag k="type" v="line_thin"/>
    <tag k="subtype" v="dashed"/>
  </way>
  <way id="6062" action="modify" visible="true" version="1">
    <nd ref="2012"/>
    <nd ref="6058"/>
    <nd ref="6059"/>
    <nd ref="6060"/>
    <nd ref="6061"/>
    <nd ref="2142"/>
    <tag k="type" v="line_thin"/>
    <tag k="subtype" v="solid"/>
  </way>
  <way id="6074" action="modify" visible="true" version="1">
    <nd ref="1901"/>
    <nd ref="6064"/>
    <nd ref="6065"/>
    <nd ref="6066"/>
    <nd ref="6067"/>
    <nd ref="6068"/>
    <nd ref="2980"/>
  </way>
  <way id="6075" action="modify" visible="true" version="1">
    <nd ref="1955"/>
    <nd ref="6069"/>
    <nd ref="6070"/>
    <nd ref="6071"/>
    <nd ref="6072"/>
    <nd ref="6073"/>
    <nd ref="2986"/>
  </way>
  <way id="6085" action="modify" visible="true" version="1">
    <nd ref="1901"/>
    <nd ref="6077"/>
    <nd ref="6078"/>
    <nd ref="6079"/>
    <nd ref="6080"/>
    <nd ref="2977"/>
  </way>
  <way id="6086" action="modify" visible="true" version="1">
    <nd ref="1955"/>
    <nd ref="6081"/>
    <nd ref="6082"/>
    <nd ref="6083"/>
    <nd ref="6084"/>
    <nd ref="2980"/>
  </way>
  <way id="6092" action="modify" visible="true" version="1">
    <nd ref="978"/>
    <nd ref="6088"/>
    <nd ref="6089"/>
    <nd ref="613"/>
  </way>
  <way id="6093" action="modify" visible="true" version="1">
    <nd ref="984"/>
    <nd ref="6090"/>
    <nd ref="6091"/>
    <nd ref="670"/>
    <tag k="type" v="line_thin"/>
    <tag k="subtype" v="solid"/>
  </way>
  <way id="6103" action="modify" visible="true" version="1">
    <nd ref="975"/>
    <nd ref="6095"/>
    <nd ref="6096"/>
    <nd ref="6097"/>
    <nd ref="6098"/>
    <nd ref="2077"/>
  </way>
  <way id="6104" action="modify" visible="true" version="1">
    <nd ref="978"/>
    <nd ref="6099"/>
    <nd ref="6100"/>
    <nd ref="6101"/>
    <nd ref="6102"/>
    <nd ref="2142"/>
  </way>
  <way id="6114" action="modify" visible="true" version="1">
    <nd ref="975"/>
    <nd ref="6106"/>
    <nd ref="6107"/>
    <nd ref="6108"/>
    <nd ref="6109"/>
    <nd ref="2015"/>
  </way>
  <way id="6115" action="modify" visible="true" version="1">
    <nd ref="978"/>
    <nd ref="6110"/>
    <nd ref="6111"/>
    <nd ref="6112"/>
    <nd ref="6113"/>
    <nd ref="2077"/>
  </way>
  <way id="6121" action="modify" visible="true" version="1">
    <nd ref="3632"/>
    <nd ref="6117"/>
    <nd ref="6118"/>
    <nd ref="2516"/>
  </way>
  <way id="6122" action="modify" visible="true" version="1">
    <nd ref="3635"/>
    <nd ref="6119"/>
    <nd ref="6120"/>
    <nd ref="2569"/>
    <tag k="type" v="line_thin"/>
    <tag k="subtype" v="solid"/>
  </way>
  <way id="6130" action="modify" visible="true" version="1">
    <nd ref="3632"/>
    <nd ref="6124"/>
    <nd ref="6125"/>
    <nd ref="6126"/>
    <nd ref="2466"/>
  </way>
  <way id="6131" action="modify" visible="true" version="1">
    <nd ref="3635"/>
    <nd ref="6127"/>
    <nd ref="6128"/>
    <nd ref="6129"/>
    <nd ref="2516"/>
  </way>
  <way id="6147" action="modify" visible="true" version="1">
    <nd ref="6133"/>
    <nd ref="6134"/>
    <nd ref="6135"/>
    <nd ref="6136"/>
    <nd ref="6137"/>
    <nd ref="6138"/>
    <nd ref="6139"/>
    <nd ref="2346"/>
  </way>
  <way id="6148" action="modify" visible="true" version="1">
    <nd ref="6140"/>
    <nd ref="6141"/>
    <nd ref="6142"/>
    <nd ref="6143"/>
    <nd ref="6144"/>
    <nd ref="6145"/>
    <nd ref="6146"/>
    <nd ref="2355"/>
    <tag k="type" v="line_thin"/>
    <tag k="subtype" v="solid"/>
  </way>
  <way id="6158" action="modify" visible="true" version="1">
    <nd ref="6150"/>
    <nd ref="6151"/>
    <nd ref="6152"/>
    <nd ref="6153"/>
    <nd ref="3553"/>
  </way>
  <way id="6159" action="modify" visible="true" version="1">
    <nd ref="6154"/>
    <nd ref="6155"/>
    <nd ref="6156"/>
    <nd ref="6157"/>
    <nd ref="3556"/>
    <tag k="type" v="line_thin"/>
    <tag k="subtype" v="dashed"/>
  </way>
  <way id="6165" action="modify" visible="true" version="1">
    <nd ref="6161"/>
    <nd ref="6162"/>
    <nd ref="6163"/>
    <nd ref="6164"/>
    <nd ref="3562"/>
    <tag k="type" v="line_thin"/>
    <tag k="subtype" v="dashed"/>
  </way>
  <way id="6170" action="modify" visible="true" version="1">
    <nd ref="6140"/>
    <nd ref="6167"/>
    <nd ref="6168"/>
    <nd ref="6169"/>
    <nd ref="775"/>
    <tag k="type" v="line_thin"/>
    <tag k="subtype" v="dashed"/>
  </way>
  <way id="6188" action="modify" visible="true" version="1">
    <nd ref="3546"/>
    <nd ref="6172"/>
    <nd ref="6173"/>
    <nd ref="6174"/>
    <nd ref="6175"/>
    <nd ref="6176"/>
    <nd ref="6177"/>
    <nd ref="6178"/>
    <nd ref="6179"/>
    <nd ref="5246"/>
  </way>
  <way id="6189" action="modify" visible="true" version="1">
    <nd ref="3550"/>
    <nd ref="6180"/>
    <nd ref="6181"/>
    <nd ref="6182"/>
    <nd ref="6183"/>
    <nd ref="6184"/>
    <nd ref="6185"/>
    <nd ref="6186"/>
    <nd ref="6187"/>
    <nd ref="5248"/>
    <tag k="type" v="line_thin"/>
    <tag k="subtype" v="solid"/>
  </way>
  <way id="6199" action="modify" visible="true" version="1">
    <nd ref="3539"/>
    <nd ref="6191"/>
    <nd ref="6192"/>
    <nd ref="6193"/>
    <nd ref="6194"/>
    <nd ref="6150"/>
  </way>
  <way id="6200" action="modify" visible="true" version="1">
    <nd ref="3541"/>
    <nd ref="6195"/>
    <nd ref="6196"/>
    <nd ref="6197"/>
    <nd ref="6198"/>
    <nd ref="6154"/>
    <tag k="type" v="line_thin"/>
    <tag k="subtype" v="dashed"/>
  </way>
  <way id="6206" action="modify" visible="true" version="1">
    <nd ref="3546"/>
    <nd ref="6202"/>
    <nd ref="6203"/>
    <nd ref="6204"/>
    <nd ref="6205"/>
    <nd ref="6161"/>
    <tag k="type" v="line_thin"/>
    <tag k="subtype" v="dashed"/>
  </way>
  <way id="6212" action="modify" visible="true" version="1">
    <nd ref="3550"/>
    <nd ref="6208"/>
    <nd ref="6209"/>
    <nd ref="6210"/>
    <nd ref="6211"/>
    <nd ref="6140"/>
    <tag k="type" v="line_thin"/>
    <tag k="subtype" v="dashed"/>
  </way>
  <way id="6262" action="modify" visible="true" version="1">
    <nd ref="2994"/>
    <nd ref="6214"/>
    <nd ref="6215"/>
    <nd ref="6216"/>
    <nd ref="6217"/>
    <nd ref="6218"/>
    <nd ref="6219"/>
    <nd ref="6220"/>
    <nd ref="6221"/>
    <nd ref="6222"/>
    <nd ref="6223"/>
    <nd ref="6224"/>
    <nd ref="6225"/>
    <nd ref="6226"/>
    <nd ref="6227"/>
    <nd ref="6228"/>
    <nd ref="6229"/>
    <nd ref="6230"/>
    <nd ref="6231"/>
    <nd ref="6232"/>
    <nd ref="6233"/>
    <nd ref="6234"/>
    <nd ref="6235"/>
    <nd ref="6236"/>
    <nd ref="6237"/>
    <nd ref="4542"/>
  </way>
  <way id="6263" action="modify" visible="true" version="1">
    <nd ref="2999"/>
    <nd ref="6238"/>
    <nd ref="6239"/>
    <nd ref="6240"/>
    <nd ref="6241"/>
    <nd ref="6242"/>
    <nd ref="6243"/>
    <nd ref="6244"/>
    <nd ref="6245"/>
    <nd ref="6246"/>
    <nd ref="6247"/>
    <nd ref="6248"/>
    <nd ref="6249"/>
    <nd ref="6250"/>
    <nd ref="6251"/>
    <nd ref="6252"/>
    <nd ref="6253"/>
    <nd ref="6254"/>
    <nd ref="6255"/>
    <nd ref="6256"/>
    <nd ref="6257"/>
    <nd ref="6258"/>
    <nd ref="6259"/>
    <nd ref="6260"/>
    <nd ref="6261"/>
    <nd ref="4548"/>
    <tag k="type" v="line_thin"/>
    <tag k="subtype" v="solid"/>
  </way>
  <way id="6271" action="modify" visible="true" version="1">
    <nd ref="2992"/>
    <nd ref="6265"/>
    <nd ref="6266"/>
    <nd ref="6267"/>
    <nd ref="3959"/>
  </way>
  <way id="6272" action="modify" visible="true" version="1">
    <nd ref="2994"/>
    <nd ref="6268"/>
    <nd ref="6269"/>
    <nd ref="6270"/>
    <nd ref="3964"/>
    <tag k="type" v="line_thin"/>
    <tag k="subtype" v="dashed"/>
  </way>
  <way id="6277" action="modify" visible="true" version="1">
    <nd ref="2999"/>
    <nd ref="6274"/>
    <nd ref="6275"/>
    <nd ref="6276"/>
    <nd ref="3953"/>
    <tag k="type" v="line_thin"/>
    <tag k="subtype" v="dashed"/>
  </way>
  <way id="6323" action="modify" visible="true" version="1">
    <nd ref="3007"/>
    <nd ref="6279"/>
    <nd ref="6280"/>
    <nd ref="6281"/>
    <nd ref="6282"/>
    <nd ref="6283"/>
    <nd ref="6284"/>
    <nd ref="6285"/>
    <nd ref="6286"/>
    <nd ref="6287"/>
    <nd ref="6288"/>
    <nd ref="6289"/>
    <nd ref="6290"/>
    <nd ref="6291"/>
    <nd ref="6292"/>
    <nd ref="6293"/>
    <nd ref="6294"/>
    <nd ref="6295"/>
    <nd ref="6296"/>
    <nd ref="6297"/>
    <nd ref="6298"/>
    <nd ref="6299"/>
    <nd ref="6300"/>
    <nd ref="3019"/>
  </way>
  <way id="6324" action="modify" visible="true" version="1">
    <nd ref="3013"/>
    <nd ref="6301"/>
    <nd ref="6302"/>
    <nd ref="6303"/>
    <nd ref="6304"/>
    <nd ref="6305"/>
    <nd ref="6306"/>
    <nd ref="6307"/>
    <nd ref="6308"/>
    <nd ref="6309"/>
    <nd ref="6310"/>
    <nd ref="6311"/>
    <nd ref="6312"/>
    <nd ref="6313"/>
    <nd ref="6314"/>
    <nd ref="6315"/>
    <nd ref="6316"/>
    <nd ref="6317"/>
    <nd ref="6318"/>
    <nd ref="6319"/>
    <nd ref="6320"/>
    <nd ref="6321"/>
    <nd ref="6322"/>
    <nd ref="3025"/>
    <tag k="type" v="line_thin"/>
    <tag k="subtype" v="solid"/>
  </way>
  <way id="6332" action="modify" visible="true" version="1">
    <nd ref="3004"/>
    <nd ref="6326"/>
    <nd ref="6327"/>
    <nd ref="6328"/>
    <nd ref="3030"/>
  </way>
  <way id="6333" action="modify" visible="true" version="1">
    <nd ref="3007"/>
    <nd ref="6329"/>
    <nd ref="6330"/>
    <nd ref="6331"/>
    <nd ref="3034"/>
    <tag k="type" v="line_thin"/>
    <tag k="subtype" v="dashed"/>
  </way>
  <way id="6338" action="modify" visible="true" version="1">
    <nd ref="3013"/>
    <nd ref="6335"/>
    <nd ref="6336"/>
    <nd ref="6337"/>
    <nd ref="3041"/>
    <tag k="type" v="line_thin"/>
    <tag k="subtype" v="dashed"/>
  </way>
  <way id="6346" action="modify" visible="true" version="1">
    <nd ref="3004"/>
    <nd ref="6340"/>
    <nd ref="6341"/>
    <nd ref="6342"/>
    <nd ref="2206"/>
  </way>
  <way id="6347" action="modify" visible="true" version="1">
    <nd ref="3007"/>
    <nd ref="6343"/>
    <nd ref="6344"/>
    <nd ref="6345"/>
    <nd ref="2211"/>
  </way>
  <way id="6353" action="modify" visible="true" version="1">
    <nd ref="5270"/>
    <nd ref="6349"/>
    <nd ref="6350"/>
    <nd ref="1021"/>
  </way>
  <way id="6354" action="modify" visible="true" version="1">
    <nd ref="5276"/>
    <nd ref="6351"/>
    <nd ref="6352"/>
    <nd ref="1030"/>
    <tag k="type" v="line_thin"/>
    <tag k="subtype" v="solid"/>
  </way>
  <way id="6362" action="modify" visible="true" version="1">
    <nd ref="5270"/>
    <nd ref="6356"/>
    <nd ref="6357"/>
    <nd ref="6358"/>
    <nd ref="3030"/>
  </way>
  <way id="6363" action="modify" visible="true" version="1">
    <nd ref="5276"/>
    <nd ref="6359"/>
    <nd ref="6360"/>
    <nd ref="6361"/>
    <nd ref="3034"/>
  </way>
  <way id="6369" action="modify" visible="true" version="1">
    <nd ref="1006"/>
    <nd ref="6365"/>
    <nd ref="6366"/>
    <nd ref="2206"/>
  </way>
  <way id="6370" action="modify" visible="true" version="1">
    <nd ref="1012"/>
    <nd ref="6367"/>
    <nd ref="6368"/>
    <nd ref="2211"/>
    <tag k="type" v="line_thin"/>
    <tag k="subtype" v="solid"/>
  </way>
  <way id="6378" action="modify" visible="true" version="1">
    <nd ref="1003"/>
    <nd ref="6372"/>
    <nd ref="6373"/>
    <nd ref="6374"/>
    <nd ref="1015"/>
  </way>
  <way id="6379" action="modify" visible="true" version="1">
    <nd ref="1006"/>
    <nd ref="6375"/>
    <nd ref="6376"/>
    <nd ref="6377"/>
    <nd ref="1021"/>
    <tag k="type" v="line_thin"/>
    <tag k="subtype" v="dashed"/>
  </way>
  <way id="6384" action="modify" visible="true" version="1">
    <nd ref="1012"/>
    <nd ref="6381"/>
    <nd ref="6382"/>
    <nd ref="6383"/>
    <nd ref="1030"/>
    <tag k="type" v="line_thin"/>
    <tag k="subtype" v="dashed"/>
  </way>
  <relation id="9" action="modify" visible="true" version="1">
    <member type="way" ref="8" role="right"/>
    <member type="way" ref="7" role="left"/>
    <tag k="type" v="lanelet"/>
    <tag k="subtype" v="road"/>
    <tag k="location" v="urban"/>
  </relation>
  <relation id="14" action="modify" visible="true" version="1">
    <member type="way" ref="13" role="right"/>
    <member type="way" ref="8" role="left"/>
    <tag k="type" v="lanelet"/>
    <tag k="subtype" v="road"/>
    <tag k="location" v="urban"/>
  </relation>
  <relation id="27" action="modify" visible="true" version="1">
    <member type="way" ref="26" role="right"/>
    <member type="way" ref="25" role="left"/>
    <tag k="type" v="lanelet"/>
    <tag k="subtype" v="road"/>
    <tag k="location" v="urban"/>
  </relation>
  <relation id="34" action="modify" visible="true" version="1">
    <member type="way" ref="33" role="right"/>
    <member type="way" ref="26" role="left"/>
    <tag k="type" v="lanelet"/>
    <tag k="subtype" v="road"/>
    <tag k="location" v="urban"/>
  </relation>
  <relation id="43" action="modify" visible="true" version="1">
    <member type="way" ref="42" role="right"/>
    <member type="way" ref="41" role="left"/>
    <tag k="type" v="lanelet"/>
    <tag k="subtype" v="road"/>
    <tag k="location" v="urban"/>
  </relation>
  <relation id="48" action="modify" visible="true" version="1">
    <member type="way" ref="47" role="right"/>
    <member type="way" ref="42" role="left"/>
    <tag k="type" v="lanelet"/>
    <tag k="subtype" v="road"/>
    <tag k="location" v="urban"/>
  </relation>
  <relation id="57" action="modify" visible="true" version="1">
    <member type="way" ref="56" role="right"/>
    <member type="way" ref="55" role="left"/>
    <tag k="type" v="lanelet"/>
    <tag k="subtype" v="road"/>
    <tag k="location" v="urban"/>
  </relation>
  <relation id="62" action="modify" visible="true" version="1">
    <member type="way" ref="61" role="right"/>
    <member type="way" ref="56" role="left"/>
    <tag k="type" v="lanelet"/>
    <tag k="subtype" v="road"/>
    <tag k="location" v="urban"/>
  </relation>
  <relation id="71" action="modify" visible="true" version="1">
    <member type="way" ref="70" role="right"/>
    <member type="way" ref="69" role="left"/>
    <tag k="type" v="lanelet"/>
    <tag k="subtype" v="road"/>
    <tag k="location" v="urban"/>
  </relation>
  <relation id="76" action="modify" visible="true" version="1">
    <member type="way" ref="75" role="right"/>
    <member type="way" ref="70" role="left"/>
    <tag k="type" v="lanelet"/>
    <tag k="subtype" v="road"/>
    <tag k="location" v="urban"/>
  </relation>
  <relation id="111" action="modify" visible="true" version="1">
    <member type="way" ref="110" role="right"/>
    <member type="way" ref="109" role="left"/>
    <tag k="type" v="lanelet"/>
    <tag k="subtype" v="road"/>
    <tag k="location" v="urban"/>
  </relation>
  <relation id="129" action="modify" visible="true" version="1">
    <member type="way" ref="128" role="right"/>
    <member type="way" ref="110" role="left"/>
    <tag k="type" v="lanelet"/>
    <tag k="subtype" v="road"/>
    <tag k="location" v="urban"/>
  </relation>
  <relation id="138" action="modify" visible="true" version="1">
    <member type="way" ref="137" role="right"/>
    <member type="way" ref="136" role="left"/>
    <tag k="type" v="lanelet"/>
    <tag k="subtype" v="road"/>
    <tag k="location" v="urban"/>
  </relation>
  <relation id="143" action="modify" visible="true" version="1">
    <member type="way" ref="142" role="right"/>
    <member type="way" ref="137" role="left"/>
    <tag k="type" v="lanelet"/>
    <tag k="subtype" v="road"/>
    <tag k="location" v="urban"/>
  </relation>
  <relation id="152" action="modify" visible="true" version="1">
    <member type="way" ref="151" role="right"/>
    <member type="way" ref="150" role="left"/>
    <tag k="type" v="lanelet"/>
    <tag k="subtype" v="road"/>
    <tag k="location" v="urban"/>
  </relation>
  <relation id="157" action="modify" visible="true" version="1">
    <member type="way" ref="156" role="right"/>
    <member type="way" ref="151" role="left"/>
    <tag k="type" v="lanelet"/>
    <tag k="subtype" v="road"/>
    <tag k="location" v="urban"/>
  </relation>
  <relation id="172" action="modify" visible="true" version="1">
    <member type="way" ref="171" role="right"/>
    <member type="way" ref="170" role="left"/>
    <tag k="type" v="lanelet"/>
    <tag k="subtype" v="road"/>
    <tag k="location" v="urban"/>
  </relation>
  <relation id="181" action="modify" visible="true" version="1">
    <member type="way" ref="180" role="right"/>
    <member type="way" ref="179" role="left"/>
    <tag k="type" v="lanelet"/>
    <tag k="subtype" v="road"/>
    <tag k="location" v="urban"/>
  </relation>
  <relation id="200" action="modify" visible="true" version="1">
    <member type="way" ref="199" role="right"/>
    <member type="way" ref="198" role="left"/>
    <tag k="type" v="lanelet"/>
    <tag k="subtype" v="road"/>
    <tag k="location" v="urban"/>
  </relation>
  <relation id="207" action="modify" visible="true" version="1">
    <member type="way" ref="206" role="right"/>
    <member type="way" ref="205" role="left"/>
    <tag k="type" v="lanelet"/>
    <tag k="subtype" v="road"/>
    <tag k="location" v="urban"/>
  </relation>
  <relation id="222" action="modify" visible="true" version="1">
    <member type="way" ref="221" role="right"/>
    <member type="way" ref="220" role="left"/>
    <tag k="type" v="lanelet"/>
    <tag k="subtype" v="road"/>
    <tag k="location" v="urban"/>
  </relation>
  <relation id="230" action="modify" visible="true" version="1">
    <member type="way" ref="229" role="right"/>
    <member type="way" ref="221" role="left"/>
    <tag k="type" v="lanelet"/>
    <tag k="subtype" v="road"/>
    <tag k="location" v="urban"/>
  </relation>
  <relation id="239" action="modify" visible="true" version="1">
    <member type="way" ref="238" role="right"/>
    <member type="way" ref="237" role="left"/>
    <tag k="type" v="lanelet"/>
    <tag k="subtype" v="road"/>
    <tag k="location" v="urban"/>
  </relation>
  <relation id="244" action="modify" visible="true" version="1">
    <member type="way" ref="243" role="right"/>
    <member type="way" ref="238" role="left"/>
    <tag k="type" v="lanelet"/>
    <tag k="subtype" v="road"/>
    <tag k="location" v="urban"/>
  </relation>
  <relation id="261" action="modify" visible="true" version="1">
    <member type="way" ref="260" role="right"/>
    <member type="way" ref="259" role="left"/>
    <tag k="type" v="lanelet"/>
    <tag k="subtype" v="road"/>
    <tag k="location" v="urban"/>
  </relation>
  <relation id="270" action="modify" visible="true" version="1">
    <member type="way" ref="269" role="right"/>
    <member type="way" ref="260" role="left"/>
    <tag k="type" v="lanelet"/>
    <tag k="subtype" v="road"/>
    <tag k="location" v="urban"/>
  </relation>
  <relation id="305" action="modify" visible="true" version="1">
    <member type="way" ref="304" role="right"/>
    <member type="way" ref="303" role="left"/>
    <tag k="type" v="lanelet"/>
    <tag k="subtype" v="road"/>
    <tag k="location" v="urban"/>
  </relation>
  <relation id="323" action="modify" visible="true" version="1">
    <member type="way" ref="322" role="right"/>
    <member type="way" ref="304" role="left"/>
    <tag k="type" v="lanelet"/>
    <tag k="subtype" v="road"/>
    <tag k="location" v="urban"/>
  </relation>
  <relation id="332" action="modify" visible="true" version="1">
    <member type="way" ref="331" role="right"/>
    <member type="way" ref="330" role="left"/>
    <tag k="type" v="lanelet"/>
    <tag k="subtype" v="road"/>
    <tag k="location" v="urban"/>
  </relation>
  <relation id="337" action="modify" visible="true" version="1">
    <member type="way" ref="336" role="right"/>
    <member type="way" ref="331" role="left"/>
    <tag k="type" v="lanelet"/>
    <tag k="subtype" v="road"/>
    <tag k="location" v="urban"/>
  </relation>
  <relation id="346" action="modify" visible="true" version="1">
    <member type="way" ref="345" role="right"/>
    <member type="way" ref="344" role="left"/>
    <tag k="type" v="lanelet"/>
    <tag k="subtype" v="road"/>
    <tag k="location" v="urban"/>
  </relation>
  <relation id="351" action="modify" visible="true" version="1">
    <member type="way" ref="350" role="right"/>
    <member type="way" ref="345" role="left"/>
    <tag k="type" v="lanelet"/>
    <tag k="subtype" v="road"/>
    <tag k="location" v="urban"/>
  </relation>
  <relation id="360" action="modify" visible="true" version="1">
    <member type="way" ref="359" role="right"/>
    <member type="way" ref="358" role="left"/>
    <tag k="type" v="lanelet"/>
    <tag k="subtype" v="road"/>
    <tag k="location" v="urban"/>
  </relation>
  <relation id="365" action="modify" visible="true" version="1">
    <member type="way" ref="364" role="right"/>
    <member type="way" ref="359" role="left"/>
    <tag k="type" v="lanelet"/>
    <tag k="subtype" v="road"/>
    <tag k="location" v="urban"/>
  </relation>
  <relation id="374" action="modify" visible="true" version="1">
    <member type="way" ref="373" role="right"/>
    <member type="way" ref="372" role="left"/>
    <tag k="type" v="lanelet"/>
    <tag k="subtype" v="road"/>
    <tag k="location" v="urban"/>
  </relation>
  <relation id="379" action="modify" visible="true" version="1">
    <member type="way" ref="378" role="right"/>
    <member type="way" ref="373" role="left"/>
    <tag k="type" v="lanelet"/>
    <tag k="subtype" v="road"/>
    <tag k="location" v="urban"/>
  </relation>
  <relation id="498" action="modify" visible="true" version="1">
    <member type="way" ref="497" role="right"/>
    <member type="way" ref="496" role="left"/>
    <tag k="type" v="lanelet"/>
    <tag k="subtype" v="road"/>
    <tag k="location" v="urban"/>
  </relation>
  <relation id="558" action="modify" visible="true" version="1">
    <member type="way" ref="557" role="right"/>
    <member type="way" ref="497" role="left"/>
    <tag k="type" v="lanelet"/>
    <tag k="subtype" v="road"/>
    <tag k="location" v="urban"/>
  </relation>
  <relation id="669" action="modify" visible="true" version="1">
    <member type="way" ref="668" role="right"/>
    <member type="way" ref="667" role="left"/>
    <tag k="type" v="lanelet"/>
    <tag k="subtype" v="road"/>
    <tag k="location" v="urban"/>
  </relation>
  <relation id="725" action="modify" visible="true" version="1">
    <member type="way" ref="724" role="right"/>
    <member type="way" ref="668" role="left"/>
    <tag k="type" v="lanelet"/>
    <tag k="subtype" v="road"/>
    <tag k="location" v="urban"/>
  </relation>
  <relation id="740" action="modify" visible="true" version="1">
    <member type="way" ref="739" role="right"/>
    <member type="way" ref="738" role="left"/>
    <tag k="type" v="lanelet"/>
    <tag k="subtype" v="road"/>
    <tag k="location" v="urban"/>
  </relation>
  <relation id="751" action="modify" visible="true" version="1">
    <member type="way" ref="750" role="right"/>
    <member type="way" ref="749" role="left"/>
    <tag k="type" v="lanelet"/>
    <tag k="subtype" v="road"/>
    <tag k="location" v="urban"/>
  </relation>
  <relation id="757" action="modify" visible="true" version="1">
    <member type="way" ref="756" role="right"/>
    <member type="way" ref="750" role="left"/>
    <tag k="type" v="lanelet"/>
    <tag k="subtype" v="road"/>
    <tag k="location" v="urban"/>
  </relation>
  <relation id="763" action="modify" visible="true" version="1">
    <member type="way" ref="762" role="right"/>
    <member type="way" ref="756" role="left"/>
    <tag k="type" v="lanelet"/>
    <tag k="subtype" v="road"/>
    <tag k="location" v="urban"/>
  </relation>
  <relation id="778" action="modify" visible="true" version="1">
    <member type="way" ref="777" role="right"/>
    <member type="way" ref="776" role="left"/>
    <tag k="type" v="lanelet"/>
    <tag k="subtype" v="road"/>
    <tag k="location" v="urban"/>
  </relation>
  <relation id="865" action="modify" visible="true" version="1">
    <member type="way" ref="864" role="right"/>
    <member type="way" ref="863" role="left"/>
    <tag k="type" v="lanelet"/>
    <tag k="subtype" v="road"/>
    <tag k="location" v="urban"/>
  </relation>
  <relation id="909" action="modify" visible="true" version="1">
    <member type="way" ref="908" role="right"/>
    <member type="way" ref="864" role="left"/>
    <tag k="type" v="lanelet"/>
    <tag k="subtype" v="road"/>
    <tag k="location" v="urban"/>
  </relation>
  <relation id="953" action="modify" visible="true" version="1">
    <member type="way" ref="952" role="right"/>
    <member type="way" ref="908" role="left"/>
    <tag k="type" v="lanelet"/>
    <tag k="subtype" v="road"/>
    <tag k="location" v="urban"/>
  </relation>
  <relation id="962" action="modify" visible="true" version="1">
    <member type="way" ref="961" role="right"/>
    <member type="way" ref="960" role="left"/>
    <tag k="type" v="lanelet"/>
    <tag k="subtype" v="road"/>
    <tag k="location" v="urban"/>
  </relation>
  <relation id="967" action="modify" visible="true" version="1">
    <member type="way" ref="966" role="right"/>
    <member type="way" ref="961" role="left"/>
    <tag k="type" v="lanelet"/>
    <tag k="subtype" v="road"/>
    <tag k="location" v="urban"/>
  </relation>
  <relation id="972" action="modify" visible="true" version="1">
    <member type="way" ref="971" role="right"/>
    <member type="way" ref="966" role="left"/>
    <tag k="type" v="lanelet"/>
    <tag k="subtype" v="road"/>
    <tag k="location" v="urban"/>
  </relation>
  <relation id="981" action="modify" visible="true" version="1">
    <member type="way" ref="980" role="right"/>
    <member type="way" ref="979" role="left"/>
    <tag k="type" v="lanelet"/>
    <tag k="subtype" v="road"/>
    <tag k="location" v="urban"/>
  </relation>
  <relation id="986" action="modify" visible="true" version="1">
    <member type="way" ref="985" role="right"/>
    <member type="way" ref="980" role="left"/>
    <tag k="type" v="lanelet"/>
    <tag k="subtype" v="road"/>
    <tag k="location" v="urban"/>
  </relation>
  <relation id="995" action="modify" visible="true" version="1">
    <member type="way" ref="994" role="right"/>
    <member type="way" ref="993" role="left"/>
    <tag k="type" v="lanelet"/>
    <tag k="subtype" v="road"/>
    <tag k="location" v="urban"/>
  </relation>
  <relation id="1000" action="modify" visible="true" version="1">
    <member type="way" ref="999" role="right"/>
    <member type="way" ref="994" role="left"/>
    <tag k="type" v="lanelet"/>
    <tag k="subtype" v="road"/>
    <tag k="location" v="urban"/>
  </relation>
  <relation id="1009" action="modify" visible="true" version="1">
    <member type="way" ref="1008" role="right"/>
    <member type="way" ref="1007" role="left"/>
    <tag k="type" v="lanelet"/>
    <tag k="subtype" v="road"/>
    <tag k="location" v="urban"/>
  </relation>
  <relation id="1014" action="modify" visible="true" version="1">
    <member type="way" ref="1013" role="right"/>
    <member type="way" ref="1008" role="left"/>
    <tag k="type" v="lanelet"/>
    <tag k="subtype" v="road"/>
    <tag k="location" v="urban"/>
  </relation>
  <relation id="1029" action="modify" visible="true" version="1">
    <member type="way" ref="1028" role="right"/>
    <member type="way" ref="1027" role="left"/>
    <tag k="type" v="lanelet"/>
    <tag k="subtype" v="road"/>
    <tag k="location" v="urban"/>
  </relation>
  <relation id="1036" action="modify" visible="true" version="1">
    <member type="way" ref="1035" role="right"/>
    <member type="way" ref="1028" role="left"/>
    <tag k="type" v="lanelet"/>
    <tag k="subtype" v="road"/>
    <tag k="location" v="urban"/>
  </relation>
  <relation id="1043" action="modify" visible="true" version="1">
    <member type="way" ref="1042" role="right"/>
    <member type="way" ref="1041" role="left"/>
    <tag k="type" v="lanelet"/>
    <tag k="subtype" v="road"/>
    <tag k="location" v="urban"/>
  </relation>
  <relation id="1047" action="modify" visible="true" version="1">
    <member type="way" ref="1046" role="right"/>
    <member type="way" ref="1042" role="left"/>
    <tag k="type" v="lanelet"/>
    <tag k="subtype" v="road"/>
    <tag k="location" v="urban"/>
  </relation>
  <relation id="1056" action="modify" visible="true" version="1">
    <member type="way" ref="1055" role="right"/>
    <member type="way" ref="1054" role="left"/>
    <tag k="type" v="lanelet"/>
    <tag k="subtype" v="road"/>
    <tag k="location" v="urban"/>
  </relation>
  <relation id="1061" action="modify" visible="true" version="1">
    <member type="way" ref="1060" role="right"/>
    <member type="way" ref="1055" role="left"/>
    <tag k="type" v="lanelet"/>
    <tag k="subtype" v="road"/>
    <tag k="location" v="urban"/>
  </relation>
  <relation id="1074" action="modify" visible="true" version="1">
    <member type="way" ref="1073" role="right"/>
    <member type="way" ref="1072" role="left"/>
    <tag k="type" v="lanelet"/>
    <tag k="subtype" v="road"/>
    <tag k="location" v="urban"/>
  </relation>
  <relation id="1081" action="modify" visible="true" version="1">
    <member type="way" ref="1080" role="right"/>
    <member type="way" ref="1073" role="left"/>
    <tag k="type" v="lanelet"/>
    <tag k="subtype" v="road"/>
    <tag k="location" v="urban"/>
  </relation>
  <relation id="1090" action="modify" visible="true" version="1">
    <member type="way" ref="1089" role="right"/>
    <member type="way" ref="1088" role="left"/>
    <tag k="type" v="lanelet"/>
    <tag k="subtype" v="road"/>
    <tag k="location" v="urban"/>
  </relation>
  <relation id="1095" action="modify" visible="true" version="1">
    <member type="way" ref="1094" role="right"/>
    <member type="way" ref="1089" role="left"/>
    <tag k="type" v="lanelet"/>
    <tag k="subtype" v="road"/>
    <tag k="location" v="urban"/>
  </relation>
  <relation id="1104" action="modify" visible="true" version="1">
    <member type="way" ref="1103" role="right"/>
    <member type="way" ref="1102" role="left"/>
    <tag k="type" v="lanelet"/>
    <tag k="subtype" v="road"/>
    <tag k="location" v="urban"/>
  </relation>
  <relation id="1109" action="modify" visible="true" version="1">
    <member type="way" ref="1108" role="right"/>
    <member type="way" ref="1103" role="left"/>
    <tag k="type" v="lanelet"/>
    <tag k="subtype" v="road"/>
    <tag k="location" v="urban"/>
  </relation>
  <relation id="1114" action="modify" visible="true" version="1">
    <member type="way" ref="1113" role="right"/>
    <member type="way" ref="1108" role="left"/>
    <tag k="type" v="lanelet"/>
    <tag k="subtype" v="road"/>
    <tag k="location" v="urban"/>
  </relation>
  <relation id="1131" action="modify" visible="true" version="1">
    <member type="way" ref="1130" role="right"/>
    <member type="way" ref="1129" role="left"/>
    <tag k="type" v="lanelet"/>
    <tag k="subtype" v="road"/>
    <tag k="location" v="urban"/>
  </relation>
  <relation id="1140" action="modify" visible="true" version="1">
    <member type="way" ref="1139" role="right"/>
    <member type="way" ref="1130" role="left"/>
    <tag k="type" v="lanelet"/>
    <tag k="subtype" v="road"/>
    <tag k="location" v="urban"/>
  </relation>
  <relation id="1149" action="modify" visible="true" version="1">
    <member type="way" ref="1148" role="right"/>
    <member type="way" ref="1139" role="left"/>
    <tag k="type" v="lanelet"/>
    <tag k="subtype" v="road"/>
    <tag k="location" v="urban"/>
  </relation>
  <relation id="1188" action="modify" visible="true" version="1">
    <member type="way" ref="1187" role="right"/>
    <member type="way" ref="1186" role="left"/>
    <tag k="type" v="lanelet"/>
    <tag k="subtype" v="road"/>
    <tag k="location" v="urban"/>
  </relation>
  <relation id="1208" action="modify" visible="true" version="1">
    <member type="way" ref="1207" role="right"/>
    <member type="way" ref="1187" role="left"/>
    <tag k="type" v="lanelet"/>
    <tag k="subtype" v="road"/>
    <tag k="location" v="urban"/>
  </relation>
  <relation id="1228" action="modify" visible="true" version="1">
    <member type="way" ref="1227" role="right"/>
    <member type="way" ref="1207" role="left"/>
    <tag k="type" v="lanelet"/>
    <tag k="subtype" v="road"/>
    <tag k="location" v="urban"/>
  </relation>
  <relation id="1237" action="modify" visible="true" version="1">
    <member type="way" ref="1236" role="right"/>
    <member type="way" ref="1235" role="left"/>
    <tag k="type" v="lanelet"/>
    <tag k="subtype" v="road"/>
    <tag k="location" v="urban"/>
  </relation>
  <relation id="1242" action="modify" visible="true" version="1">
    <member type="way" ref="1241" role="right"/>
    <member type="way" ref="1236" role="left"/>
    <tag k="type" v="lanelet"/>
    <tag k="subtype" v="road"/>
    <tag k="location" v="urban"/>
  </relation>
  <relation id="1251" action="modify" visible="true" version="1">
    <member type="way" ref="1250" role="right"/>
    <member type="way" ref="1249" role="left"/>
    <tag k="type" v="lanelet"/>
    <tag k="subtype" v="road"/>
    <tag k="location" v="urban"/>
  </relation>
  <relation id="1256" action="modify" visible="true" version="1">
    <member type="way" ref="1255" role="right"/>
    <member type="way" ref="1250" role="left"/>
    <tag k="type" v="lanelet"/>
    <tag k="subtype" v="road"/>
    <tag k="location" v="urban"/>
  </relation>
  <relation id="1261" action="modify" visible="true" version="1">
    <member type="way" ref="1260" role="right"/>
    <member type="way" ref="1255" role="left"/>
    <tag k="type" v="lanelet"/>
    <tag k="subtype" v="road"/>
    <tag k="location" v="urban"/>
  </relation>
  <relation id="1384" action="modify" visible="true" version="1">
    <member type="way" ref="1383" role="right"/>
    <member type="way" ref="1382" role="left"/>
    <tag k="type" v="lanelet"/>
    <tag k="subtype" v="road"/>
    <tag k="location" v="urban"/>
  </relation>
  <relation id="1446" action="modify" visible="true" version="1">
    <member type="way" ref="1445" role="right"/>
    <member type="way" ref="1383" role="left"/>
    <tag k="type" v="lanelet"/>
    <tag k="subtype" v="road"/>
    <tag k="location" v="urban"/>
  </relation>
  <relation id="1508" action="modify" visible="true" version="1">
    <member type="way" ref="1507" role="right"/>
    <member type="way" ref="1445" role="left"/>
    <tag k="type" v="lanelet"/>
    <tag k="subtype" v="road"/>
    <tag k="location" v="urban"/>
  </relation>
  <relation id="1523" action="modify" visible="true" version="1">
    <member type="way" ref="1522" role="right"/>
    <member type="way" ref="1521" role="left"/>
    <tag k="type" v="lanelet"/>
    <tag k="subtype" v="road"/>
    <tag k="location" v="urban"/>
  </relation>
  <relation id="1531" action="modify" visible="true" version="1">
    <member type="way" ref="1530" role="right"/>
    <member type="way" ref="1522" role="left"/>
    <tag k="type" v="lanelet"/>
    <tag k="subtype" v="road"/>
    <tag k="location" v="urban"/>
  </relation>
  <relation id="1539" action="modify" visible="true" version="1">
    <member type="way" ref="1538" role="right"/>
    <member type="way" ref="1530" role="left"/>
    <tag k="type" v="lanelet"/>
    <tag k="subtype" v="road"/>
    <tag k="location" v="urban"/>
  </relation>
  <relation id="1570" action="modify" visible="true" version="1">
    <member type="way" ref="1569" role="right"/>
    <member type="way" ref="1568" role="left"/>
    <tag k="type" v="lanelet"/>
    <tag k="subtype" v="road"/>
    <tag k="location" v="urban"/>
  </relation>
  <relation id="1586" action="modify" visible="true" version="1">
    <member type="way" ref="1585" role="right"/>
    <member type="way" ref="1569" role="left"/>
    <tag k="type" v="lanelet"/>
    <tag k="subtype" v="road"/>
    <tag k="location" v="urban"/>
  </relation>
  <relation id="1602" action="modify" visible="true" version="1">
    <member type="way" ref="1601" role="right"/>
    <member type="way" ref="1585" role="left"/>
    <tag k="type" v="lanelet"/>
    <tag k="subtype" v="road"/>
    <tag k="location" v="urban"/>
  </relation>
  <relation id="1639" action="modify" visible="true" version="1">
    <member type="way" ref="1638" role="right"/>
    <member type="way" ref="1637" role="left"/>
    <tag k="type" v="lanelet"/>
    <tag k="subtype" v="road"/>
    <tag k="location" v="urban"/>
  </relation>
  <relation id="1658" action="modify" visible="true" version="1">
    <member type="way" ref="1657" role="right"/>
    <member type="way" ref="1638" role="left"/>
    <tag k="type" v="lanelet"/>
    <tag k="subtype" v="road"/>
    <tag k="location" v="urban"/>
  </relation>
  <relation id="1667" action="modify" visible="true" version="1">
    <member type="way" ref="1666" role="right"/>
    <member type="way" ref="1665" role="left"/>
    <tag k="type" v="lanelet"/>
    <tag k="subtype" v="road"/>
    <tag k="location" v="urban"/>
  </relation>
  <relation id="1672" action="modify" visible="true" version="1">
    <member type="way" ref="1671" role="right"/>
    <member type="way" ref="1666" role="left"/>
    <tag k="type" v="lanelet"/>
    <tag k="subtype" v="road"/>
    <tag k="location" v="urban"/>
  </relation>
  <relation id="1685" action="modify" visible="true" version="1">
    <member type="way" ref="1684" role="right"/>
    <member type="way" ref="1683" role="left"/>
    <tag k="type" v="lanelet"/>
    <tag k="subtype" v="road"/>
    <tag k="location" v="urban"/>
  </relation>
  <relation id="1698" action="modify" visible="true" version="1">
    <member type="way" ref="1697" role="right"/>
    <member type="way" ref="1696" role="left"/>
    <tag k="type" v="lanelet"/>
    <tag k="subtype" v="road"/>
    <tag k="location" v="urban"/>
  </relation>
  <relation id="1713" action="modify" visible="true" version="1">
    <member type="way" ref="1712" role="right"/>
    <member type="way" ref="1711" role="left"/>
    <tag k="type" v="lanelet"/>
    <tag k="subtype" v="road"/>
    <tag k="location" v="urban"/>
  </relation>
  <relation id="1722" action="modify" visible="true" version="1">
    <member type="way" ref="1721" role="right"/>
    <member type="way" ref="1720" role="left"/>
    <tag k="type" v="lanelet"/>
    <tag k="subtype" v="road"/>
    <tag k="location" v="urban"/>
  </relation>
  <relation id="1777" action="modify" visible="true" version="1">
    <member type="way" ref="1776" role="right"/>
    <member type="way" ref="1775" role="left"/>
    <tag k="type" v="lanelet"/>
    <tag k="subtype" v="road"/>
    <tag k="location" v="urban"/>
  </relation>
  <relation id="1805" action="modify" visible="true" version="1">
    <member type="way" ref="1804" role="right"/>
    <member type="way" ref="1776" role="left"/>
    <tag k="type" v="lanelet"/>
    <tag k="subtype" v="road"/>
    <tag k="location" v="urban"/>
  </relation>
  <relation id="1814" action="modify" visible="true" version="1">
    <member type="way" ref="1813" role="right"/>
    <member type="way" ref="1812" role="left"/>
    <tag k="type" v="lanelet"/>
    <tag k="subtype" v="road"/>
    <tag k="location" v="urban"/>
  </relation>
  <relation id="1819" action="modify" visible="true" version="1">
    <member type="way" ref="1818" role="right"/>
    <member type="way" ref="1813" role="left"/>
    <tag k="type" v="lanelet"/>
    <tag k="subtype" v="road"/>
    <tag k="location" v="urban"/>
  </relation>
  <relation id="1828" action="modify" visible="true" version="1">
    <member type="way" ref="1827" role="right"/>
    <member type="way" ref="1826" role="left"/>
    <tag k="type" v="lanelet"/>
    <tag k="subtype" v="road"/>
    <tag k="location" v="urban"/>
  </relation>
  <relation id="1833" action="modify" visible="true" version="1">
    <member type="way" ref="1832" role="right"/>
    <member type="way" ref="1827" role="left"/>
    <tag k="type" v="lanelet"/>
    <tag k="subtype" v="road"/>
    <tag k="location" v="urban"/>
  </relation>
  <relation id="1842" action="modify" visible="true" version="1">
    <member type="way" ref="1841" role="right"/>
    <member type="way" ref="1840" role="left"/>
    <tag k="type" v="lanelet"/>
    <tag k="subtype" v="road"/>
    <tag k="location" v="urban"/>
  </relation>
  <relation id="1847" action="modify" visible="true" version="1">
    <member type="way" ref="1846" role="right"/>
    <member type="way" ref="1841" role="left"/>
    <tag k="type" v="lanelet"/>
    <tag k="subtype" v="road"/>
    <tag k="location" v="urban"/>
  </relation>
  <relation id="1958" action="modify" visible="true" version="1">
    <member type="way" ref="1957" role="right"/>
    <member type="way" ref="1956" role="left"/>
    <tag k="type" v="lanelet"/>
    <tag k="subtype" v="road"/>
    <tag k="location" v="urban"/>
  </relation>
  <relation id="2014" action="modify" visible="true" version="1">
    <member type="way" ref="2013" role="right"/>
    <member type="way" ref="1957" role="left"/>
    <tag k="type" v="lanelet"/>
    <tag k="subtype" v="road"/>
    <tag k="location" v="urban"/>
  </relation>
  <relation id="2141" action="modify" visible="true" version="1">
    <member type="way" ref="2140" role="right"/>
    <member type="way" ref="2139" role="left"/>
    <tag k="type" v="lanelet"/>
    <tag k="subtype" v="road"/>
    <tag k="location" v="urban"/>
  </relation>
  <relation id="2205" action="modify" visible="true" version="1">
    <member type="way" ref="2204" role="right"/>
    <member type="way" ref="2140" role="left"/>
    <tag k="type" v="lanelet"/>
    <tag k="subtype" v="road"/>
    <tag k="location" v="urban"/>
  </relation>
  <relation id="2218" action="modify" visible="true" version="1">
    <member type="way" ref="2217" role="right"/>
    <member type="way" ref="2216" role="left"/>
    <tag k="type" v="lanelet"/>
    <tag k="subtype" v="road"/>
    <tag k="location" v="urban"/>
  </relation>
  <relation id="2231" action="modify" visible="true" version="1">
    <member type="way" ref="2230" role="right"/>
    <member type="way" ref="2229" role="left"/>
    <tag k="type" v="lanelet"/>
    <tag k="subtype" v="road"/>
    <tag k="location" v="urban"/>
  </relation>
  <relation id="2238" action="modify" visible="true" version="1">
    <member type="way" ref="2237" role="right"/>
    <member type="way" ref="2230" role="left"/>
    <tag k="type" v="lanelet"/>
    <tag k="subtype" v="road"/>
    <tag k="location" v="urban"/>
  </relation>
  <relation id="2245" action="modify" visible="true" version="1">
    <member type="way" ref="2244" role="right"/>
    <member type="way" ref="2237" role="left"/>
    <tag k="type" v="lanelet"/>
    <tag k="subtype" v="road"/>
    <tag k="location" v="urban"/>
  </relation>
  <relation id="2296" action="modify" visible="true" version="1">
    <member type="way" ref="2295" role="right"/>
    <member type="way" ref="2294" role="left"/>
    <tag k="type" v="lanelet"/>
    <tag k="subtype" v="road"/>
    <tag k="location" v="urban"/>
  </relation>
  <relation id="2322" action="modify" visible="true" version="1">
    <member type="way" ref="2321" role="right"/>
    <member type="way" ref="2295" role="left"/>
    <tag k="type" v="lanelet"/>
    <tag k="subtype" v="road"/>
    <tag k="location" v="urban"/>
  </relation>
  <relation id="2345" action="modify" visible="true" version="1">
    <member type="way" ref="2344" role="right"/>
    <member type="way" ref="2343" role="left"/>
    <tag k="type" v="lanelet"/>
    <tag k="subtype" v="road"/>
    <tag k="location" v="urban"/>
  </relation>
  <relation id="2366" action="modify" visible="true" version="1">
    <member type="way" ref="2365" role="right"/>
    <member type="way" ref="2364" role="left"/>
    <tag k="type" v="lanelet"/>
    <tag k="subtype" v="road"/>
    <tag k="location" v="urban"/>
  </relation>
  <relation id="2401" action="modify" visible="true" version="1">
    <member type="way" ref="2400" role="right"/>
    <member type="way" ref="2399" role="left"/>
    <tag k="type" v="lanelet"/>
    <tag k="subtype" v="road"/>
    <tag k="location" v="urban"/>
  </relation>
  <relation id="2416" action="modify" visible="true" version="1">
    <member type="way" ref="2415" role="right"/>
    <member type="way" ref="2414" role="left"/>
    <tag k="type" v="lanelet"/>
    <tag k="subtype" v="road"/>
    <tag k="location" v="urban"/>
  </relation>
  <relation id="2519" action="modify" visible="true" version="1">
    <member type="way" ref="2518" role="right"/>
    <member type="way" ref="2517" role="left"/>
    <tag k="type" v="lanelet"/>
    <tag k="subtype" v="road"/>
    <tag k="location" v="urban"/>
  </relation>
  <relation id="2571" action="modify" visible="true" version="1">
    <member type="way" ref="2570" role="right"/>
    <member type="way" ref="2518" role="left"/>
    <tag k="type" v="lanelet"/>
    <tag k="subtype" v="road"/>
    <tag k="location" v="urban"/>
  </relation>
  <relation id="2604" action="modify" visible="true" version="1">
    <member type="way" ref="2603" role="right"/>
    <member type="way" ref="2602" role="left"/>
    <tag k="type" v="lanelet"/>
    <tag k="subtype" v="road"/>
    <tag k="location" v="urban"/>
  </relation>
  <relation id="2620" action="modify" visible="true" version="1">
    <member type="way" ref="2619" role="right"/>
    <member type="way" ref="2603" role="left"/>
    <tag k="type" v="lanelet"/>
    <tag k="subtype" v="road"/>
    <tag k="location" v="urban"/>
  </relation>
  <relation id="2725" action="modify" visible="true" version="1">
    <member type="way" ref="2724" role="right"/>
    <member type="way" ref="2723" role="left"/>
    <tag k="type" v="lanelet"/>
    <tag k="subtype" v="road"/>
    <tag k="location" v="urban"/>
  </relation>
  <relation id="2778" action="modify" visible="true" version="1">
    <member type="way" ref="2777" role="right"/>
    <member type="way" ref="2724" role="left"/>
    <tag k="type" v="lanelet"/>
    <tag k="subtype" v="road"/>
    <tag k="location" v="urban"/>
  </relation>
  <relation id="2867" action="modify" visible="true" version="1">
    <member type="way" ref="2866" role="right"/>
    <member type="way" ref="2865" role="left"/>
    <tag k="type" v="lanelet"/>
    <tag k="subtype" v="road"/>
    <tag k="location" v="urban"/>
  </relation>
  <relation id="2912" action="modify" visible="true" version="1">
    <member type="way" ref="2911" role="right"/>
    <member type="way" ref="2866" role="left"/>
    <tag k="type" v="lanelet"/>
    <tag k="subtype" v="road"/>
    <tag k="location" v="urban"/>
  </relation>
  <relation id="2957" action="modify" visible="true" version="1">
    <member type="way" ref="2956" role="right"/>
    <member type="way" ref="2911" role="left"/>
    <tag k="type" v="lanelet"/>
    <tag k="subtype" v="road"/>
    <tag k="location" v="urban"/>
  </relation>
  <relation id="2966" action="modify" visible="true" version="1">
    <member type="way" ref="2965" role="right"/>
    <member type="way" ref="2964" role="left"/>
    <tag k="type" v="lanelet"/>
    <tag k="subtype" v="road"/>
    <tag k="location" v="urban"/>
  </relation>
  <relation id="2971" action="modify" visible="true" version="1">
    <member type="way" ref="2970" role="right"/>
    <member type="way" ref="2965" role="left"/>
    <tag k="type" v="lanelet"/>
    <tag k="subtype" v="road"/>
    <tag k="location" v="urban"/>
  </relation>
  <relation id="2976" action="modify" visible="true" version="1">
    <member type="way" ref="2975" role="right"/>
    <member type="way" ref="2970" role="left"/>
    <tag k="type" v="lanelet"/>
    <tag k="subtype" v="road"/>
    <tag k="location" v="urban"/>
  </relation>
  <relation id="2985" action="modify" visible="true" version="1">
    <member type="way" ref="2984" role="right"/>
    <member type="way" ref="2983" role="left"/>
    <tag k="type" v="lanelet"/>
    <tag k="subtype" v="road"/>
    <tag k="location" v="urban"/>
  </relation>
  <relation id="2990" action="modify" visible="true" version="1">
    <member type="way" ref="2989" role="right"/>
    <member type="way" ref="2984" role="left"/>
    <tag k="type" v="lanelet"/>
    <tag k="subtype" v="road"/>
    <tag k="location" v="urban"/>
  </relation>
  <relation id="2997" action="modify" visible="true" version="1">
    <member type="way" ref="2996" role="right"/>
    <member type="way" ref="2995" role="left"/>
    <tag k="type" v="lanelet"/>
    <tag k="subtype" v="road"/>
    <tag k="location" v="urban"/>
  </relation>
  <relation id="3001" action="modify" visible="true" version="1">
    <member type="way" ref="3000" role="right"/>
    <member type="way" ref="2996" role="left"/>
    <tag k="type" v="lanelet"/>
    <tag k="subtype" v="road"/>
    <tag k="location" v="urban"/>
  </relation>
  <relation id="3010" action="modify" visible="true" version="1">
    <member type="way" ref="3009" role="right"/>
    <member type="way" ref="3008" role="left"/>
    <tag k="type" v="lanelet"/>
    <tag k="subtype" v="road"/>
    <tag k="location" v="urban"/>
  </relation>
  <relation id="3015" action="modify" visible="true" version="1">
    <member type="way" ref="3014" role="right"/>
    <member type="way" ref="3009" role="left"/>
    <tag k="type" v="lanelet"/>
    <tag k="subtype" v="road"/>
    <tag k="location" v="urban"/>
  </relation>
  <relation id="3024" action="modify" visible="true" version="1">
    <member type="way" ref="3023" role="right"/>
    <member type="way" ref="3022" role="left"/>
    <tag k="type" v="lanelet"/>
    <tag k="subtype" v="road"/>
    <tag k="location" v="urban"/>
  </relation>
  <relation id="3029" action="modify" visible="true" version="1">
    <member type="way" ref="3028" role="right"/>
    <member type="way" ref="3023" role="left"/>
    <tag k="type" v="lanelet"/>
    <tag k="subtype" v="road"/>
    <tag k="location" v="urban"/>
  </relation>
  <relation id="3040" action="modify" visible="true" version="1">
    <member type="way" ref="3039" role="right"/>
    <member type="way" ref="3038" role="left"/>
    <tag k="type" v="lanelet"/>
    <tag k="subtype" v="road"/>
    <tag k="location" v="urban"/>
  </relation>
  <relation id="3046" action="modify" visible="true" version="1">
    <member type="way" ref="3045" role="right"/>
    <member type="way" ref="3039" role="left"/>
    <tag k="type" v="lanelet"/>
    <tag k="subtype" v="road"/>
    <tag k="location" v="urban"/>
  </relation>
  <relation id="3055" action="modify" visible="true" version="1">
    <member type="way" ref="3054" role="right"/>
    <member type="way" ref="3053" role="left"/>
    <tag k="type" v="lanelet"/>
    <tag k="subtype" v="road"/>
    <tag k="location" v="urban"/>
  </relation>
  <relation id="3060" action="modify" visible="true" version="1">
    <member type="way" ref="3059" role="right"/>
    <member type="way" ref="3054" role="left"/>
    <tag k="type" v="lanelet"/>
    <tag k="subtype" v="road"/>
    <tag k="location" v="urban"/>
  </relation>
  <relation id="3073" action="modify" visible="true" version="1">
    <member type="way" ref="3072" role="right"/>
    <member type="way" ref="3071" role="left"/>
    <tag k="type" v="lanelet"/>
    <tag k="subtype" v="road"/>
    <tag k="location" v="urban"/>
  </relation>
  <relation id="3080" action="modify" visible="true" version="1">
    <member type="way" ref="3079" role="right"/>
    <member type="way" ref="3072" role="left"/>
    <tag k="type" v="lanelet"/>
    <tag k="subtype" v="road"/>
    <tag k="location" v="urban"/>
  </relation>
  <relation id="3089" action="modify" visible="true" version="1">
    <member type="way" ref="3088" role="right"/>
    <member type="way" ref="3087" role="left"/>
    <tag k="type" v="lanelet"/>
    <tag k="subtype" v="road"/>
    <tag k="location" v="urban"/>
  </relation>
  <relation id="3094" action="modify" visible="true" version="1">
    <member type="way" ref="3093" role="right"/>
    <member type="way" ref="3088" role="left"/>
    <tag k="type" v="lanelet"/>
    <tag k="subtype" v="road"/>
    <tag k="location" v="urban"/>
  </relation>
  <relation id="3103" action="modify" visible="true" version="1">
    <member type="way" ref="3102" role="right"/>
    <member type="way" ref="3101" role="left"/>
    <tag k="type" v="lanelet"/>
    <tag k="subtype" v="road"/>
    <tag k="location" v="urban"/>
  </relation>
  <relation id="3108" action="modify" visible="true" version="1">
    <member type="way" ref="3107" role="right"/>
    <member type="way" ref="3102" role="left"/>
    <tag k="type" v="lanelet"/>
    <tag k="subtype" v="road"/>
    <tag k="location" v="urban"/>
  </relation>
  <relation id="3113" action="modify" visible="true" version="1">
    <member type="way" ref="3112" role="right"/>
    <member type="way" ref="3107" role="left"/>
    <tag k="type" v="lanelet"/>
    <tag k="subtype" v="road"/>
    <tag k="location" v="urban"/>
  </relation>
  <relation id="3122" action="modify" visible="true" version="1">
    <member type="way" ref="3121" role="right"/>
    <member type="way" ref="3120" role="left"/>
    <tag k="type" v="lanelet"/>
    <tag k="subtype" v="road"/>
    <tag k="location" v="urban"/>
  </relation>
  <relation id="3127" action="modify" visible="true" version="1">
    <member type="way" ref="3126" role="right"/>
    <member type="way" ref="3121" role="left"/>
    <tag k="type" v="lanelet"/>
    <tag k="subtype" v="road"/>
    <tag k="location" v="urban"/>
  </relation>
  <relation id="3132" action="modify" visible="true" version="1">
    <member type="way" ref="3131" role="right"/>
    <member type="way" ref="3126" role="left"/>
    <tag k="type" v="lanelet"/>
    <tag k="subtype" v="road"/>
    <tag k="location" v="urban"/>
  </relation>
  <relation id="3149" action="modify" visible="true" version="1">
    <member type="way" ref="3148" role="right"/>
    <member type="way" ref="3147" role="left"/>
    <tag k="type" v="lanelet"/>
    <tag k="subtype" v="road"/>
    <tag k="location" v="urban"/>
  </relation>
  <relation id="3158" action="modify" visible="true" version="1">
    <member type="way" ref="3157" role="right"/>
    <member type="way" ref="3148" role="left"/>
    <tag k="type" v="lanelet"/>
    <tag k="subtype" v="road"/>
    <tag k="location" v="urban"/>
  </relation>
  <relation id="3167" action="modify" visible="true" version="1">
    <member type="way" ref="3166" role="right"/>
    <member type="way" ref="3157" role="left"/>
    <tag k="type" v="lanelet"/>
    <tag k="subtype" v="road"/>
    <tag k="location" v="urban"/>
  </relation>
  <relation id="3202" action="modify" visible="true" version="1">
    <member type="way" ref="3201" role="right"/>
    <member type="way" ref="3200" role="left"/>
    <tag k="type" v="lanelet"/>
    <tag k="subtype" v="road"/>
    <tag k="location" v="urban"/>
  </relation>
  <relation id="3220" action="modify" visible="true" version="1">
    <member type="way" ref="3219" role="right"/>
    <member type="way" ref="3201" role="left"/>
    <tag k="type" v="lanelet"/>
    <tag k="subtype" v="road"/>
    <tag k="location" v="urban"/>
  </relation>
  <relation id="3238" action="modify" visible="true" version="1">
    <member type="way" ref="3237" role="right"/>
    <member type="way" ref="3219" role="left"/>
    <tag k="type" v="lanelet"/>
    <tag k="subtype" v="road"/>
    <tag k="location" v="urban"/>
  </relation>
  <relation id="3247" action="modify" visible="true" version="1">
    <member type="way" ref="3246" role="right"/>
    <member type="way" ref="3245" role="left"/>
    <tag k="type" v="lanelet"/>
    <tag k="subtype" v="road"/>
    <tag k="location" v="urban"/>
  </relation>
  <relation id="3252" action="modify" visible="true" version="1">
    <member type="way" ref="3251" role="right"/>
    <member type="way" ref="3246" role="left"/>
    <tag k="type" v="lanelet"/>
    <tag k="subtype" v="road"/>
    <tag k="location" v="urban"/>
  </relation>
  <relation id="3261" action="modify" visible="true" version="1">
    <member type="way" ref="3260" role="right"/>
    <member type="way" ref="3259" role="left"/>
    <tag k="type" v="lanelet"/>
    <tag k="subtype" v="road"/>
    <tag k="location" v="urban"/>
  </relation>
  <relation id="3266" action="modify" visible="true" version="1">
    <member type="way" ref="3265" role="right"/>
    <member type="way" ref="3260" role="left"/>
    <tag k="type" v="lanelet"/>
    <tag k="subtype" v="road"/>
    <tag k="location" v="urban"/>
  </relation>
  <relation id="3271" action="modify" visible="true" version="1">
    <member type="way" ref="3270" role="right"/>
    <member type="way" ref="3265" role="left"/>
    <tag k="type" v="lanelet"/>
    <tag k="subtype" v="road"/>
    <tag k="location" v="urban"/>
  </relation>
  <relation id="3388" action="modify" visible="true" version="1">
    <member type="way" ref="3387" role="right"/>
    <member type="way" ref="3386" role="left"/>
    <tag k="type" v="lanelet"/>
    <tag k="subtype" v="road"/>
    <tag k="location" v="urban"/>
  </relation>
  <relation id="3447" action="modify" visible="true" version="1">
    <member type="way" ref="3446" role="right"/>
    <member type="way" ref="3387" role="left"/>
    <tag k="type" v="lanelet"/>
    <tag k="subtype" v="road"/>
    <tag k="location" v="urban"/>
  </relation>
  <relation id="3506" action="modify" visible="true" version="1">
    <member type="way" ref="3505" role="right"/>
    <member type="way" ref="3446" role="left"/>
    <tag k="type" v="lanelet"/>
    <tag k="subtype" v="road"/>
    <tag k="location" v="urban"/>
  </relation>
  <relation id="3521" action="modify" visible="true" version="1">
    <member type="way" ref="3520" role="right"/>
    <member type="way" ref="3519" role="left"/>
    <tag k="type" v="lanelet"/>
    <tag k="subtype" v="road"/>
    <tag k="location" v="urban"/>
  </relation>
  <relation id="3529" action="modify" visible="true" version="1">
    <member type="way" ref="3528" role="right"/>
    <member type="way" ref="3520" role="left"/>
    <tag k="type" v="lanelet"/>
    <tag k="subtype" v="road"/>
    <tag k="location" v="urban"/>
  </relation>
  <relation id="3537" action="modify" visible="true" version="1">
    <member type="way" ref="3536" role="right"/>
    <member type="way" ref="3528" role="left"/>
    <tag k="type" v="lanelet"/>
    <tag k="subtype" v="road"/>
    <tag k="location" v="urban"/>
  </relation>
  <relation id="3544" action="modify" visible="true" version="1">
    <member type="way" ref="3543" role="right"/>
    <member type="way" ref="3542" role="left"/>
    <tag k="type" v="lanelet"/>
    <tag k="subtype" v="road"/>
    <tag k="location" v="urban"/>
  </relation>
  <relation id="3548" action="modify" visible="true" version="1">
    <member type="way" ref="3547" role="right"/>
    <member type="way" ref="3543" role="left"/>
    <tag k="type" v="lanelet"/>
    <tag k="subtype" v="road"/>
    <tag k="location" v="urban"/>
  </relation>
  <relation id="3552" action="modify" visible="true" version="1">
    <member type="way" ref="3551" role="right"/>
    <member type="way" ref="3547" role="left"/>
    <tag k="type" v="lanelet"/>
    <tag k="subtype" v="road"/>
    <tag k="location" v="urban"/>
  </relation>
  <relation id="3561" action="modify" visible="true" version="1">
    <member type="way" ref="3560" role="right"/>
    <member type="way" ref="3559" role="left"/>
    <tag k="type" v="lanelet"/>
    <tag k="subtype" v="road"/>
    <tag k="location" v="urban"/>
  </relation>
  <relation id="3566" action="modify" visible="true" version="1">
    <member type="way" ref="3565" role="right"/>
    <member type="way" ref="3560" role="left"/>
    <tag k="type" v="lanelet"/>
    <tag k="subtype" v="road"/>
    <tag k="location" v="urban"/>
  </relation>
  <relation id="3570" action="modify" visible="true" version="1">
    <member type="way" ref="3569" role="right"/>
    <member type="way" ref="3565" role="left"/>
    <tag k="type" v="lanelet"/>
    <tag k="subtype" v="road"/>
    <tag k="location" v="urban"/>
  </relation>
  <relation id="3599" action="modify" visible="true" version="1">
    <member type="way" ref="3598" role="right"/>
    <member type="way" ref="3597" role="left"/>
    <tag k="type" v="lanelet"/>
    <tag k="subtype" v="road"/>
    <tag k="location" v="urban"/>
  </relation>
  <relation id="3614" action="modify" visible="true" version="1">
    <member type="way" ref="3613" role="right"/>
    <member type="way" ref="3598" role="left"/>
    <tag k="type" v="lanelet"/>
    <tag k="subtype" v="road"/>
    <tag k="location" v="urban"/>
  </relation>
  <relation id="3629" action="modify" visible="true" version="1">
    <member type="way" ref="3628" role="right"/>
    <member type="way" ref="3613" role="left"/>
    <tag k="type" v="lanelet"/>
    <tag k="subtype" v="road"/>
    <tag k="location" v="urban"/>
  </relation>
  <relation id="3638" action="modify" visible="true" version="1">
    <member type="way" ref="3637" role="right"/>
    <member type="way" ref="3636" role="left"/>
    <tag k="type" v="lanelet"/>
    <tag k="subtype" v="road"/>
    <tag k="location" v="urban"/>
  </relation>
  <relation id="3651" action="modify" visible="true" version="1">
    <member type="way" ref="3650" role="right"/>
    <member type="way" ref="3649" role="left"/>
    <tag k="type" v="lanelet"/>
    <tag k="subtype" v="road"/>
    <tag k="location" v="urban"/>
  </relation>
  <relation id="3658" action="modify" visible="true" version="1">
    <member type="way" ref="3657" role="right"/>
    <member type="way" ref="3650" role="left"/>
    <tag k="type" v="lanelet"/>
    <tag k="subtype" v="road"/>
    <tag k="location" v="urban"/>
  </relation>
  <relation id="3665" action="modify" visible="true" version="1">
    <member type="way" ref="3664" role="right"/>
    <member type="way" ref="3657" role="left"/>
    <tag k="type" v="lanelet"/>
    <tag k="subtype" v="road"/>
    <tag k="location" v="urban"/>
  </relation>
  <relation id="3676" action="modify" visible="true" version="1">
    <member type="way" ref="3675" role="right"/>
    <member type="way" ref="3674" role="left"/>
    <tag k="type" v="lanelet"/>
    <tag k="subtype" v="road"/>
    <tag k="location" v="urban"/>
  </relation>
  <relation id="3685" action="modify" visible="true" version="1">
    <member type="way" ref="3684" role="right"/>
    <member type="way" ref="3683" role="left"/>
    <tag k="type" v="lanelet"/>
    <tag k="subtype" v="road"/>
    <tag k="location" v="urban"/>
  </relation>
  <relation id="3690" action="modify" visible="true" version="1">
    <member type="way" ref="3689" role="right"/>
    <member type="way" ref="3688" role="left"/>
    <tag k="type" v="lanelet"/>
    <tag k="subtype" v="road"/>
    <tag k="location" v="urban"/>
  </relation>
  <relation id="3701" action="modify" visible="true" version="1">
    <member type="way" ref="3700" role="right"/>
    <member type="way" ref="3699" role="left"/>
    <tag k="type" v="lanelet"/>
    <tag k="subtype" v="road"/>
    <tag k="location" v="urban"/>
  </relation>
  <relation id="3707" action="modify" visible="true" version="1">
    <member type="way" ref="3706" role="right"/>
    <member type="way" ref="3700" role="left"/>
    <tag k="type" v="lanelet"/>
    <tag k="subtype" v="road"/>
    <tag k="location" v="urban"/>
  </relation>
  <relation id="3712" action="modify" visible="true" version="1">
    <member type="way" ref="3711" role="right"/>
    <member type="way" ref="3710" role="left"/>
    <tag k="type" v="lanelet"/>
    <tag k="subtype" v="road"/>
    <tag k="location" v="urban"/>
  </relation>
  <relation id="3719" action="modify" visible="true" version="1">
    <member type="way" ref="3718" role="right"/>
    <member type="way" ref="3717" role="left"/>
    <tag k="type" v="lanelet"/>
    <tag k="subtype" v="road"/>
    <tag k="location" v="urban"/>
  </relation>
  <relation id="3732" action="modify" visible="true" version="1">
    <member type="way" ref="3731" role="right"/>
    <member type="way" ref="3730" role="left"/>
    <tag k="type" v="lanelet"/>
    <tag k="subtype" v="road"/>
    <tag k="location" v="urban"/>
  </relation>
  <relation id="3739" action="modify" visible="true" version="1">
    <member type="way" ref="3738" role="right"/>
    <member type="way" ref="3731" role="left"/>
    <tag k="type" v="lanelet"/>
    <tag k="subtype" v="road"/>
    <tag k="location" v="urban"/>
  </relation>
  <relation id="3746" action="modify" visible="true" version="1">
    <member type="way" ref="3745" role="right"/>
    <member type="way" ref="3738" role="left"/>
    <tag k="type" v="lanelet"/>
    <tag k="subtype" v="road"/>
    <tag k="location" v="urban"/>
  </relation>
  <relation id="3753" action="modify" visible="true" version="1">
    <member type="way" ref="3752" role="right"/>
    <member type="way" ref="3751" role="left"/>
    <tag k="type" v="lanelet"/>
    <tag k="subtype" v="road"/>
    <tag k="location" v="urban"/>
  </relation>
  <relation id="3757" action="modify" visible="true" version="1">
    <member type="way" ref="3756" role="right"/>
    <member type="way" ref="3752" role="left"/>
    <tag k="type" v="lanelet"/>
    <tag k="subtype" v="road"/>
    <tag k="location" v="urban"/>
  </relation>
  <relation id="3766" action="modify" visible="true" version="1">
    <member type="way" ref="3765" role="right"/>
    <member type="way" ref="3764" role="left"/>
    <tag k="type" v="lanelet"/>
    <tag k="subtype" v="road"/>
    <tag k="location" v="urban"/>
  </relation>
  <relation id="3773" action="modify" visible="true" version="1">
    <member type="way" ref="3772" role="right"/>
    <member type="way" ref="3771" role="left"/>
    <tag k="type" v="lanelet"/>
    <tag k="subtype" v="road"/>
    <tag k="location" v="urban"/>
  </relation>
  <relation id="3778" action="modify" visible="true" version="1">
    <member type="way" ref="3777" role="right"/>
    <member type="way" ref="3776" role="left"/>
    <tag k="type" v="lanelet"/>
    <tag k="subtype" v="road"/>
    <tag k="location" v="urban"/>
  </relation>
  <relation id="3783" action="modify" visible="true" version="1">
    <member type="way" ref="3782" role="right"/>
    <member type="way" ref="3781" role="left"/>
    <tag k="type" v="lanelet"/>
    <tag k="subtype" v="road"/>
    <tag k="location" v="urban"/>
  </relation>
  <relation id="3790" action="modify" visible="true" version="1">
    <member type="way" ref="3789" role="right"/>
    <member type="way" ref="3788" role="left"/>
    <tag k="type" v="lanelet"/>
    <tag k="subtype" v="road"/>
    <tag k="location" v="urban"/>
  </relation>
  <relation id="3794" action="modify" visible="true" version="1">
    <member type="way" ref="3793" role="right"/>
    <member type="way" ref="3789" role="left"/>
    <tag k="type" v="lanelet"/>
    <tag k="subtype" v="road"/>
    <tag k="location" v="urban"/>
  </relation>
  <relation id="3801" action="modify" visible="true" version="1">
    <member type="way" ref="3800" role="right"/>
    <member type="way" ref="3799" role="left"/>
    <tag k="type" v="lanelet"/>
    <tag k="subtype" v="road"/>
    <tag k="location" v="urban"/>
  </relation>
  <relation id="3805" action="modify" visible="true" version="1">
    <member type="way" ref="3804" role="right"/>
    <member type="way" ref="3800" role="left"/>
    <tag k="type" v="lanelet"/>
    <tag k="subtype" v="road"/>
    <tag k="location" v="urban"/>
  </relation>
  <relation id="3814" action="modify" visible="true" version="1">
    <member type="way" ref="3813" role="right"/>
    <member type="way" ref="3812" role="left"/>
    <tag k="type" v="lanelet"/>
    <tag k="subtype" v="road"/>
    <tag k="location" v="urban"/>
  </relation>
  <relation id="3819" action="modify" visible="true" version="1">
    <member type="way" ref="3818" role="right"/>
    <member type="way" ref="3817" role="left"/>
    <tag k="type" v="lanelet"/>
    <tag k="subtype" v="road"/>
    <tag k="location" v="urban"/>
  </relation>
  <relation id="3830" action="modify" visible="true" version="1">
    <member type="way" ref="3829" role="right"/>
    <member type="way" ref="3828" role="left"/>
    <tag k="type" v="lanelet"/>
    <tag k="subtype" v="road"/>
    <tag k="location" v="urban"/>
  </relation>
  <relation id="3836" action="modify" visible="true" version="1">
    <member type="way" ref="3835" role="right"/>
    <member type="way" ref="3829" role="left"/>
    <tag k="type" v="lanelet"/>
    <tag k="subtype" v="road"/>
    <tag k="location" v="urban"/>
  </relation>
  <relation id="3845" action="modify" visible="true" version="1">
    <member type="way" ref="3844" role="right"/>
    <member type="way" ref="3843" role="left"/>
    <tag k="type" v="lanelet"/>
    <tag k="subtype" v="road"/>
    <tag k="location" v="urban"/>
  </relation>
  <relation id="3852" action="modify" visible="true" version="1">
    <member type="way" ref="3851" role="right"/>
    <member type="way" ref="3850" role="left"/>
    <tag k="type" v="lanelet"/>
    <tag k="subtype" v="road"/>
    <tag k="location" v="urban"/>
  </relation>
  <relation id="3857" action="modify" visible="true" version="1">
    <member type="way" ref="3856" role="right"/>
    <member type="way" ref="3855" role="left"/>
    <tag k="type" v="lanelet"/>
    <tag k="subtype" v="road"/>
    <tag k="location" v="urban"/>
  </relation>
  <relation id="3866" action="modify" visible="true" version="1">
    <member type="way" ref="3865" role="right"/>
    <member type="way" ref="3864" role="left"/>
    <tag k="type" v="lanelet"/>
    <tag k="subtype" v="road"/>
    <tag k="location" v="urban"/>
  </relation>
  <relation id="3871" action="modify" visible="true" version="1">
    <member type="way" ref="3870" role="right"/>
    <member type="way" ref="3865" role="left"/>
    <tag k="type" v="lanelet"/>
    <tag k="subtype" v="road"/>
    <tag k="location" v="urban"/>
  </relation>
  <relation id="3880" action="modify" visible="true" version="1">
    <member type="way" ref="3879" role="right"/>
    <member type="way" ref="3878" role="left"/>
    <tag k="type" v="lanelet"/>
    <tag k="subtype" v="road"/>
    <tag k="location" v="urban"/>
  </relation>
  <relation id="3885" action="modify" visible="true" version="1">
    <member type="way" ref="3884" role="right"/>
    <member type="way" ref="3883" role="left"/>
    <tag k="type" v="lanelet"/>
    <tag k="subtype" v="road"/>
    <tag k="location" v="urban"/>
  </relation>
  <relation id="3896" action="modify" visible="true" version="1">
    <member type="way" ref="3895" role="right"/>
    <member type="way" ref="3894" role="left"/>
    <tag k="type" v="lanelet"/>
    <tag k="subtype" v="road"/>
    <tag k="location" v="urban"/>
  </relation>
  <relation id="3901" action="modify" visible="true" version="1">
    <member type="way" ref="3900" role="right"/>
    <member type="way" ref="3899" role="left"/>
    <tag k="type" v="lanelet"/>
    <tag k="subtype" v="road"/>
    <tag k="location" v="urban"/>
  </relation>
  <relation id="3912" action="modify" visible="true" version="1">
    <member type="way" ref="3911" role="right"/>
    <member type="way" ref="3910" role="left"/>
    <tag k="type" v="lanelet"/>
    <tag k="subtype" v="road"/>
    <tag k="location" v="urban"/>
  </relation>
  <relation id="3921" action="modify" visible="true" version="1">
    <member type="way" ref="3920" role="right"/>
    <member type="way" ref="3919" role="left"/>
    <tag k="type" v="lanelet"/>
    <tag k="subtype" v="road"/>
    <tag k="location" v="urban"/>
  </relation>
  <relation id="3926" action="modify" visible="true" version="1">
    <member type="way" ref="3925" role="right"/>
    <member type="way" ref="3924" role="left"/>
    <tag k="type" v="lanelet"/>
    <tag k="subtype" v="road"/>
    <tag k="location" v="urban"/>
  </relation>
  <relation id="3935" action="modify" visible="true" version="1">
    <member type="way" ref="3934" role="right"/>
    <member type="way" ref="3933" role="left"/>
    <tag k="type" v="lanelet"/>
    <tag k="subtype" v="road"/>
    <tag k="location" v="urban"/>
  </relation>
  <relation id="3940" action="modify" visible="true" version="1">
    <member type="way" ref="3939" role="right"/>
    <member type="way" ref="3934" role="left"/>
    <tag k="type" v="lanelet"/>
    <tag k="subtype" v="road"/>
    <tag k="location" v="urban"/>
  </relation>
  <relation id="3949" action="modify" visible="true" version="1">
    <member type="way" ref="3948" role="right"/>
    <member type="way" ref="3947" role="left"/>
    <tag k="type" v="lanelet"/>
    <tag k="subtype" v="road"/>
    <tag k="location" v="urban"/>
  </relation>
  <relation id="3958" action="modify" visible="true" version="1">
    <member type="way" ref="3957" role="right"/>
    <member type="way" ref="3956" role="left"/>
    <tag k="type" v="lanelet"/>
    <tag k="subtype" v="road"/>
    <tag k="location" v="urban"/>
  </relation>
  <relation id="3971" action="modify" visible="true" version="1">
    <member type="way" ref="3970" role="right"/>
    <member type="way" ref="3969" role="left"/>
    <tag k="type" v="lanelet"/>
    <tag k="subtype" v="road"/>
    <tag k="location" v="urban"/>
  </relation>
  <relation id="3977" action="modify" visible="true" version="1">
    <member type="way" ref="3976" role="right"/>
    <member type="way" ref="3970" role="left"/>
    <tag k="type" v="lanelet"/>
    <tag k="subtype" v="road"/>
    <tag k="location" v="urban"/>
  </relation>
  <relation id="3986" action="modify" visible="true" version="1">
    <member type="way" ref="3985" role="right"/>
    <member type="way" ref="3984" role="left"/>
    <tag k="type" v="lanelet"/>
    <tag k="subtype" v="road"/>
    <tag k="location" v="urban"/>
  </relation>
  <relation id="3991" action="modify" visible="true" version="1">
    <member type="way" ref="3990" role="right"/>
    <member type="way" ref="3989" role="left"/>
    <tag k="type" v="lanelet"/>
    <tag k="subtype" v="road"/>
    <tag k="location" v="urban"/>
  </relation>
  <relation id="4000" action="modify" visible="true" version="1">
    <member type="way" ref="3999" role="right"/>
    <member type="way" ref="3998" role="left"/>
    <tag k="type" v="lanelet"/>
    <tag k="subtype" v="road"/>
    <tag k="location" v="urban"/>
  </relation>
  <relation id="4005" action="modify" visible="true" version="1">
    <member type="way" ref="4004" role="right"/>
    <member type="way" ref="3999" role="left"/>
    <tag k="type" v="lanelet"/>
    <tag k="subtype" v="road"/>
    <tag k="location" v="urban"/>
  </relation>
  <relation id="4010" action="modify" visible="true" version="1">
    <member type="way" ref="4009" role="right"/>
    <member type="way" ref="4004" role="left"/>
    <tag k="type" v="lanelet"/>
    <tag k="subtype" v="road"/>
    <tag k="location" v="urban"/>
  </relation>
  <relation id="4019" action="modify" visible="true" version="1">
    <member type="way" ref="4018" role="right"/>
    <member type="way" ref="4017" role="left"/>
    <tag k="type" v="lanelet"/>
    <tag k="subtype" v="road"/>
    <tag k="location" v="urban"/>
  </relation>
  <relation id="4024" action="modify" visible="true" version="1">
    <member type="way" ref="4023" role="right"/>
    <member type="way" ref="4022" role="left"/>
    <tag k="type" v="lanelet"/>
    <tag k="subtype" v="road"/>
    <tag k="location" v="urban"/>
  </relation>
  <relation id="4035" action="modify" visible="true" version="1">
    <member type="way" ref="4034" role="right"/>
    <member type="way" ref="4033" role="left"/>
    <tag k="type" v="lanelet"/>
    <tag k="subtype" v="road"/>
    <tag k="location" v="urban"/>
  </relation>
  <relation id="4041" action="modify" visible="true" version="1">
    <member type="way" ref="4040" role="right"/>
    <member type="way" ref="4034" role="left"/>
    <tag k="type" v="lanelet"/>
    <tag k="subtype" v="road"/>
    <tag k="location" v="urban"/>
  </relation>
  <relation id="4050" action="modify" visible="true" version="1">
    <member type="way" ref="4049" role="right"/>
    <member type="way" ref="4048" role="left"/>
    <tag k="type" v="lanelet"/>
    <tag k="subtype" v="road"/>
    <tag k="location" v="urban"/>
  </relation>
  <relation id="4055" action="modify" visible="true" version="1">
    <member type="way" ref="4054" role="right"/>
    <member type="way" ref="4053" role="left"/>
    <tag k="type" v="lanelet"/>
    <tag k="subtype" v="road"/>
    <tag k="location" v="urban"/>
  </relation>
  <relation id="4064" action="modify" visible="true" version="1">
    <member type="way" ref="4063" role="right"/>
    <member type="way" ref="4062" role="left"/>
    <tag k="type" v="lanelet"/>
    <tag k="subtype" v="road"/>
    <tag k="location" v="urban"/>
  </relation>
  <relation id="4069" action="modify" visible="true" version="1">
    <member type="way" ref="4068" role="right"/>
    <member type="way" ref="4063" role="left"/>
    <tag k="type" v="lanelet"/>
    <tag k="subtype" v="road"/>
    <tag k="location" v="urban"/>
  </relation>
  <relation id="4074" action="modify" visible="true" version="1">
    <member type="way" ref="4073" role="right"/>
    <member type="way" ref="4068" role="left"/>
    <tag k="type" v="lanelet"/>
    <tag k="subtype" v="road"/>
    <tag k="location" v="urban"/>
  </relation>
  <relation id="4083" action="modify" visible="true" version="1">
    <member type="way" ref="4082" role="right"/>
    <member type="way" ref="4081" role="left"/>
    <tag k="type" v="lanelet"/>
    <tag k="subtype" v="road"/>
    <tag k="location" v="urban"/>
  </relation>
  <relation id="4092" action="modify" visible="true" version="1">
    <member type="way" ref="4091" role="right"/>
    <member type="way" ref="4090" role="left"/>
    <tag k="type" v="lanelet"/>
    <tag k="subtype" v="road"/>
    <tag k="location" v="urban"/>
  </relation>
  <relation id="4105" action="modify" visible="true" version="1">
    <member type="way" ref="4104" role="right"/>
    <member type="way" ref="4103" role="left"/>
    <tag k="type" v="lanelet"/>
    <tag k="subtype" v="road"/>
    <tag k="location" v="urban"/>
  </relation>
  <relation id="4112" action="modify" visible="true" version="1">
    <member type="way" ref="4111" role="right"/>
    <member type="way" ref="4104" role="left"/>
    <tag k="type" v="lanelet"/>
    <tag k="subtype" v="road"/>
    <tag k="location" v="urban"/>
  </relation>
  <relation id="4118" action="modify" visible="true" version="1">
    <member type="way" ref="4117" role="right"/>
    <member type="way" ref="4111" role="left"/>
    <tag k="type" v="lanelet"/>
    <tag k="subtype" v="road"/>
    <tag k="location" v="urban"/>
  </relation>
  <relation id="4129" action="modify" visible="true" version="1">
    <member type="way" ref="4128" role="right"/>
    <member type="way" ref="4127" role="left"/>
    <tag k="type" v="lanelet"/>
    <tag k="subtype" v="road"/>
    <tag k="location" v="urban"/>
  </relation>
  <relation id="4136" action="modify" visible="true" version="1">
    <member type="way" ref="4135" role="right"/>
    <member type="way" ref="4134" role="left"/>
    <tag k="type" v="lanelet"/>
    <tag k="subtype" v="road"/>
    <tag k="location" v="urban"/>
  </relation>
  <relation id="4149" action="modify" visible="true" version="1">
    <member type="way" ref="4148" role="right"/>
    <member type="way" ref="4147" role="left"/>
    <tag k="type" v="lanelet"/>
    <tag k="subtype" v="road"/>
    <tag k="location" v="urban"/>
  </relation>
  <relation id="4156" action="modify" visible="true" version="1">
    <member type="way" ref="4155" role="right"/>
    <member type="way" ref="4148" role="left"/>
    <tag k="type" v="lanelet"/>
    <tag k="subtype" v="road"/>
    <tag k="location" v="urban"/>
  </relation>
  <relation id="4167" action="modify" visible="true" version="1">
    <member type="way" ref="4166" role="right"/>
    <member type="way" ref="4165" role="left"/>
    <tag k="type" v="lanelet"/>
    <tag k="subtype" v="road"/>
    <tag k="location" v="urban"/>
  </relation>
  <relation id="4172" action="modify" visible="true" version="1">
    <member type="way" ref="4171" role="right"/>
    <member type="way" ref="4170" role="left"/>
    <tag k="type" v="lanelet"/>
    <tag k="subtype" v="road"/>
    <tag k="location" v="urban"/>
  </relation>
  <relation id="4185" action="modify" visible="true" version="1">
    <member type="way" ref="4184" role="right"/>
    <member type="way" ref="4183" role="left"/>
    <tag k="type" v="lanelet"/>
    <tag k="subtype" v="road"/>
    <tag k="location" v="urban"/>
  </relation>
  <relation id="4192" action="modify" visible="true" version="1">
    <member type="way" ref="4191" role="right"/>
    <member type="way" ref="4184" role="left"/>
    <tag k="type" v="lanelet"/>
    <tag k="subtype" v="road"/>
    <tag k="location" v="urban"/>
  </relation>
  <relation id="4199" action="modify" visible="true" version="1">
    <member type="way" ref="4198" role="right"/>
    <member type="way" ref="4191" role="left"/>
    <tag k="type" v="lanelet"/>
    <tag k="subtype" v="road"/>
    <tag k="location" v="urban"/>
  </relation>
  <relation id="4208" action="modify" visible="true" version="1">
    <member type="way" ref="4207" role="right"/>
    <member type="way" ref="4206" role="left"/>
    <tag k="type" v="lanelet"/>
    <tag k="subtype" v="road"/>
    <tag k="location" v="urban"/>
  </relation>
  <relation id="4215" action="modify" visible="true" version="1">
    <member type="way" ref="4214" role="right"/>
    <member type="way" ref="4213" role="left"/>
    <tag k="type" v="lanelet"/>
    <tag k="subtype" v="road"/>
    <tag k="location" v="urban"/>
  </relation>
  <relation id="4226" action="modify" visible="true" version="1">
    <member type="way" ref="4225" role="right"/>
    <member type="way" ref="4224" role="left"/>
    <tag k="type" v="lanelet"/>
    <tag k="subtype" v="road"/>
    <tag k="location" v="urban"/>
  </relation>
  <relation id="4232" action="modify" visible="true" version="1">
    <member type="way" ref="4231" role="right"/>
    <member type="way" ref="4225" role="left"/>
    <tag k="type" v="lanelet"/>
    <tag k="subtype" v="road"/>
    <tag k="location" v="urban"/>
  </relation>
  <relation id="4243" action="modify" visible="true" version="1">
    <member type="way" ref="4242" role="right"/>
    <member type="way" ref="4241" role="left"/>
    <tag k="type" v="lanelet"/>
    <tag k="subtype" v="road"/>
    <tag k="location" v="urban"/>
  </relation>
  <relation id="4252" action="modify" visible="true" version="1">
    <member type="way" ref="4251" role="right"/>
    <member type="way" ref="4250" role="left"/>
    <tag k="type" v="lanelet"/>
    <tag k="subtype" v="road"/>
    <tag k="location" v="urban"/>
  </relation>
  <relation id="4257" action="modify" visible="true" version="1">
    <member type="way" ref="4256" role="right"/>
    <member type="way" ref="4255" role="left"/>
    <tag k="type" v="lanelet"/>
    <tag k="subtype" v="road"/>
    <tag k="location" v="urban"/>
  </relation>
  <relation id="4268" action="modify" visible="true" version="1">
    <member type="way" ref="4267" role="right"/>
    <member type="way" ref="4266" role="left"/>
    <tag k="type" v="lanelet"/>
    <tag k="subtype" v="road"/>
    <tag k="location" v="urban"/>
  </relation>
  <relation id="4274" action="modify" visible="true" version="1">
    <member type="way" ref="4273" role="right"/>
    <member type="way" ref="4267" role="left"/>
    <tag k="type" v="lanelet"/>
    <tag k="subtype" v="road"/>
    <tag k="location" v="urban"/>
  </relation>
  <relation id="4283" action="modify" visible="true" version="1">
    <member type="way" ref="4282" role="right"/>
    <member type="way" ref="4281" role="left"/>
    <tag k="type" v="lanelet"/>
    <tag k="subtype" v="road"/>
    <tag k="location" v="urban"/>
  </relation>
  <relation id="4288" action="modify" visible="true" version="1">
    <member type="way" ref="4287" role="right"/>
    <member type="way" ref="4286" role="left"/>
    <tag k="type" v="lanelet"/>
    <tag k="subtype" v="road"/>
    <tag k="location" v="urban"/>
  </relation>
  <relation id="4297" action="modify" visible="true" version="1">
    <member type="way" ref="4296" role="right"/>
    <member type="way" ref="4295" role="left"/>
    <tag k="type" v="lanelet"/>
    <tag k="subtype" v="road"/>
    <tag k="location" v="urban"/>
  </relation>
  <relation id="4302" action="modify" visible="true" version="1">
    <member type="way" ref="4301" role="right"/>
    <member type="way" ref="4296" role="left"/>
    <tag k="type" v="lanelet"/>
    <tag k="subtype" v="road"/>
    <tag k="location" v="urban"/>
  </relation>
  <relation id="4311" action="modify" visible="true" version="1">
    <member type="way" ref="4310" role="right"/>
    <member type="way" ref="4309" role="left"/>
    <tag k="type" v="lanelet"/>
    <tag k="subtype" v="road"/>
    <tag k="location" v="urban"/>
  </relation>
  <relation id="4316" action="modify" visible="true" version="1">
    <member type="way" ref="4315" role="right"/>
    <member type="way" ref="4314" role="left"/>
    <tag k="type" v="lanelet"/>
    <tag k="subtype" v="road"/>
    <tag k="location" v="urban"/>
  </relation>
  <relation id="4327" action="modify" visible="true" version="1">
    <member type="way" ref="4326" role="right"/>
    <member type="way" ref="4325" role="left"/>
    <tag k="type" v="lanelet"/>
    <tag k="subtype" v="road"/>
    <tag k="location" v="urban"/>
  </relation>
  <relation id="4333" action="modify" visible="true" version="1">
    <member type="way" ref="4332" role="right"/>
    <member type="way" ref="4326" role="left"/>
    <tag k="type" v="lanelet"/>
    <tag k="subtype" v="road"/>
    <tag k="location" v="urban"/>
  </relation>
  <relation id="4342" action="modify" visible="true" version="1">
    <member type="way" ref="4341" role="right"/>
    <member type="way" ref="4340" role="left"/>
    <tag k="type" v="lanelet"/>
    <tag k="subtype" v="road"/>
    <tag k="location" v="urban"/>
  </relation>
  <relation id="4347" action="modify" visible="true" version="1">
    <member type="way" ref="4346" role="right"/>
    <member type="way" ref="4345" role="left"/>
    <tag k="type" v="lanelet"/>
    <tag k="subtype" v="road"/>
    <tag k="location" v="urban"/>
  </relation>
  <relation id="4356" action="modify" visible="true" version="1">
    <member type="way" ref="4355" role="right"/>
    <member type="way" ref="4354" role="left"/>
    <tag k="type" v="lanelet"/>
    <tag k="subtype" v="road"/>
    <tag k="location" v="urban"/>
  </relation>
  <relation id="4361" action="modify" visible="true" version="1">
    <member type="way" ref="4360" role="right"/>
    <member type="way" ref="4355" role="left"/>
    <tag k="type" v="lanelet"/>
    <tag k="subtype" v="road"/>
    <tag k="location" v="urban"/>
  </relation>
  <relation id="4370" action="modify" visible="true" version="1">
    <member type="way" ref="4369" role="right"/>
    <member type="way" ref="4368" role="left"/>
    <tag k="type" v="lanelet"/>
    <tag k="subtype" v="road"/>
    <tag k="location" v="urban"/>
  </relation>
  <relation id="4375" action="modify" visible="true" version="1">
    <member type="way" ref="4374" role="right"/>
    <member type="way" ref="4373" role="left"/>
    <tag k="type" v="lanelet"/>
    <tag k="subtype" v="road"/>
    <tag k="location" v="urban"/>
  </relation>
  <relation id="4384" action="modify" visible="true" version="1">
    <member type="way" ref="4383" role="right"/>
    <member type="way" ref="4382" role="left"/>
    <tag k="type" v="lanelet"/>
    <tag k="subtype" v="road"/>
    <tag k="location" v="urban"/>
  </relation>
  <relation id="4389" action="modify" visible="true" version="1">
    <member type="way" ref="4388" role="right"/>
    <member type="way" ref="4383" role="left"/>
    <tag k="type" v="lanelet"/>
    <tag k="subtype" v="road"/>
    <tag k="location" v="urban"/>
  </relation>
  <relation id="4394" action="modify" visible="true" version="1">
    <member type="way" ref="4393" role="right"/>
    <member type="way" ref="4388" role="left"/>
    <tag k="type" v="lanelet"/>
    <tag k="subtype" v="road"/>
    <tag k="location" v="urban"/>
  </relation>
  <relation id="4405" action="modify" visible="true" version="1">
    <member type="way" ref="4404" role="right"/>
    <member type="way" ref="4403" role="left"/>
    <tag k="type" v="lanelet"/>
    <tag k="subtype" v="road"/>
    <tag k="location" v="urban"/>
  </relation>
  <relation id="4414" action="modify" visible="true" version="1">
    <member type="way" ref="4413" role="right"/>
    <member type="way" ref="4412" role="left"/>
    <tag k="type" v="lanelet"/>
    <tag k="subtype" v="road"/>
    <tag k="location" v="urban"/>
  </relation>
  <relation id="4419" action="modify" visible="true" version="1">
    <member type="way" ref="4418" role="right"/>
    <member type="way" ref="4417" role="left"/>
    <tag k="type" v="lanelet"/>
    <tag k="subtype" v="road"/>
    <tag k="location" v="urban"/>
  </relation>
  <relation id="4430" action="modify" visible="true" version="1">
    <member type="way" ref="4429" role="right"/>
    <member type="way" ref="4428" role="left"/>
    <tag k="type" v="lanelet"/>
    <tag k="subtype" v="road"/>
    <tag k="location" v="urban"/>
  </relation>
  <relation id="4439" action="modify" visible="true" version="1">
    <member type="way" ref="4438" role="right"/>
    <member type="way" ref="4437" role="left"/>
    <tag k="type" v="lanelet"/>
    <tag k="subtype" v="road"/>
    <tag k="location" v="urban"/>
  </relation>
  <relation id="4444" action="modify" visible="true" version="1">
    <member type="way" ref="4443" role="right"/>
    <member type="way" ref="4442" role="left"/>
    <tag k="type" v="lanelet"/>
    <tag k="subtype" v="road"/>
    <tag k="location" v="urban"/>
  </relation>
  <relation id="4449" action="modify" visible="true" version="1">
    <member type="way" ref="4448" role="right"/>
    <member type="way" ref="4447" role="left"/>
    <tag k="type" v="lanelet"/>
    <tag k="subtype" v="road"/>
    <tag k="location" v="urban"/>
  </relation>
  <relation id="4458" action="modify" visible="true" version="1">
    <member type="way" ref="4457" role="right"/>
    <member type="way" ref="4456" role="left"/>
    <tag k="type" v="lanelet"/>
    <tag k="subtype" v="road"/>
    <tag k="location" v="urban"/>
  </relation>
  <relation id="4463" action="modify" visible="true" version="1">
    <member type="way" ref="4462" role="right"/>
    <member type="way" ref="4457" role="left"/>
    <tag k="type" v="lanelet"/>
    <tag k="subtype" v="road"/>
    <tag k="location" v="urban"/>
  </relation>
  <relation id="4468" action="modify" visible="true" version="1">
    <member type="way" ref="4467" role="right"/>
    <member type="way" ref="4462" role="left"/>
    <tag k="type" v="lanelet"/>
    <tag k="subtype" v="road"/>
    <tag k="location" v="urban"/>
  </relation>
  <relation id="4473" action="modify" visible="true" version="1">
    <member type="way" ref="4472" role="right"/>
    <member type="way" ref="4471" role="left"/>
    <tag k="type" v="lanelet"/>
    <tag k="subtype" v="road"/>
    <tag k="location" v="urban"/>
  </relation>
  <relation id="4480" action="modify" visible="true" version="1">
    <member type="way" ref="4479" role="right"/>
    <member type="way" ref="4478" role="left"/>
    <tag k="type" v="lanelet"/>
    <tag k="subtype" v="road"/>
    <tag k="location" v="urban"/>
  </relation>
  <relation id="4489" action="modify" visible="true" version="1">
    <member type="way" ref="4488" role="right"/>
    <member type="way" ref="4487" role="left"/>
    <tag k="type" v="lanelet"/>
    <tag k="subtype" v="road"/>
    <tag k="location" v="urban"/>
  </relation>
  <relation id="4496" action="modify" visible="true" version="1">
    <member type="way" ref="4495" role="right"/>
    <member type="way" ref="4494" role="left"/>
    <tag k="type" v="lanelet"/>
    <tag k="subtype" v="road"/>
    <tag k="location" v="urban"/>
  </relation>
  <relation id="4501" action="modify" visible="true" version="1">
    <member type="way" ref="4500" role="right"/>
    <member type="way" ref="4499" role="left"/>
    <tag k="type" v="lanelet"/>
    <tag k="subtype" v="road"/>
    <tag k="location" v="urban"/>
  </relation>
  <relation id="4506" action="modify" visible="true" version="1">
    <member type="way" ref="4505" role="right"/>
    <member type="way" ref="4504" role="left"/>
    <tag k="type" v="lanelet"/>
    <tag k="subtype" v="road"/>
    <tag k="location" v="urban"/>
  </relation>
  <relation id="4515" action="modify" visible="true" version="1">
    <member type="way" ref="4514" role="right"/>
    <member type="way" ref="4513" role="left"/>
    <tag k="type" v="lanelet"/>
    <tag k="subtype" v="road"/>
    <tag k="location" v="urban"/>
  </relation>
  <relation id="4520" action="modify" visible="true" version="1">
    <member type="way" ref="4519" role="right"/>
    <member type="way" ref="4514" role="left"/>
    <tag k="type" v="lanelet"/>
    <tag k="subtype" v="road"/>
    <tag k="location" v="urban"/>
  </relation>
  <relation id="4529" action="modify" visible="true" version="1">
    <member type="way" ref="4528" role="right"/>
    <member type="way" ref="4527" role="left"/>
    <tag k="type" v="lanelet"/>
    <tag k="subtype" v="road"/>
    <tag k="location" v="urban"/>
  </relation>
  <relation id="4534" action="modify" visible="true" version="1">
    <member type="way" ref="4533" role="right"/>
    <member type="way" ref="4528" role="left"/>
    <tag k="type" v="lanelet"/>
    <tag k="subtype" v="road"/>
    <tag k="location" v="urban"/>
  </relation>
  <relation id="4541" action="modify" visible="true" version="1">
    <member type="way" ref="4540" role="right"/>
    <member type="way" ref="4539" role="left"/>
    <tag k="type" v="lanelet"/>
    <tag k="subtype" v="road"/>
    <tag k="location" v="urban"/>
  </relation>
  <relation id="4556" action="modify" visible="true" version="1">
    <member type="way" ref="4555" role="right"/>
    <member type="way" ref="4554" role="left"/>
    <tag k="type" v="lanelet"/>
    <tag k="subtype" v="road"/>
    <tag k="location" v="urban"/>
  </relation>
  <relation id="4589" action="modify" visible="true" version="1">
    <member type="way" ref="4588" role="right"/>
    <member type="way" ref="4587" role="left"/>
    <tag k="type" v="lanelet"/>
    <tag k="subtype" v="road"/>
    <tag k="location" v="urban"/>
  </relation>
  <relation id="4596" action="modify" visible="true" version="1">
    <member type="way" ref="4595" role="right"/>
    <member type="way" ref="4594" role="left"/>
    <tag k="type" v="lanelet"/>
    <tag k="subtype" v="road"/>
    <tag k="location" v="urban"/>
  </relation>
  <relation id="4600" action="modify" visible="true" version="1">
    <member type="way" ref="4599" role="right"/>
    <member type="way" ref="4595" role="left"/>
    <tag k="type" v="lanelet"/>
    <tag k="subtype" v="road"/>
    <tag k="location" v="urban"/>
  </relation>
  <relation id="4607" action="modify" visible="true" version="1">
    <member type="way" ref="4606" role="right"/>
    <member type="way" ref="4605" role="left"/>
    <tag k="type" v="lanelet"/>
    <tag k="subtype" v="road"/>
    <tag k="location" v="urban"/>
  </relation>
  <relation id="4614" action="modify" visible="true" version="1">
    <member type="way" ref="4613" role="right"/>
    <member type="way" ref="4612" role="left"/>
    <tag k="type" v="lanelet"/>
    <tag k="subtype" v="road"/>
    <tag k="location" v="urban"/>
  </relation>
  <relation id="4621" action="modify" visible="true" version="1">
    <member type="way" ref="4620" role="right"/>
    <member type="way" ref="4619" role="left"/>
    <tag k="type" v="lanelet"/>
    <tag k="subtype" v="road"/>
    <tag k="location" v="urban"/>
  </relation>
  <relation id="4626" action="modify" visible="true" version="1">
    <member type="way" ref="4625" role="right"/>
    <member type="way" ref="4624" role="left"/>
    <tag k="type" v="lanelet"/>
    <tag k="subtype" v="road"/>
    <tag k="location" v="urban"/>
  </relation>
  <relation id="4633" action="modify" visible="true" version="1">
    <member type="way" ref="4632" role="right"/>
    <member type="way" ref="4631" role="left"/>
    <tag k="type" v="lanelet"/>
    <tag k="subtype" v="road"/>
    <tag k="location" v="urban"/>
  </relation>
  <relation id="4637" action="modify" visible="true" version="1">
    <member type="way" ref="4636" role="right"/>
    <member type="way" ref="4632" role="left"/>
    <tag k="type" v="lanelet"/>
    <tag k="subtype" v="road"/>
    <tag k="location" v="urban"/>
  </relation>
  <relation id="4642" action="modify" visible="true" version="1">
    <member type="way" ref="4641" role="right"/>
    <member type="way" ref="4640" role="left"/>
    <tag k="type" v="lanelet"/>
    <tag k="subtype" v="road"/>
    <tag k="location" v="urban"/>
  </relation>
  <relation id="4649" action="modify" visible="true" version="1">
    <member type="way" ref="4648" role="right"/>
    <member type="way" ref="4647" role="left"/>
    <tag k="type" v="lanelet"/>
    <tag k="subtype" v="road"/>
    <tag k="location" v="urban"/>
  </relation>
  <relation id="4654" action="modify" visible="true" version="1">
    <member type="way" ref="4653" role="right"/>
    <member type="way" ref="4652" role="left"/>
    <tag k="type" v="lanelet"/>
    <tag k="subtype" v="road"/>
    <tag k="location" v="urban"/>
  </relation>
  <relation id="4659" action="modify" visible="true" version="1">
    <member type="way" ref="4658" role="right"/>
    <member type="way" ref="4657" role="left"/>
    <tag k="type" v="lanelet"/>
    <tag k="subtype" v="road"/>
    <tag k="location" v="urban"/>
  </relation>
  <relation id="4666" action="modify" visible="true" version="1">
    <member type="way" ref="4665" role="right"/>
    <member type="way" ref="4664" role="left"/>
    <tag k="type" v="lanelet"/>
    <tag k="subtype" v="road"/>
    <tag k="location" v="urban"/>
  </relation>
  <relation id="4670" action="modify" visible="true" version="1">
    <member type="way" ref="4669" role="right"/>
    <member type="way" ref="4665" role="left"/>
    <tag k="type" v="lanelet"/>
    <tag k="subtype" v="road"/>
    <tag k="location" v="urban"/>
  </relation>
  <relation id="4675" action="modify" visible="true" version="1">
    <member type="way" ref="4674" role="right"/>
    <member type="way" ref="4673" role="left"/>
    <tag k="type" v="lanelet"/>
    <tag k="subtype" v="road"/>
    <tag k="location" v="urban"/>
  </relation>
  <relation id="4682" action="modify" visible="true" version="1">
    <member type="way" ref="4681" role="right"/>
    <member type="way" ref="4680" role="left"/>
    <tag k="type" v="lanelet"/>
    <tag k="subtype" v="road"/>
    <tag k="location" v="urban"/>
  </relation>
  <relation id="4686" action="modify" visible="true" version="1">
    <member type="way" ref="4685" role="right"/>
    <member type="way" ref="4681" role="left"/>
    <tag k="type" v="lanelet"/>
    <tag k="subtype" v="road"/>
    <tag k="location" v="urban"/>
  </relation>
  <relation id="4693" action="modify" visible="true" version="1">
    <member type="way" ref="4692" role="right"/>
    <member type="way" ref="4691" role="left"/>
    <tag k="type" v="lanelet"/>
    <tag k="subtype" v="road"/>
    <tag k="location" v="urban"/>
  </relation>
  <relation id="4700" action="modify" visible="true" version="1">
    <member type="way" ref="4699" role="right"/>
    <member type="way" ref="4698" role="left"/>
    <tag k="type" v="lanelet"/>
    <tag k="subtype" v="road"/>
    <tag k="location" v="urban"/>
  </relation>
  <relation id="4705" action="modify" visible="true" version="1">
    <member type="way" ref="4704" role="right"/>
    <member type="way" ref="4703" role="left"/>
    <tag k="type" v="lanelet"/>
    <tag k="subtype" v="road"/>
    <tag k="location" v="urban"/>
  </relation>
  <relation id="4710" action="modify" visible="true" version="1">
    <member type="way" ref="4709" role="right"/>
    <member type="way" ref="4708" role="left"/>
    <tag k="type" v="lanelet"/>
    <tag k="subtype" v="road"/>
    <tag k="location" v="urban"/>
  </relation>
  <relation id="4715" action="modify" visible="true" version="1">
    <member type="way" ref="4714" role="right"/>
    <member type="way" ref="4713" role="left"/>
    <tag k="type" v="lanelet"/>
    <tag k="subtype" v="road"/>
    <tag k="location" v="urban"/>
  </relation>
  <relation id="4720" action="modify" visible="true" version="1">
    <member type="way" ref="4719" role="right"/>
    <member type="way" ref="4718" role="left"/>
    <tag k="type" v="lanelet"/>
    <tag k="subtype" v="road"/>
    <tag k="location" v="urban"/>
  </relation>
  <relation id="4727" action="modify" visible="true" version="1">
    <member type="way" ref="4726" role="right"/>
    <member type="way" ref="4725" role="left"/>
    <tag k="type" v="lanelet"/>
    <tag k="subtype" v="road"/>
    <tag k="location" v="urban"/>
  </relation>
  <relation id="4732" action="modify" visible="true" version="1">
    <member type="way" ref="4731" role="right"/>
    <member type="way" ref="4730" role="left"/>
    <tag k="type" v="lanelet"/>
    <tag k="subtype" v="road"/>
    <tag k="location" v="urban"/>
  </relation>
  <relation id="4737" action="modify" visible="true" version="1">
    <member type="way" ref="4736" role="right"/>
    <member type="way" ref="4735" role="left"/>
    <tag k="type" v="lanelet"/>
    <tag k="subtype" v="road"/>
    <tag k="location" v="urban"/>
  </relation>
  <relation id="4746" action="modify" visible="true" version="1">
    <member type="way" ref="4745" role="right"/>
    <member type="way" ref="4744" role="left"/>
    <tag k="type" v="lanelet"/>
    <tag k="subtype" v="road"/>
    <tag k="location" v="urban"/>
  </relation>
  <relation id="4751" action="modify" visible="true" version="1">
    <member type="way" ref="4750" role="right"/>
    <member type="way" ref="4745" role="left"/>
    <tag k="type" v="lanelet"/>
    <tag k="subtype" v="road"/>
    <tag k="location" v="urban"/>
  </relation>
  <relation id="4760" action="modify" visible="true" version="1">
    <member type="way" ref="4759" role="right"/>
    <member type="way" ref="4758" role="left"/>
    <tag k="type" v="lanelet"/>
    <tag k="subtype" v="road"/>
    <tag k="location" v="urban"/>
  </relation>
  <relation id="4765" action="modify" visible="true" version="1">
    <member type="way" ref="4764" role="right"/>
    <member type="way" ref="4759" role="left"/>
    <tag k="type" v="lanelet"/>
    <tag k="subtype" v="road"/>
    <tag k="location" v="urban"/>
  </relation>
  <relation id="4772" action="modify" visible="true" version="1">
    <member type="way" ref="4771" role="right"/>
    <member type="way" ref="4770" role="left"/>
    <tag k="type" v="lanelet"/>
    <tag k="subtype" v="road"/>
    <tag k="location" v="urban"/>
  </relation>
  <relation id="4777" action="modify" visible="true" version="1">
    <member type="way" ref="4776" role="right"/>
    <member type="way" ref="4775" role="left"/>
    <tag k="type" v="lanelet"/>
    <tag k="subtype" v="road"/>
    <tag k="location" v="urban"/>
  </relation>
  <relation id="4784" action="modify" visible="true" version="1">
    <member type="way" ref="4783" role="right"/>
    <member type="way" ref="4782" role="left"/>
    <tag k="type" v="lanelet"/>
    <tag k="subtype" v="road"/>
    <tag k="location" v="urban"/>
  </relation>
  <relation id="4789" action="modify" visible="true" version="1">
    <member type="way" ref="4788" role="right"/>
    <member type="way" ref="4787" role="left"/>
    <tag k="type" v="lanelet"/>
    <tag k="subtype" v="road"/>
    <tag k="location" v="urban"/>
  </relation>
  <relation id="4796" action="modify" visible="true" version="1">
    <member type="way" ref="4795" role="right"/>
    <member type="way" ref="4794" role="left"/>
    <tag k="type" v="lanelet"/>
    <tag k="subtype" v="road"/>
    <tag k="location" v="urban"/>
  </relation>
  <relation id="4809" action="modify" visible="true" version="1">
    <member type="way" ref="4808" role="right"/>
    <member type="way" ref="4807" role="left"/>
    <tag k="type" v="lanelet"/>
    <tag k="subtype" v="road"/>
    <tag k="location" v="urban"/>
  </relation>
  <relation id="4816" action="modify" visible="true" version="1">
    <member type="way" ref="4815" role="right"/>
    <member type="way" ref="4808" role="left"/>
    <tag k="type" v="lanelet"/>
    <tag k="subtype" v="road"/>
    <tag k="location" v="urban"/>
  </relation>
  <relation id="4823" action="modify" visible="true" version="1">
    <member type="way" ref="4822" role="right"/>
    <member type="way" ref="4815" role="left"/>
    <tag k="type" v="lanelet"/>
    <tag k="subtype" v="road"/>
    <tag k="location" v="urban"/>
  </relation>
  <relation id="4834" action="modify" visible="true" version="1">
    <member type="way" ref="4833" role="right"/>
    <member type="way" ref="4832" role="left"/>
    <tag k="type" v="lanelet"/>
    <tag k="subtype" v="road"/>
    <tag k="location" v="urban"/>
  </relation>
  <relation id="4839" action="modify" visible="true" version="1">
    <member type="way" ref="4838" role="right"/>
    <member type="way" ref="4837" role="left"/>
    <tag k="type" v="lanelet"/>
    <tag k="subtype" v="road"/>
    <tag k="location" v="urban"/>
  </relation>
  <relation id="4852" action="modify" visible="true" version="1">
    <member type="way" ref="4851" role="right"/>
    <member type="way" ref="4850" role="left"/>
    <tag k="type" v="lanelet"/>
    <tag k="subtype" v="road"/>
    <tag k="location" v="urban"/>
  </relation>
  <relation id="4859" action="modify" visible="true" version="1">
    <member type="way" ref="4858" role="right"/>
    <member type="way" ref="4851" role="left"/>
    <tag k="type" v="lanelet"/>
    <tag k="subtype" v="road"/>
    <tag k="location" v="urban"/>
  </relation>
  <relation id="4866" action="modify" visible="true" version="1">
    <member type="way" ref="4865" role="right"/>
    <member type="way" ref="4858" role="left"/>
    <tag k="type" v="lanelet"/>
    <tag k="subtype" v="road"/>
    <tag k="location" v="urban"/>
  </relation>
  <relation id="4877" action="modify" visible="true" version="1">
    <member type="way" ref="4876" role="right"/>
    <member type="way" ref="4875" role="left"/>
    <tag k="type" v="lanelet"/>
    <tag k="subtype" v="road"/>
    <tag k="location" v="urban"/>
  </relation>
  <relation id="4884" action="modify" visible="true" version="1">
    <member type="way" ref="4883" role="right"/>
    <member type="way" ref="4882" role="left"/>
    <tag k="type" v="lanelet"/>
    <tag k="subtype" v="road"/>
    <tag k="location" v="urban"/>
  </relation>
  <relation id="4897" action="modify" visible="true" version="1">
    <member type="way" ref="4896" role="right"/>
    <member type="way" ref="4895" role="left"/>
    <tag k="type" v="lanelet"/>
    <tag k="subtype" v="road"/>
    <tag k="location" v="urban"/>
  </relation>
  <relation id="4904" action="modify" visible="true" version="1">
    <member type="way" ref="4903" role="right"/>
    <member type="way" ref="4896" role="left"/>
    <tag k="type" v="lanelet"/>
    <tag k="subtype" v="road"/>
    <tag k="location" v="urban"/>
  </relation>
  <relation id="4911" action="modify" visible="true" version="1">
    <member type="way" ref="4910" role="right"/>
    <member type="way" ref="4903" role="left"/>
    <tag k="type" v="lanelet"/>
    <tag k="subtype" v="road"/>
    <tag k="location" v="urban"/>
  </relation>
  <relation id="4922" action="modify" visible="true" version="1">
    <member type="way" ref="4921" role="right"/>
    <member type="way" ref="4920" role="left"/>
    <tag k="type" v="lanelet"/>
    <tag k="subtype" v="road"/>
    <tag k="location" v="urban"/>
  </relation>
  <relation id="4929" action="modify" visible="true" version="1">
    <member type="way" ref="4928" role="right"/>
    <member type="way" ref="4927" role="left"/>
    <tag k="type" v="lanelet"/>
    <tag k="subtype" v="road"/>
    <tag k="location" v="urban"/>
  </relation>
  <relation id="4942" action="modify" visible="true" version="1">
    <member type="way" ref="4941" role="right"/>
    <member type="way" ref="4940" role="left"/>
    <tag k="type" v="lanelet"/>
    <tag k="subtype" v="road"/>
    <tag k="location" v="urban"/>
  </relation>
  <relation id="4949" action="modify" visible="true" version="1">
    <member type="way" ref="4948" role="right"/>
    <member type="way" ref="4941" role="left"/>
    <tag k="type" v="lanelet"/>
    <tag k="subtype" v="road"/>
    <tag k="location" v="urban"/>
  </relation>
  <relation id="4956" action="modify" visible="true" version="1">
    <member type="way" ref="4955" role="right"/>
    <member type="way" ref="4948" role="left"/>
    <tag k="type" v="lanelet"/>
    <tag k="subtype" v="road"/>
    <tag k="location" v="urban"/>
  </relation>
  <relation id="4969" action="modify" visible="true" version="1">
    <member type="way" ref="4968" role="right"/>
    <member type="way" ref="4967" role="left"/>
    <tag k="type" v="lanelet"/>
    <tag k="subtype" v="road"/>
    <tag k="location" v="urban"/>
  </relation>
  <relation id="4974" action="modify" visible="true" version="1">
    <member type="way" ref="4973" role="right"/>
    <member type="way" ref="4972" role="left"/>
    <tag k="type" v="lanelet"/>
    <tag k="subtype" v="road"/>
    <tag k="location" v="urban"/>
  </relation>
  <relation id="4985" action="modify" visible="true" version="1">
    <member type="way" ref="4984" role="right"/>
    <member type="way" ref="4983" role="left"/>
    <tag k="type" v="lanelet"/>
    <tag k="subtype" v="road"/>
    <tag k="location" v="urban"/>
  </relation>
  <relation id="4994" action="modify" visible="true" version="1">
    <member type="way" ref="4993" role="right"/>
    <member type="way" ref="4992" role="left"/>
    <tag k="type" v="lanelet"/>
    <tag k="subtype" v="road"/>
    <tag k="location" v="urban"/>
  </relation>
  <relation id="5001" action="modify" visible="true" version="1">
    <member type="way" ref="5000" role="right"/>
    <member type="way" ref="4999" role="left"/>
    <tag k="type" v="lanelet"/>
    <tag k="subtype" v="road"/>
    <tag k="location" v="urban"/>
  </relation>
  <relation id="5006" action="modify" visible="true" version="1">
    <member type="way" ref="5005" role="right"/>
    <member type="way" ref="5004" role="left"/>
    <tag k="type" v="lanelet"/>
    <tag k="subtype" v="road"/>
    <tag k="location" v="urban"/>
  </relation>
  <relation id="5015" action="modify" visible="true" version="1">
    <member type="way" ref="5014" role="right"/>
    <member type="way" ref="5013" role="left"/>
    <tag k="type" v="lanelet"/>
    <tag k="subtype" v="road"/>
    <tag k="location" v="urban"/>
  </relation>
  <relation id="5020" action="modify" visible="true" version="1">
    <member type="way" ref="5019" role="right"/>
    <member type="way" ref="5014" role="left"/>
    <tag k="type" v="lanelet"/>
    <tag k="subtype" v="road"/>
    <tag k="location" v="urban"/>
  </relation>
  <relation id="5025" action="modify" visible="true" version="1">
    <member type="way" ref="5024" role="right"/>
    <member type="way" ref="5019" role="left"/>
    <tag k="type" v="lanelet"/>
    <tag k="subtype" v="road"/>
    <tag k="location" v="urban"/>
  </relation>
  <relation id="5034" action="modify" visible="true" version="1">
    <member type="way" ref="5033" role="right"/>
    <member type="way" ref="5032" role="left"/>
    <tag k="type" v="lanelet"/>
    <tag k="subtype" v="road"/>
    <tag k="location" v="urban"/>
  </relation>
  <relation id="5039" action="modify" visible="true" version="1">
    <member type="way" ref="5038" role="right"/>
    <member type="way" ref="5033" role="left"/>
    <tag k="type" v="lanelet"/>
    <tag k="subtype" v="road"/>
    <tag k="location" v="urban"/>
  </relation>
  <relation id="5044" action="modify" visible="true" version="1">
    <member type="way" ref="5043" role="right"/>
    <member type="way" ref="5038" role="left"/>
    <tag k="type" v="lanelet"/>
    <tag k="subtype" v="road"/>
    <tag k="location" v="urban"/>
  </relation>
  <relation id="5055" action="modify" visible="true" version="1">
    <member type="way" ref="5054" role="right"/>
    <member type="way" ref="5053" role="left"/>
    <tag k="type" v="lanelet"/>
    <tag k="subtype" v="road"/>
    <tag k="location" v="urban"/>
  </relation>
  <relation id="5064" action="modify" visible="true" version="1">
    <member type="way" ref="5063" role="right"/>
    <member type="way" ref="5062" role="left"/>
    <tag k="type" v="lanelet"/>
    <tag k="subtype" v="road"/>
    <tag k="location" v="urban"/>
  </relation>
  <relation id="5071" action="modify" visible="true" version="1">
    <member type="way" ref="5070" role="right"/>
    <member type="way" ref="5069" role="left"/>
    <tag k="type" v="lanelet"/>
    <tag k="subtype" v="road"/>
    <tag k="location" v="urban"/>
  </relation>
  <relation id="5076" action="modify" visible="true" version="1">
    <member type="way" ref="5075" role="right"/>
    <member type="way" ref="5074" role="left"/>
    <tag k="type" v="lanelet"/>
    <tag k="subtype" v="road"/>
    <tag k="location" v="urban"/>
  </relation>
  <relation id="5103" action="modify" visible="true" version="1">
    <member type="way" ref="5102" role="right"/>
    <member type="way" ref="5101" role="left"/>
    <tag k="type" v="lanelet"/>
    <tag k="subtype" v="road"/>
    <tag k="location" v="urban"/>
  </relation>
  <relation id="5108" action="modify" visible="true" version="1">
    <member type="way" ref="5107" role="right"/>
    <member type="way" ref="5106" role="left"/>
    <tag k="type" v="lanelet"/>
    <tag k="subtype" v="road"/>
    <tag k="location" v="urban"/>
  </relation>
  <relation id="5113" action="modify" visible="true" version="1">
    <member type="way" ref="5112" role="right"/>
    <member type="way" ref="5111" role="left"/>
    <tag k="type" v="lanelet"/>
    <tag k="subtype" v="road"/>
    <tag k="location" v="urban"/>
  </relation>
  <relation id="5172" action="modify" visible="true" version="1">
    <member type="way" ref="5171" role="right"/>
    <member type="way" ref="5170" role="left"/>
    <tag k="type" v="lanelet"/>
    <tag k="subtype" v="road"/>
    <tag k="location" v="urban"/>
  </relation>
  <relation id="5245" action="modify" visible="true" version="1">
    <member type="way" ref="5244" role="right"/>
    <member type="way" ref="5243" role="left"/>
    <tag k="type" v="lanelet"/>
    <tag k="subtype" v="road"/>
    <tag k="location" v="urban"/>
  </relation>
  <relation id="5252" action="modify" visible="true" version="1">
    <member type="way" ref="5251" role="right"/>
    <member type="way" ref="5250" role="left"/>
    <tag k="type" v="lanelet"/>
    <tag k="subtype" v="road"/>
    <tag k="location" v="urban"/>
  </relation>
  <relation id="5257" action="modify" visible="true" version="1">
    <member type="way" ref="5256" role="right"/>
    <member type="way" ref="5255" role="left"/>
    <tag k="type" v="lanelet"/>
    <tag k="subtype" v="road"/>
    <tag k="location" v="urban"/>
  </relation>
  <relation id="5264" action="modify" visible="true" version="1">
    <member type="way" ref="5263" role="right"/>
    <member type="way" ref="5262" role="left"/>
    <tag k="type" v="lanelet"/>
    <tag k="subtype" v="road"/>
    <tag k="location" v="urban"/>
  </relation>
  <relation id="5279" action="modify" visible="true" version="1">
    <member type="way" ref="5278" role="right"/>
    <member type="way" ref="5277" role="left"/>
    <tag k="type" v="lanelet"/>
    <tag k="subtype" v="road"/>
    <tag k="location" v="urban"/>
  </relation>
  <relation id="5290" action="modify" visible="true" version="1">
    <member type="way" ref="5289" role="right"/>
    <member type="way" ref="5288" role="left"/>
    <tag k="type" v="lanelet"/>
    <tag k="subtype" v="road"/>
    <tag k="location" v="urban"/>
  </relation>
  <relation id="5296" action="modify" visible="true" version="1">
    <member type="way" ref="5295" role="right"/>
    <member type="way" ref="5289" role="left"/>
    <tag k="type" v="lanelet"/>
    <tag k="subtype" v="road"/>
    <tag k="location" v="urban"/>
  </relation>
  <relation id="5305" action="modify" visible="true" version="1">
    <member type="way" ref="5304" role="right"/>
    <member type="way" ref="5303" role="left"/>
    <tag k="type" v="lanelet"/>
    <tag k="subtype" v="road"/>
    <tag k="location" v="urban"/>
  </relation>
  <relation id="5312" action="modify" visible="true" version="1">
    <member type="way" ref="5311" role="right"/>
    <member type="way" ref="5310" role="left"/>
    <tag k="type" v="lanelet"/>
    <tag k="subtype" v="road"/>
    <tag k="location" v="urban"/>
  </relation>
  <relation id="5317" action="modify" visible="true" version="1">
    <member type="way" ref="5316" role="right"/>
    <member type="way" ref="5315" role="left"/>
    <tag k="type" v="lanelet"/>
    <tag k="subtype" v="road"/>
    <tag k="location" v="urban"/>
  </relation>
  <relation id="5324" action="modify" visible="true" version="1">
    <member type="way" ref="5323" role="right"/>
    <member type="way" ref="5322" role="left"/>
    <tag k="type" v="lanelet"/>
    <tag k="subtype" v="road"/>
    <tag k="location" v="urban"/>
  </relation>
  <relation id="5333" action="modify" visible="true" version="1">
    <member type="way" ref="5332" role="right"/>
    <member type="way" ref="5331" role="left"/>
    <tag k="type" v="lanelet"/>
    <tag k="subtype" v="road"/>
    <tag k="location" v="urban"/>
  </relation>
  <relation id="5340" action="modify" visible="true" version="1">
    <member type="way" ref="5339" role="right"/>
    <member type="way" ref="5338" role="left"/>
    <tag k="type" v="lanelet"/>
    <tag k="subtype" v="road"/>
    <tag k="location" v="urban"/>
  </relation>
  <relation id="5345" action="modify" visible="true" version="1">
    <member type="way" ref="5344" role="right"/>
    <member type="way" ref="5343" role="left"/>
    <tag k="type" v="lanelet"/>
    <tag k="subtype" v="road"/>
    <tag k="location" v="urban"/>
  </relation>
  <relation id="5350" action="modify" visible="true" version="1">
    <member type="way" ref="5349" role="right"/>
    <member type="way" ref="5348" role="left"/>
    <tag k="type" v="lanelet"/>
    <tag k="subtype" v="road"/>
    <tag k="location" v="urban"/>
  </relation>
  <relation id="5359" action="modify" visible="true" version="1">
    <member type="way" ref="5358" role="right"/>
    <member type="way" ref="5357" role="left"/>
    <tag k="type" v="lanelet"/>
    <tag k="subtype" v="road"/>
    <tag k="location" v="urban"/>
  </relation>
  <relation id="5364" action="modify" visible="true" version="1">
    <member type="way" ref="5363" role="right"/>
    <member type="way" ref="5358" role="left"/>
    <tag k="type" v="lanelet"/>
    <tag k="subtype" v="road"/>
    <tag k="location" v="urban"/>
  </relation>
  <relation id="5369" action="modify" visible="true" version="1">
    <member type="way" ref="5368" role="right"/>
    <member type="way" ref="5367" role="left"/>
    <tag k="type" v="lanelet"/>
    <tag k="subtype" v="road"/>
    <tag k="location" v="urban"/>
  </relation>
  <relation id="5378" action="modify" visible="true" version="1">
    <member type="way" ref="5377" role="right"/>
    <member type="way" ref="5376" role="left"/>
    <tag k="type" v="lanelet"/>
    <tag k="subtype" v="road"/>
    <tag k="location" v="urban"/>
  </relation>
  <relation id="5383" action="modify" visible="true" version="1">
    <member type="way" ref="5382" role="right"/>
    <member type="way" ref="5377" role="left"/>
    <tag k="type" v="lanelet"/>
    <tag k="subtype" v="road"/>
    <tag k="location" v="urban"/>
  </relation>
  <relation id="5388" action="modify" visible="true" version="1">
    <member type="way" ref="5387" role="right"/>
    <member type="way" ref="5386" role="left"/>
    <tag k="type" v="lanelet"/>
    <tag k="subtype" v="road"/>
    <tag k="location" v="urban"/>
  </relation>
  <relation id="5397" action="modify" visible="true" version="1">
    <member type="way" ref="5396" role="right"/>
    <member type="way" ref="5395" role="left"/>
    <tag k="type" v="lanelet"/>
    <tag k="subtype" v="road"/>
    <tag k="location" v="urban"/>
  </relation>
  <relation id="5402" action="modify" visible="true" version="1">
    <member type="way" ref="5401" role="right"/>
    <member type="way" ref="5396" role="left"/>
    <tag k="type" v="lanelet"/>
    <tag k="subtype" v="road"/>
    <tag k="location" v="urban"/>
  </relation>
  <relation id="5411" action="modify" visible="true" version="1">
    <member type="way" ref="5410" role="right"/>
    <member type="way" ref="5409" role="left"/>
    <tag k="type" v="lanelet"/>
    <tag k="subtype" v="road"/>
    <tag k="location" v="urban"/>
  </relation>
  <relation id="5416" action="modify" visible="true" version="1">
    <member type="way" ref="5415" role="right"/>
    <member type="way" ref="5414" role="left"/>
    <tag k="type" v="lanelet"/>
    <tag k="subtype" v="road"/>
    <tag k="location" v="urban"/>
  </relation>
  <relation id="5421" action="modify" visible="true" version="1">
    <member type="way" ref="5420" role="right"/>
    <member type="way" ref="5419" role="left"/>
    <tag k="type" v="lanelet"/>
    <tag k="subtype" v="road"/>
    <tag k="location" v="urban"/>
  </relation>
  <relation id="5430" action="modify" visible="true" version="1">
    <member type="way" ref="5429" role="right"/>
    <member type="way" ref="5428" role="left"/>
    <tag k="type" v="lanelet"/>
    <tag k="subtype" v="road"/>
    <tag k="location" v="urban"/>
  </relation>
  <relation id="5435" action="modify" visible="true" version="1">
    <member type="way" ref="5434" role="right"/>
    <member type="way" ref="5433" role="left"/>
    <tag k="type" v="lanelet"/>
    <tag k="subtype" v="road"/>
    <tag k="location" v="urban"/>
  </relation>
  <relation id="5442" action="modify" visible="true" version="1">
    <member type="way" ref="5441" role="right"/>
    <member type="way" ref="5440" role="left"/>
    <tag k="type" v="lanelet"/>
    <tag k="subtype" v="road"/>
    <tag k="location" v="urban"/>
  </relation>
  <relation id="5451" action="modify" visible="true" version="1">
    <member type="way" ref="5450" role="right"/>
    <member type="way" ref="5449" role="left"/>
    <tag k="type" v="lanelet"/>
    <tag k="subtype" v="road"/>
    <tag k="location" v="urban"/>
  </relation>
  <relation id="5456" action="modify" visible="true" version="1">
    <member type="way" ref="5455" role="right"/>
    <member type="way" ref="5450" role="left"/>
    <tag k="type" v="lanelet"/>
    <tag k="subtype" v="road"/>
    <tag k="location" v="urban"/>
  </relation>
  <relation id="5463" action="modify" visible="true" version="1">
    <member type="way" ref="5462" role="right"/>
    <member type="way" ref="5461" role="left"/>
    <tag k="type" v="lanelet"/>
    <tag k="subtype" v="road"/>
    <tag k="location" v="urban"/>
  </relation>
  <relation id="5474" action="modify" visible="true" version="1">
    <member type="way" ref="5473" role="right"/>
    <member type="way" ref="5472" role="left"/>
    <tag k="type" v="lanelet"/>
    <tag k="subtype" v="road"/>
    <tag k="location" v="urban"/>
  </relation>
  <relation id="5480" action="modify" visible="true" version="1">
    <member type="way" ref="5479" role="right"/>
    <member type="way" ref="5473" role="left"/>
    <tag k="type" v="lanelet"/>
    <tag k="subtype" v="road"/>
    <tag k="location" v="urban"/>
  </relation>
  <relation id="5489" action="modify" visible="true" version="1">
    <member type="way" ref="5488" role="right"/>
    <member type="way" ref="5487" role="left"/>
    <tag k="type" v="lanelet"/>
    <tag k="subtype" v="road"/>
    <tag k="location" v="urban"/>
  </relation>
  <relation id="5494" action="modify" visible="true" version="1">
    <member type="way" ref="5493" role="right"/>
    <member type="way" ref="5492" role="left"/>
    <tag k="type" v="lanelet"/>
    <tag k="subtype" v="road"/>
    <tag k="location" v="urban"/>
  </relation>
  <relation id="5503" action="modify" visible="true" version="1">
    <member type="way" ref="5502" role="right"/>
    <member type="way" ref="5501" role="left"/>
    <tag k="type" v="lanelet"/>
    <tag k="subtype" v="road"/>
    <tag k="location" v="urban"/>
  </relation>
  <relation id="5508" action="modify" visible="true" version="1">
    <member type="way" ref="5507" role="right"/>
    <member type="way" ref="5506" role="left"/>
    <tag k="type" v="lanelet"/>
    <tag k="subtype" v="road"/>
    <tag k="location" v="urban"/>
  </relation>
  <relation id="5515" action="modify" visible="true" version="1">
    <member type="way" ref="5514" role="right"/>
    <member type="way" ref="5513" role="left"/>
    <tag k="type" v="lanelet"/>
    <tag k="subtype" v="road"/>
    <tag k="location" v="urban"/>
  </relation>
  <relation id="5524" action="modify" visible="true" version="1">
    <member type="way" ref="5523" role="right"/>
    <member type="way" ref="5522" role="left"/>
    <tag k="type" v="lanelet"/>
    <tag k="subtype" v="road"/>
    <tag k="location" v="urban"/>
  </relation>
  <relation id="5529" action="modify" visible="true" version="1">
    <member type="way" ref="5528" role="right"/>
    <member type="way" ref="5523" role="left"/>
    <tag k="type" v="lanelet"/>
    <tag k="subtype" v="road"/>
    <tag k="location" v="urban"/>
  </relation>
  <relation id="5548" action="modify" visible="true" version="1">
    <member type="way" ref="5547" role="right"/>
    <member type="way" ref="5546" role="left"/>
    <tag k="type" v="lanelet"/>
    <tag k="subtype" v="road"/>
    <tag k="location" v="urban"/>
  </relation>
  <relation id="5557" action="modify" visible="true" version="1">
    <member type="way" ref="5556" role="right"/>
    <member type="way" ref="5555" role="left"/>
    <tag k="type" v="lanelet"/>
    <tag k="subtype" v="road"/>
    <tag k="location" v="urban"/>
  </relation>
  <relation id="5562" action="modify" visible="true" version="1">
    <member type="way" ref="5561" role="right"/>
    <member type="way" ref="5556" role="left"/>
    <tag k="type" v="lanelet"/>
    <tag k="subtype" v="road"/>
    <tag k="location" v="urban"/>
  </relation>
  <relation id="5573" action="modify" visible="true" version="1">
    <member type="way" ref="5572" role="right"/>
    <member type="way" ref="5571" role="left"/>
    <tag k="type" v="lanelet"/>
    <tag k="subtype" v="road"/>
    <tag k="location" v="urban"/>
  </relation>
  <relation id="5584" action="modify" visible="true" version="1">
    <member type="way" ref="5583" role="right"/>
    <member type="way" ref="5582" role="left"/>
    <tag k="type" v="lanelet"/>
    <tag k="subtype" v="road"/>
    <tag k="location" v="urban"/>
  </relation>
  <relation id="5591" action="modify" visible="true" version="1">
    <member type="way" ref="5590" role="right"/>
    <member type="way" ref="5589" role="left"/>
    <tag k="type" v="lanelet"/>
    <tag k="subtype" v="road"/>
    <tag k="location" v="urban"/>
  </relation>
  <relation id="5598" action="modify" visible="true" version="1">
    <member type="way" ref="5597" role="right"/>
    <member type="way" ref="5596" role="left"/>
    <tag k="type" v="lanelet"/>
    <tag k="subtype" v="road"/>
    <tag k="location" v="urban"/>
  </relation>
  <relation id="5609" action="modify" visible="true" version="1">
    <member type="way" ref="5608" role="right"/>
    <member type="way" ref="5607" role="left"/>
    <tag k="type" v="lanelet"/>
    <tag k="subtype" v="road"/>
    <tag k="location" v="urban"/>
  </relation>
  <relation id="5615" action="modify" visible="true" version="1">
    <member type="way" ref="5614" role="right"/>
    <member type="way" ref="5608" role="left"/>
    <tag k="type" v="lanelet"/>
    <tag k="subtype" v="road"/>
    <tag k="location" v="urban"/>
  </relation>
  <relation id="5621" action="modify" visible="true" version="1">
    <member type="way" ref="5620" role="right"/>
    <member type="way" ref="5614" role="left"/>
    <tag k="type" v="lanelet"/>
    <tag k="subtype" v="road"/>
    <tag k="location" v="urban"/>
  </relation>
  <relation id="5710" action="modify" visible="true" version="1">
    <member type="way" ref="5709" role="right"/>
    <member type="way" ref="5708" role="left"/>
    <tag k="type" v="lanelet"/>
    <tag k="subtype" v="road"/>
    <tag k="location" v="urban"/>
  </relation>
  <relation id="5723" action="modify" visible="true" version="1">
    <member type="way" ref="5722" role="right"/>
    <member type="way" ref="5721" role="left"/>
    <tag k="type" v="lanelet"/>
    <tag k="subtype" v="road"/>
    <tag k="location" v="urban"/>
  </relation>
  <relation id="5730" action="modify" visible="true" version="1">
    <member type="way" ref="5729" role="right"/>
    <member type="way" ref="5722" role="left"/>
    <tag k="type" v="lanelet"/>
    <tag k="subtype" v="road"/>
    <tag k="location" v="urban"/>
  </relation>
  <relation id="5737" action="modify" visible="true" version="1">
    <member type="way" ref="5736" role="right"/>
    <member type="way" ref="5729" role="left"/>
    <tag k="type" v="lanelet"/>
    <tag k="subtype" v="road"/>
    <tag k="location" v="urban"/>
  </relation>
  <relation id="5746" action="modify" visible="true" version="1">
    <member type="way" ref="5745" role="right"/>
    <member type="way" ref="5744" role="left"/>
    <tag k="type" v="lanelet"/>
    <tag k="subtype" v="road"/>
    <tag k="location" v="urban"/>
  </relation>
  <relation id="5753" action="modify" visible="true" version="1">
    <member type="way" ref="5752" role="right"/>
    <member type="way" ref="5751" role="left"/>
    <tag k="type" v="lanelet"/>
    <tag k="subtype" v="road"/>
    <tag k="location" v="urban"/>
  </relation>
  <relation id="5760" action="modify" visible="true" version="1">
    <member type="way" ref="5759" role="right"/>
    <member type="way" ref="5758" role="left"/>
    <tag k="type" v="lanelet"/>
    <tag k="subtype" v="road"/>
    <tag k="location" v="urban"/>
  </relation>
  <relation id="5769" action="modify" visible="true" version="1">
    <member type="way" ref="5768" role="right"/>
    <member type="way" ref="5767" role="left"/>
    <tag k="type" v="lanelet"/>
    <tag k="subtype" v="road"/>
    <tag k="location" v="urban"/>
  </relation>
  <relation id="5774" action="modify" visible="true" version="1">
    <member type="way" ref="5773" role="right"/>
    <member type="way" ref="5768" role="left"/>
    <tag k="type" v="lanelet"/>
    <tag k="subtype" v="road"/>
    <tag k="location" v="urban"/>
  </relation>
  <relation id="5783" action="modify" visible="true" version="1">
    <member type="way" ref="5782" role="right"/>
    <member type="way" ref="5781" role="left"/>
    <tag k="type" v="lanelet"/>
    <tag k="subtype" v="road"/>
    <tag k="location" v="urban"/>
  </relation>
  <relation id="5788" action="modify" visible="true" version="1">
    <member type="way" ref="5787" role="right"/>
    <member type="way" ref="5786" role="left"/>
    <tag k="type" v="lanelet"/>
    <tag k="subtype" v="road"/>
    <tag k="location" v="urban"/>
  </relation>
  <relation id="5795" action="modify" visible="true" version="1">
    <member type="way" ref="5794" role="right"/>
    <member type="way" ref="5793" role="left"/>
    <tag k="type" v="lanelet"/>
    <tag k="subtype" v="road"/>
    <tag k="location" v="urban"/>
  </relation>
  <relation id="5810" action="modify" visible="true" version="1">
    <member type="way" ref="5809" role="right"/>
    <member type="way" ref="5808" role="left"/>
    <tag k="type" v="lanelet"/>
    <tag k="subtype" v="road"/>
    <tag k="location" v="urban"/>
  </relation>
  <relation id="5821" action="modify" visible="true" version="1">
    <member type="way" ref="5820" role="right"/>
    <member type="way" ref="5819" role="left"/>
    <tag k="type" v="lanelet"/>
    <tag k="subtype" v="road"/>
    <tag k="location" v="urban"/>
  </relation>
  <relation id="5827" action="modify" visible="true" version="1">
    <member type="way" ref="5826" role="right"/>
    <member type="way" ref="5820" role="left"/>
    <tag k="type" v="lanelet"/>
    <tag k="subtype" v="road"/>
    <tag k="location" v="urban"/>
  </relation>
  <relation id="5838" action="modify" visible="true" version="1">
    <member type="way" ref="5837" role="right"/>
    <member type="way" ref="5836" role="left"/>
    <tag k="type" v="lanelet"/>
    <tag k="subtype" v="road"/>
    <tag k="location" v="urban"/>
  </relation>
  <relation id="5851" action="modify" visible="true" version="1">
    <member type="way" ref="5850" role="right"/>
    <member type="way" ref="5849" role="left"/>
    <tag k="type" v="lanelet"/>
    <tag k="subtype" v="road"/>
    <tag k="location" v="urban"/>
  </relation>
  <relation id="5862" action="modify" visible="true" version="1">
    <member type="way" ref="5861" role="right"/>
    <member type="way" ref="5860" role="left"/>
    <tag k="type" v="lanelet"/>
    <tag k="subtype" v="road"/>
    <tag k="location" v="urban"/>
  </relation>
  <relation id="5871" action="modify" visible="true" version="1">
    <member type="way" ref="5870" role="right"/>
    <member type="way" ref="5869" role="left"/>
    <tag k="type" v="lanelet"/>
    <tag k="subtype" v="road"/>
    <tag k="location" v="urban"/>
  </relation>
  <relation id="5884" action="modify" visible="true" version="1">
    <member type="way" ref="5883" role="right"/>
    <member type="way" ref="5882" role="left"/>
    <tag k="type" v="lanelet"/>
    <tag k="subtype" v="road"/>
    <tag k="location" v="urban"/>
  </relation>
  <relation id="5895" action="modify" visible="true" version="1">
    <member type="way" ref="5894" role="right"/>
    <member type="way" ref="5893" role="left"/>
    <tag k="type" v="lanelet"/>
    <tag k="subtype" v="road"/>
    <tag k="location" v="urban"/>
  </relation>
  <relation id="5902" action="modify" visible="true" version="1">
    <member type="way" ref="5901" role="right"/>
    <member type="way" ref="5900" role="left"/>
    <tag k="type" v="lanelet"/>
    <tag k="subtype" v="road"/>
    <tag k="location" v="urban"/>
  </relation>
  <relation id="5913" action="modify" visible="true" version="1">
    <member type="way" ref="5912" role="right"/>
    <member type="way" ref="5911" role="left"/>
    <tag k="type" v="lanelet"/>
    <tag k="subtype" v="road"/>
    <tag k="location" v="urban"/>
  </relation>
  <relation id="5919" action="modify" visible="true" version="1">
    <member type="way" ref="5918" role="right"/>
    <member type="way" ref="5912" role="left"/>
    <tag k="type" v="lanelet"/>
    <tag k="subtype" v="road"/>
    <tag k="location" v="urban"/>
  </relation>
  <relation id="5944" action="modify" visible="true" version="1">
    <member type="way" ref="5943" role="right"/>
    <member type="way" ref="5942" role="left"/>
    <tag k="type" v="lanelet"/>
    <tag k="subtype" v="road"/>
    <tag k="location" v="urban"/>
  </relation>
  <relation id="5953" action="modify" visible="true" version="1">
    <member type="way" ref="5952" role="right"/>
    <member type="way" ref="5951" role="left"/>
    <tag k="type" v="lanelet"/>
    <tag k="subtype" v="road"/>
    <tag k="location" v="urban"/>
  </relation>
  <relation id="5960" action="modify" visible="true" version="1">
    <member type="way" ref="5959" role="right"/>
    <member type="way" ref="5958" role="left"/>
    <tag k="type" v="lanelet"/>
    <tag k="subtype" v="road"/>
    <tag k="location" v="urban"/>
  </relation>
  <relation id="5969" action="modify" visible="true" version="1">
    <member type="way" ref="5968" role="right"/>
    <member type="way" ref="5967" role="left"/>
    <tag k="type" v="lanelet"/>
    <tag k="subtype" v="road"/>
    <tag k="location" v="urban"/>
  </relation>
  <relation id="5980" action="modify" visible="true" version="1">
    <member type="way" ref="5979" role="right"/>
    <member type="way" ref="5978" role="left"/>
    <tag k="type" v="lanelet"/>
    <tag k="subtype" v="road"/>
    <tag k="location" v="urban"/>
  </relation>
  <relation id="5986" action="modify" visible="true" version="1">
    <member type="way" ref="5985" role="right"/>
    <member type="way" ref="5979" role="left"/>
    <tag k="type" v="lanelet"/>
    <tag k="subtype" v="road"/>
    <tag k="location" v="urban"/>
  </relation>
  <relation id="5992" action="modify" visible="true" version="1">
    <member type="way" ref="5991" role="right"/>
    <member type="way" ref="5985" role="left"/>
    <tag k="type" v="lanelet"/>
    <tag k="subtype" v="road"/>
    <tag k="location" v="urban"/>
  </relation>
  <relation id="6003" action="modify" visible="true" version="1">
    <member type="way" ref="6002" role="right"/>
    <member type="way" ref="6001" role="left"/>
    <tag k="type" v="lanelet"/>
    <tag k="subtype" v="road"/>
    <tag k="location" v="urban"/>
  </relation>
  <relation id="6014" action="modify" visible="true" version="1">
    <member type="way" ref="6013" role="right"/>
    <member type="way" ref="6012" role="left"/>
    <tag k="type" v="lanelet"/>
    <tag k="subtype" v="road"/>
    <tag k="location" v="urban"/>
  </relation>
  <relation id="6020" action="modify" visible="true" version="1">
    <member type="way" ref="6019" role="right"/>
    <member type="way" ref="6013" role="left"/>
    <tag k="type" v="lanelet"/>
    <tag k="subtype" v="road"/>
    <tag k="location" v="urban"/>
  </relation>
  <relation id="6029" action="modify" visible="true" version="1">
    <member type="way" ref="6028" role="right"/>
    <member type="way" ref="6027" role="left"/>
    <tag k="type" v="lanelet"/>
    <tag k="subtype" v="road"/>
    <tag k="location" v="urban"/>
  </relation>
  <relation id="6040" action="modify" visible="true" version="1">
    <member type="way" ref="6039" role="right"/>
    <member type="way" ref="6038" role="left"/>
    <tag k="type" v="lanelet"/>
    <tag k="subtype" v="road"/>
    <tag k="location" v="urban"/>
  </relation>
  <relation id="6046" action="modify" visible="true" version="1">
    <member type="way" ref="6045" role="right"/>
    <member type="way" ref="6039" role="left"/>
    <tag k="type" v="lanelet"/>
    <tag k="subtype" v="road"/>
    <tag k="location" v="urban"/>
  </relation>
  <relation id="6057" action="modify" visible="true" version="1">
    <member type="way" ref="6056" role="right"/>
    <member type="way" ref="6055" role="left"/>
    <tag k="type" v="lanelet"/>
    <tag k="subtype" v="road"/>
    <tag k="location" v="urban"/>
  </relation>
  <relation id="6063" action="modify" visible="true" version="1">
    <member type="way" ref="6062" role="right"/>
    <member type="way" ref="6056" role="left"/>
    <tag k="type" v="lanelet"/>
    <tag k="subtype" v="road"/>
    <tag k="location" v="urban"/>
  </relation>
  <relation id="6076" action="modify" visible="true" version="1">
    <member type="way" ref="6075" role="right"/>
    <member type="way" ref="6074" role="left"/>
    <tag k="type" v="lanelet"/>
    <tag k="subtype" v="road"/>
    <tag k="location" v="urban"/>
  </relation>
  <relation id="6087" action="modify" visible="true" version="1">
    <member type="way" ref="6086" role="right"/>
    <member type="way" ref="6085" role="left"/>
    <tag k="type" v="lanelet"/>
    <tag k="subtype" v="road"/>
    <tag k="location" v="urban"/>
  </relation>
  <relation id="6094" action="modify" visible="true" version="1">
    <member type="way" ref="6093" role="right"/>
    <member type="way" ref="6092" role="left"/>
    <tag k="type" v="lanelet"/>
    <tag k="subtype" v="road"/>
    <tag k="location" v="urban"/>
  </relation>
  <relation id="6105" action="modify" visible="true" version="1">
    <member type="way" ref="6104" role="right"/>
    <member type="way" ref="6103" role="left"/>
    <tag k="type" v="lanelet"/>
    <tag k="subtype" v="road"/>
    <tag k="location" v="urban"/>
  </relation>
  <relation id="6116" action="modify" visible="true" version="1">
    <member type="way" ref="6115" role="right"/>
    <member type="way" ref="6114" role="left"/>
    <tag k="type" v="lanelet"/>
    <tag k="subtype" v="road"/>
    <tag k="location" v="urban"/>
  </relation>
  <relation id="6123" action="modify" visible="true" version="1">
    <member type="way" ref="6122" role="right"/>
    <member type="way" ref="6121" role="left"/>
    <tag k="type" v="lanelet"/>
    <tag k="subtype" v="road"/>
    <tag k="location" v="urban"/>
  </relation>
  <relation id="6132" action="modify" visible="true" version="1">
    <member type="way" ref="6131" role="right"/>
    <member type="way" ref="6130" role="left"/>
    <tag k="type" v="lanelet"/>
    <tag k="subtype" v="road"/>
    <tag k="location" v="urban"/>
  </relation>
  <relation id="6149" action="modify" visible="true" version="1">
    <member type="way" ref="6148" role="right"/>
    <member type="way" ref="6147" role="left"/>
    <tag k="type" v="lanelet"/>
    <tag k="subtype" v="road"/>
    <tag k="location" v="urban"/>
  </relation>
  <relation id="6160" action="modify" visible="true" version="1">
    <member type="way" ref="6159" role="right"/>
    <member type="way" ref="6158" role="left"/>
    <tag k="type" v="lanelet"/>
    <tag k="subtype" v="road"/>
    <tag k="location" v="urban"/>
  </relation>
  <relation id="6166" action="modify" visible="true" version="1">
    <member type="way" ref="6165" role="right"/>
    <member type="way" ref="6159" role="left"/>
    <tag k="type" v="lanelet"/>
    <tag k="subtype" v="road"/>
    <tag k="location" v="urban"/>
  </relation>
  <relation id="6171" action="modify" visible="true" version="1">
    <member type="way" ref="6170" role="right"/>
    <member type="way" ref="6165" role="left"/>
    <tag k="type" v="lanelet"/>
    <tag k="subtype" v="road"/>
    <tag k="location" v="urban"/>
  </relation>
  <relation id="6190" action="modify" visible="true" version="1">
    <member type="way" ref="6189" role="right"/>
    <member type="way" ref="6188" role="left"/>
    <tag k="type" v="lanelet"/>
    <tag k="subtype" v="road"/>
    <tag k="location" v="urban"/>
  </relation>
  <relation id="6201" action="modify" visible="true" version="1">
    <member type="way" ref="6200" role="right"/>
    <member type="way" ref="6199" role="left"/>
    <tag k="type" v="lanelet"/>
    <tag k="subtype" v="road"/>
    <tag k="location" v="urban"/>
  </relation>
  <relation id="6207" action="modify" visible="true" version="1">
    <member type="way" ref="6206" role="right"/>
    <member type="way" ref="6200" role="left"/>
    <tag k="type" v="lanelet"/>
    <tag k="subtype" v="road"/>
    <tag k="location" v="urban"/>
  </relation>
  <relation id="6213" action="modify" visible="true" version="1">
    <member type="way" ref="6212" role="right"/>
    <member type="way" ref="6206" role="left"/>
    <tag k="type" v="lanelet"/>
    <tag k="subtype" v="road"/>
    <tag k="location" v="urban"/>
  </relation>
  <relation id="6264" action="modify" visible="true" version="1">
    <member type="way" ref="6263" role="right"/>
    <member type="way" ref="6262" role="left"/>
    <tag k="type" v="lanelet"/>
    <tag k="subtype" v="road"/>
    <tag k="location" v="urban"/>
  </relation>
  <relation id="6273" action="modify" visible="true" version="1">
    <member type="way" ref="6272" role="right"/>
    <member type="way" ref="6271" role="left"/>
    <tag k="type" v="lanelet"/>
    <tag k="subtype" v="road"/>
    <tag k="location" v="urban"/>
  </relation>
  <relation id="6278" action="modify" visible="true" version="1">
    <member type="way" ref="6277" role="right"/>
    <member type="way" ref="6272" role="left"/>
    <tag k="type" v="lanelet"/>
    <tag k="subtype" v="road"/>
    <tag k="location" v="urban"/>
  </relation>
  <relation id="6325" action="modify" visible="true" version="1">
    <member type="way" ref="6324" role="right"/>
    <member type="way" ref="6323" role="left"/>
    <tag k="type" v="lanelet"/>
    <tag k="subtype" v="road"/>
    <tag k="location" v="urban"/>
  </relation>
  <relation id="6334" action="modify" visible="true" version="1">
    <member type="way" ref="6333" role="right"/>
    <member type="way" ref="6332" role="left"/>
    <tag k="type" v="lanelet"/>
    <tag k="subtype" v="road"/>
    <tag k="location" v="urban"/>
  </relation>
  <relation id="6339" action="modify" visible="true" version="1">
    <member type="way" ref="6338" role="right"/>
    <member type="way" ref="6333" role="left"/>
    <tag k="type" v="lanelet"/>
    <tag k="subtype" v="road"/>
    <tag k="location" v="urban"/>
  </relation>
  <relation id="6348" action="modify" visible="true" version="1">
    <member type="way" ref="6347" role="right"/>
    <member type="way" ref="6346" role="left"/>
    <tag k="type" v="lanelet"/>
    <tag k="subtype" v="road"/>
    <tag k="location" v="urban"/>
  </relation>
  <relation id="6355" action="modify" visible="true" version="1">
    <member type="way" ref="6354" role="right"/>
    <member type="way" ref="6353" role="left"/>
    <tag k="type" v="lanelet"/>
    <tag k="subtype" v="road"/>
    <tag k="location" v="urban"/>
  </relation>
  <relation id="6364" action="modify" visible="true" version="1">
    <member type="way" ref="6363" role="right"/>
    <member type="way" ref="6362" role="left"/>
    <tag k="type" v="lanelet"/>
    <tag k="subtype" v="road"/>
    <tag k="location" v="urban"/>
  </relation>
  <relation id="6371" action="modify" visible="true" version="1">
    <member type="way" ref="6370" role="right"/>
    <member type="way" ref="6369" role="left"/>
    <tag k="type" v="lanelet"/>
    <tag k="subtype" v="road"/>
    <tag k="location" v="urban"/>
  </relation>
  <relation id="6380" action="modify" visible="true" version="1">
    <member type="way" ref="6379" role="right"/>
    <member type="way" ref="6378" role="left"/>
    <tag k="type" v="lanelet"/>
    <tag k="subtype" v="road"/>
    <tag k="location" v="urban"/>
  </relation>
  <relation id="6385" action="modify" visible="true" version="1">
    <member type="way" ref="6384" role="right"/>
    <member type="way" ref="6379" role="left"/>
    <tag k="type" v="lanelet"/>
    <tag k="subtype" v="road"/>
    <tag k="location" v="urban"/>
  </relation>
</osm>
