<?xml version='1.0' encoding='UTF-8'?>
<osm version="0.6" upload="true" generator="commonroad-scenario-designer">
  <node id="1" action="modify" visible="true" version="1" lat="25.014378385016265" lon="121.46573013469808"/>
  <node id="2" action="modify" visible="true" version="1" lat="25.01447261142917" lon="121.46567200395715"/>
  <node id="3" action="modify" visible="true" version="1" lat="25.014486361649478" lon="121.46566311089647"/>
  <node id="4" action="modify" visible="true" version="1" lat="25.014391951053682" lon="121.4657577831823"/>
  <node id="5" action="modify" visible="true" version="1" lat="25.014486987905155" lon="121.46569914905515"/>
  <node id="6" action="modify" visible="true" version="1" lat="25.0145008643326" lon="121.46569017409828"/>
  <node id="10" action="modify" visible="true" version="1" lat="25.0144721993255" lon="121.4655993328777"/>
  <node id="11" action="modify" visible="true" version="1" lat="25.014489646122023" lon="121.46559014417184"/>
  <node id="12" action="modify" visible="true" version="1" lat="25.014510917759473" lon="121.46558297565402"/>
  <node id="13" action="modify" visible="true" version="1" lat="25.014562229717356" lon="121.4655719509048"/>
  <node id="14" action="modify" visible="true" version="1" lat="25.014580167247825" lon="121.46556571876734"/>
  <node id="15" action="modify" visible="true" version="1" lat="25.014591236416564" lon="121.46555987261269"/>
  <node id="16" action="modify" visible="true" version="1" lat="25.014485966144886" lon="121.46562683119714"/>
  <node id="17" action="modify" visible="true" version="1" lat="25.014498065336856" lon="121.4656201811839"/>
  <node id="18" action="modify" visible="true" version="1" lat="25.01451641581809" lon="121.46561382574849"/>
  <node id="19" action="modify" visible="true" version="1" lat="25.01457097601309" lon="121.46560187388967"/>
  <node id="20" action="modify" visible="true" version="1" lat="25.01459250849462" lon="121.46559405726292"/>
  <node id="21" action="modify" visible="true" version="1" lat="25.014604163608784" lon="121.46558785238729"/>
  <node id="25" action="modify" visible="true" version="1" lat="25.014485966144886" lon="121.46562683119714"/>
  <node id="26" action="modify" visible="true" version="1" lat="25.01453845006912" lon="121.4655934311961"/>
  <node id="27" action="modify" visible="true" version="1" lat="25.014500814460344" lon="121.46565368956544"/>
  <node id="28" action="modify" visible="true" version="1" lat="25.014552687124223" lon="121.4656206655896"/>
  <node id="32" action="modify" visible="true" version="1" lat="25.01450081446035" lon="121.46565368956546"/>
  <node id="33" action="modify" visible="true" version="1" lat="25.01450277274313" lon="121.46565245472542"/>
  <node id="34" action="modify" visible="true" version="1" lat="25.01450473898303" lon="121.46565122579064"/>
  <node id="35" action="modify" visible="true" version="1" lat="25.01450671344401" lon="121.46565000472987"/>
  <node id="36" action="modify" visible="true" version="1" lat="25.014508696389992" lon="121.46564879351203"/>
  <node id="37" action="modify" visible="true" version="1" lat="25.014510688084947" lon="121.46564759410587"/>
  <node id="38" action="modify" visible="true" version="1" lat="25.014512688792827" lon="121.46564640848038"/>
  <node id="39" action="modify" visible="true" version="1" lat="25.014514698777585" lon="121.46564523860432"/>
  <node id="40" action="modify" visible="true" version="1" lat="25.014516718303167" lon="121.46564408644656"/>
  <node id="41" action="modify" visible="true" version="1" lat="25.014518747633517" lon="121.4656429539759"/>
  <node id="42" action="modify" visible="true" version="1" lat="25.014520787032605" lon="121.46564184316127"/>
  <node id="43" action="modify" visible="true" version="1" lat="25.014522836764367" lon="121.4656407559715"/>
  <node id="44" action="modify" visible="true" version="1" lat="25.014524897092752" lon="121.46563969437543"/>
  <node id="45" action="modify" visible="true" version="1" lat="25.01452696828173" lon="121.46563866034188"/>
  <node id="46" action="modify" visible="true" version="1" lat="25.014529050595243" lon="121.46563765583974"/>
  <node id="47" action="modify" visible="true" version="1" lat="25.014531144297234" lon="121.46563668283787"/>
  <node id="48" action="modify" visible="true" version="1" lat="25.01453324965166" lon="121.46563574330504"/>
  <node id="49" action="modify" visible="true" version="1" lat="25.014535366922477" lon="121.46563483921018"/>
  <node id="50" action="modify" visible="true" version="1" lat="25.01453749637363" lon="121.46563397252214"/>
  <node id="51" action="modify" visible="true" version="1" lat="25.01453963826907" lon="121.46563314520968"/>
  <node id="52" action="modify" visible="true" version="1" lat="25.014541792872755" lon="121.46563235924175"/>
  <node id="53" action="modify" visible="true" version="1" lat="25.014543960448627" lon="121.46563161658717"/>
  <node id="54" action="modify" visible="true" version="1" lat="25.01454614126065" lon="121.46563091921476"/>
  <node id="55" action="modify" visible="true" version="1" lat="25.014548335540063" lon="121.46563026919273"/>
  <node id="56" action="modify" visible="true" version="1" lat="25.014550542912453" lon="121.4656296704301"/>
  <node id="57" action="modify" visible="true" version="1" lat="25.014552762469172" lon="121.46562912845921"/>
  <node id="58" action="modify" visible="true" version="1" lat="25.01455499328332" lon="121.4656286488681"/>
  <node id="59" action="modify" visible="true" version="1" lat="25.014557234427937" lon="121.46562823724479"/>
  <node id="60" action="modify" visible="true" version="1" lat="25.014559484976093" lon="121.46562789917725"/>
  <node id="61" action="modify" visible="true" version="1" lat="25.014561744000886" lon="121.46562764025363"/>
  <node id="62" action="modify" visible="true" version="1" lat="25.014564010573263" lon="121.46562746606199"/>
  <node id="63" action="modify" visible="true" version="1" lat="25.014566282888094" lon="121.46562738224542"/>
  <node id="64" action="modify" visible="true" version="1" lat="25.01456855691531" lon="121.46562739458649"/>
  <node id="65" action="modify" visible="true" version="1" lat="25.014570828276888" lon="121.46562750888947"/>
  <node id="66" action="modify" visible="true" version="1" lat="25.014573092594805" lon="121.4656277309588"/>
  <node id="67" action="modify" visible="true" version="1" lat="25.014575345491025" lon="121.4656280665988"/>
  <node id="68" action="modify" visible="true" version="1" lat="25.0145775825492" lon="121.4656285215221"/>
  <node id="69" action="modify" visible="true" version="1" lat="25.014579798267686" lon="121.46562909884588"/>
  <node id="70" action="modify" visible="true" version="1" lat="25.01458198593268" lon="121.46562979878813"/>
  <node id="71" action="modify" visible="true" version="1" lat="25.014584138766562" lon="121.46563062141436"/>
  <node id="72" action="modify" visible="true" version="1" lat="25.014586249991734" lon="121.46563156679004"/>
  <node id="73" action="modify" visible="true" version="1" lat="25.01458831283056" lon="121.4656326349806"/>
  <node id="74" action="modify" visible="true" version="1" lat="25.014590320503665" lon="121.4656338260429"/>
  <node id="75" action="modify" visible="true" version="1" lat="25.014592265967956" lon="121.46563513877372"/>
  <node id="76" action="modify" visible="true" version="1" lat="25.014594141641982" lon="121.46563656939635"/>
  <node id="77" action="modify" visible="true" version="1" lat="25.01459593987855" lon="121.46563811382002"/>
  <node id="78" action="modify" visible="true" version="1" lat="25.014597653030467" lon="121.465639767954"/>
  <node id="79" action="modify" visible="true" version="1" lat="25.014599273450564" lon="121.46564152770738"/>
  <node id="80" action="modify" visible="true" version="1" lat="25.014600793491656" lon="121.46564338898955"/>
  <node id="81" action="modify" visible="true" version="1" lat="25.014602205506556" lon="121.46564534770964"/>
  <node id="82" action="modify" visible="true" version="1" lat="25.01451486241205" lon="121.46568103131136"/>
  <node id="83" action="modify" visible="true" version="1" lat="25.01451610057072" lon="121.46568028640907"/>
  <node id="84" action="modify" visible="true" version="1" lat="25.01451734357085" lon="121.46567953444992"/>
  <node id="85" action="modify" visible="true" version="1" lat="25.01451859142284" lon="121.46567877675976"/>
  <node id="86" action="modify" visible="true" version="1" lat="25.014519844137013" lon="121.46567801466435"/>
  <node id="87" action="modify" visible="true" version="1" lat="25.01452110172378" lon="121.46567724948959"/>
  <node id="88" action="modify" visible="true" version="1" lat="25.01452236419351" lon="121.46567648256134"/>
  <node id="89" action="modify" visible="true" version="1" lat="25.0145236315566" lon="121.46567571520553"/>
  <node id="90" action="modify" visible="true" version="1" lat="25.0145249038234" lon="121.46567494874786"/>
  <node id="91" action="modify" visible="true" version="1" lat="25.01452618100429" lon="121.46567418451423"/>
  <node id="92" action="modify" visible="true" version="1" lat="25.014527463109665" lon="121.46567342383051"/>
  <node id="93" action="modify" visible="true" version="1" lat="25.01452875014989" lon="121.46567266802262"/>
  <node id="94" action="modify" visible="true" version="1" lat="25.01453004213534" lon="121.46567191841626"/>
  <node id="95" action="modify" visible="true" version="1" lat="25.014531339076406" lon="121.4656711763374"/>
  <node id="96" action="modify" visible="true" version="1" lat="25.014532640983436" lon="121.46567044311183"/>
  <node id="97" action="modify" visible="true" version="1" lat="25.01453394786684" lon="121.46566972006542"/>
  <node id="98" action="modify" visible="true" version="1" lat="25.014535259736977" lon="121.46566900852399"/>
  <node id="99" action="modify" visible="true" version="1" lat="25.01453657660422" lon="121.46566830981342"/>
  <node id="100" action="modify" visible="true" version="1" lat="25.01453789847896" lon="121.46566762525954"/>
  <node id="101" action="modify" visible="true" version="1" lat="25.01453922537156" lon="121.46566695618823"/>
  <node id="102" action="modify" visible="true" version="1" lat="25.01454055729241" lon="121.46566630392532"/>
  <node id="103" action="modify" visible="true" version="1" lat="25.01454189425188" lon="121.4656656697967"/>
  <node id="104" action="modify" visible="true" version="1" lat="25.014543236260348" lon="121.46566505512816"/>
  <node id="105" action="modify" visible="true" version="1" lat="25.01454458332819" lon="121.46566446124555"/>
  <node id="106" action="modify" visible="true" version="1" lat="25.014545935465776" lon="121.46566388947477"/>
  <node id="107" action="modify" visible="true" version="1" lat="25.014547292683503" lon="121.46566334114159"/>
  <node id="108" action="modify" visible="true" version="1" lat="25.01454865499173" lon="121.46566281757198"/>
  <node id="109" action="modify" visible="true" version="1" lat="25.01455002240084" lon="121.46566232009165"/>
  <node id="110" action="modify" visible="true" version="1" lat="25.014551394921206" lon="121.46566185002654"/>
  <node id="111" action="modify" visible="true" version="1" lat="25.014552772566056" lon="121.4656614086958"/>
  <node id="112" action="modify" visible="true" version="1" lat="25.01455415580231" lon="121.46566099634398"/>
  <node id="113" action="modify" visible="true" version="1" lat="25.01455554604424" lon="121.46566061097253"/>
  <node id="114" action="modify" visible="true" version="1" lat="25.014556944824804" lon="121.46566025030158"/>
  <node id="115" action="modify" visible="true" version="1" lat="25.014558353676946" lon="121.46565991205134"/>
  <node id="116" action="modify" visible="true" version="1" lat="25.014559774133648" lon="121.46565959394206"/>
  <node id="117" action="modify" visible="true" version="1" lat="25.01456120772786" lon="121.46565929369396"/>
  <node id="118" action="modify" visible="true" version="1" lat="25.014562655992528" lon="121.46565900902723"/>
  <node id="119" action="modify" visible="true" version="1" lat="25.01456411988452" lon="121.46565873934892"/>
  <node id="120" action="modify" visible="true" version="1" lat="25.014565594107907" lon="121.46565850237394"/>
  <node id="121" action="modify" visible="true" version="1" lat="25.014567069534184" lon="121.46565832703881"/>
  <node id="122" action="modify" visible="true" version="1" lat="25.014568536979482" lon="121.46565824244229"/>
  <node id="123" action="modify" visible="true" version="1" lat="25.01456998725987" lon="121.46565827768299"/>
  <node id="124" action="modify" visible="true" version="1" lat="25.014571411191493" lon="121.46565846185975"/>
  <node id="125" action="modify" visible="true" version="1" lat="25.014572799590432" lon="121.46565882407124"/>
  <node id="126" action="modify" visible="true" version="1" lat="25.01457414261487" lon="121.465659388009"/>
  <node id="127" action="modify" visible="true" version="1" lat="25.014575426094304" lon="121.46566014178876"/>
  <node id="128" action="modify" visible="true" version="1" lat="25.014576634108927" lon="121.46566105914978"/>
  <node id="129" action="modify" visible="true" version="1" lat="25.014577750734052" lon="121.46566211379098"/>
  <node id="130" action="modify" visible="true" version="1" lat="25.01457876004498" lon="121.46566327941133"/>
  <node id="131" action="modify" visible="true" version="1" lat="25.014579646117014" lon="121.46566452970968"/>
  <node id="135" action="modify" visible="true" version="1" lat="25.014610914748584" lon="121.46565821912336"/>
  <node id="136" action="modify" visible="true" version="1" lat="25.01461944333828" lon="121.4656708384375"/>
  <node id="137" action="modify" visible="true" version="1" lat="25.014588075584225" lon="121.46567701636047"/>
  <node id="138" action="modify" visible="true" version="1" lat="25.014596685702585" lon="121.46568975511086"/>
  <node id="142" action="modify" visible="true" version="1" lat="25.01466168629179" lon="121.46573211487318"/>
  <node id="143" action="modify" visible="true" version="1" lat="25.01482196520279" lon="121.4659623221043"/>
  <node id="144" action="modify" visible="true" version="1" lat="25.014878909951538" lon="121.46603989343593"/>
  <node id="145" action="modify" visible="true" version="1" lat="25.014928993450457" lon="121.46610309083428"/>
  <node id="146" action="modify" visible="true" version="1" lat="25.01501310318083" lon="121.46622017766487"/>
  <node id="147" action="modify" visible="true" version="1" lat="25.01511440624217" lon="121.4663675503251"/>
  <node id="148" action="modify" visible="true" version="1" lat="25.015297034363076" lon="121.46663891438793"/>
  <node id="149" action="modify" visible="true" version="1" lat="25.014639051680653" lon="121.46575121086843"/>
  <node id="150" action="modify" visible="true" version="1" lat="25.01479982815095" lon="121.46598211574118"/>
  <node id="151" action="modify" visible="true" version="1" lat="25.0148574667656" lon="121.46606059634586"/>
  <node id="152" action="modify" visible="true" version="1" lat="25.014906666365334" lon="121.46612262279625"/>
  <node id="153" action="modify" visible="true" version="1" lat="25.01499040331615" lon="121.46623917915913"/>
  <node id="154" action="modify" visible="true" version="1" lat="25.015091532581703" lon="121.46638629627505"/>
  <node id="155" action="modify" visible="true" version="1" lat="25.015274231440245" lon="121.46665776449163"/>
  <node id="159" action="modify" visible="true" version="1" lat="25.014691751041855" lon="121.46548264458686"/>
  <node id="160" action="modify" visible="true" version="1" lat="25.014697626410605" lon="121.46547603623128"/>
  <node id="161" action="modify" visible="true" version="1" lat="25.014703233653954" lon="121.46546974139248"/>
  <node id="162" action="modify" visible="true" version="1" lat="25.014712265633687" lon="121.46550445541313"/>
  <node id="163" action="modify" visible="true" version="1" lat="25.014717956931626" lon="121.46549806376873"/>
  <node id="164" action="modify" visible="true" version="1" lat="25.01472391635437" lon="121.4654913586075"/>
  <node id="168" action="modify" visible="true" version="1" lat="25.014748602445945" lon="121.4654127296755"/>
  <node id="169" action="modify" visible="true" version="1" lat="25.014847628216998" lon="121.46527451747319"/>
  <node id="170" action="modify" visible="true" version="1" lat="25.014885894559335" lon="121.46521643047868"/>
  <node id="171" action="modify" visible="true" version="1" lat="25.01491243129179" lon="121.46517169791527"/>
  <node id="172" action="modify" visible="true" version="1" lat="25.01493614152387" lon="121.46512446879598"/>
  <node id="173" action="modify" visible="true" version="1" lat="25.014970978396146" lon="121.46505146895792"/>
  <node id="174" action="modify" visible="true" version="1" lat="25.014994851878313" lon="121.46500832777583"/>
  <node id="175" action="modify" visible="true" version="1" lat="25.015058314177814" lon="121.464902872919"/>
  <node id="176" action="modify" visible="true" version="1" lat="25.01513128464184" lon="121.46478827259708"/>
  <node id="177" action="modify" visible="true" version="1" lat="25.015225944592554" lon="121.4646467105775"/>
  <node id="178" action="modify" visible="true" version="1" lat="25.01543511256055" lon="121.46434133380816"/>
  <node id="179" action="modify" visible="true" version="1" lat="25.015650669400028" lon="121.46401595159682"/>
  <node id="180" action="modify" visible="true" version="1" lat="25.014770815156986" lon="121.4654324183237"/>
  <node id="181" action="modify" visible="true" version="1" lat="25.014870678405753" lon="121.46529299830499"/>
  <node id="182" action="modify" visible="true" version="1" lat="25.014909744905825" lon="121.46523363052721"/>
  <node id="183" action="modify" visible="true" version="1" lat="25.01493735506108" lon="121.46518693229582"/>
  <node id="184" action="modify" visible="true" version="1" lat="25.014961356424372" lon="121.46513910815392"/>
  <node id="185" action="modify" visible="true" version="1" lat="25.014995298134348" lon="121.46506784903208"/>
  <node id="186" action="modify" visible="true" version="1" lat="25.01501858733714" lon="121.46502572024131"/>
  <node id="187" action="modify" visible="true" version="1" lat="25.015081626974673" lon="121.46492094811077"/>
  <node id="188" action="modify" visible="true" version="1" lat="25.015154210598354" lon="121.46480694057935"/>
  <node id="189" action="modify" visible="true" version="1" lat="25.015248674036556" lon="121.46466566890047"/>
  <node id="190" action="modify" visible="true" version="1" lat="25.01545811358302" lon="121.46435988891906"/>
  <node id="191" action="modify" visible="true" version="1" lat="25.015673827751815" lon="121.46403425456032"/>
  <node id="195" action="modify" visible="true" version="1" lat="25.014457817155844" lon="121.46559371893615"/>
  <node id="196" action="modify" visible="true" version="1" lat="25.014407529641474" lon="121.46563031624139"/>
  <node id="197" action="modify" visible="true" version="1" lat="25.014359630623943" lon="121.46566145338423"/>
  <node id="198" action="modify" visible="true" version="1" lat="25.014344670965414" lon="121.4656704287988"/>
  <node id="199" action="modify" visible="true" version="1" lat="25.014441862378437" lon="121.46556767262325"/>
  <node id="200" action="modify" visible="true" version="1" lat="25.014393064454993" lon="121.46560322862003"/>
  <node id="201" action="modify" visible="true" version="1" lat="25.01434602056758" lon="121.4656338313892"/>
  <node id="202" action="modify" visible="true" version="1" lat="25.014331175067763" lon="121.46564273912958"/>
  <node id="206" action="modify" visible="true" version="1" lat="25.014425586816586" lon="121.46554186622012"/>
  <node id="207" action="modify" visible="true" version="1" lat="25.01437800473529" lon="121.46557654085372"/>
  <node id="208" action="modify" visible="true" version="1" lat="25.01433212385973" lon="121.46560638497803"/>
  <node id="209" action="modify" visible="true" version="1" lat="25.014317781328053" lon="121.46561498866167"/>
  <node id="212" action="modify" visible="true" version="1" lat="25.01440928225458" lon="121.4655160815076"/>
  <node id="213" action="modify" visible="true" version="1" lat="25.014363061612272" lon="121.46554976764114"/>
  <node id="214" action="modify" visible="true" version="1" lat="25.014318464821798" lon="121.46557879070087"/>
  <node id="215" action="modify" visible="true" version="1" lat="25.014304398387985" lon="121.4655872318043"/>
  <node id="218" action="modify" visible="true" version="1" lat="25.01303652465145" lon="121.463662023891"/>
  <node id="219" action="modify" visible="true" version="1" lat="25.013104042086894" lon="121.46375702272718"/>
  <node id="220" action="modify" visible="true" version="1" lat="25.01317296523415" lon="121.46384556491233"/>
  <node id="221" action="modify" visible="true" version="1" lat="25.01327870734577" lon="121.4639758675744"/>
  <node id="222" action="modify" visible="true" version="1" lat="25.01340610568535" lon="121.46412708966359"/>
  <node id="223" action="modify" visible="true" version="1" lat="25.013481815077526" lon="121.46421493707936"/>
  <node id="224" action="modify" visible="true" version="1" lat="25.013783492812024" lon="121.46456202212251"/>
  <node id="225" action="modify" visible="true" version="1" lat="25.013914085983483" lon="121.46471673877616"/>
  <node id="226" action="modify" visible="true" version="1" lat="25.014023062220843" lon="121.46485071154763"/>
  <node id="227" action="modify" visible="true" version="1" lat="25.01411395934217" lon="121.46496729650833"/>
  <node id="228" action="modify" visible="true" version="1" lat="25.014223156628532" lon="121.46511364045567"/>
  <node id="229" action="modify" visible="true" version="1" lat="25.01439777840665" lon="121.46535229406408"/>
  <node id="230" action="modify" visible="true" version="1" lat="25.01301413356396" lon="121.46368146685644"/>
  <node id="231" action="modify" visible="true" version="1" lat="25.013082429400132" lon="121.46377751028112"/>
  <node id="232" action="modify" visible="true" version="1" lat="25.01315174001923" lon="121.46386653992745"/>
  <node id="233" action="modify" visible="true" version="1" lat="25.013257839796847" lon="121.46399727512114"/>
  <node id="234" action="modify" visible="true" version="1" lat="25.013385459502665" lon="121.46414875697485"/>
  <node id="235" action="modify" visible="true" version="1" lat="25.013461252403744" lon="121.46423670086239"/>
  <node id="236" action="modify" visible="true" version="1" lat="25.013762644146563" lon="121.46458345196034"/>
  <node id="237" action="modify" visible="true" version="1" lat="25.01389288323972" lon="121.46473774129069"/>
  <node id="238" action="modify" visible="true" version="1" lat="25.014001464324526" lon="121.46487121787843"/>
  <node id="239" action="modify" visible="true" version="1" lat="25.014091964203516" lon="121.4649872820397"/>
  <node id="240" action="modify" visible="true" version="1" lat="25.014200988738164" lon="121.46513339216712"/>
  <node id="241" action="modify" visible="true" version="1" lat="25.014375549010133" lon="121.46537196107609"/>
  <node id="245" action="modify" visible="true" version="1" lat="25.01444022060699" lon="121.46541113807187"/>
  <node id="246" action="modify" visible="true" version="1" lat="25.01445003161105" lon="121.46542603825327"/>
  <node id="247" action="modify" visible="true" version="1" lat="25.014459853704185" lon="121.46544101872811"/>
  <node id="248" action="modify" visible="true" version="1" lat="25.014417546734045" lon="121.46543016466802"/>
  <node id="249" action="modify" visible="true" version="1" lat="25.014426974793487" lon="121.46544450913296"/>
  <node id="250" action="modify" visible="true" version="1" lat="25.014436391762338" lon="121.46545877330445"/>
  <node id="254" action="modify" visible="true" version="1" lat="25.014498493223687" lon="121.4653447794354"/>
  <node id="255" action="modify" visible="true" version="1" lat="25.01447877379079" lon="121.46531559340187"/>
  <node id="256" action="modify" visible="true" version="1" lat="25.014459247585105" lon="121.46528668062706"/>
  <node id="257" action="modify" visible="true" version="1" lat="25.014520951175438" lon="121.4653254434231"/>
  <node id="258" action="modify" visible="true" version="1" lat="25.014501619258358" lon="121.46529680546433"/>
  <node id="259" action="modify" visible="true" version="1" lat="25.014482094107898" lon="121.46526789424684"/>
  <node id="263" action="modify" visible="true" version="1" lat="25.012512664393494" lon="121.46677909992594"/>
  <node id="264" action="modify" visible="true" version="1" lat="25.01254027118519" lon="121.46677226043899"/>
  <node id="265" action="modify" visible="true" version="1" lat="25.012558814927946" lon="121.46676541269909"/>
  <node id="266" action="modify" visible="true" version="1" lat="25.012679212740608" lon="121.46671101367971"/>
  <node id="267" action="modify" visible="true" version="1" lat="25.012802123330303" lon="121.46665162061875"/>
  <node id="268" action="modify" visible="true" version="1" lat="25.012927447104367" lon="121.46658716077792"/>
  <node id="269" action="modify" visible="true" version="1" lat="25.01305874735091" lon="121.46651562787008"/>
  <node id="270" action="modify" visible="true" version="1" lat="25.0131959177747" lon="121.46643690443995"/>
  <node id="271" action="modify" visible="true" version="1" lat="25.0133496102254" lon="121.46634452297535"/>
  <node id="272" action="modify" visible="true" version="1" lat="25.013533803109187" lon="121.46622932637315"/>
  <node id="273" action="modify" visible="true" version="1" lat="25.014090292742868" lon="121.465871743187"/>
  <node id="274" action="modify" visible="true" version="1" lat="25.014275144313288" lon="121.46575669486809"/>
  <node id="275" action="modify" visible="true" version="1" lat="25.014364808228965" lon="121.4657024927779"/>
  <node id="276" action="modify" visible="true" version="1" lat="25.01251724200121" lon="121.46681016669497"/>
  <node id="277" action="modify" visible="true" version="1" lat="25.012548157808688" lon="121.46680247239125"/>
  <node id="278" action="modify" visible="true" version="1" lat="25.012569297753526" lon="121.4667946484126"/>
  <node id="279" action="modify" visible="true" version="1" lat="25.012690335686038" lon="121.46673995993385"/>
  <node id="280" action="modify" visible="true" version="1" lat="25.0128138682142" lon="121.4666802661556"/>
  <node id="281" action="modify" visible="true" version="1" lat="25.012939782327848" lon="121.46661550255475"/>
  <node id="282" action="modify" visible="true" version="1" lat="25.013071640421572" lon="121.4665436656759"/>
  <node id="283" action="modify" visible="true" version="1" lat="25.013209314399305" lon="121.46646465327399"/>
  <node id="284" action="modify" visible="true" version="1" lat="25.013363459967916" lon="121.46637199957725"/>
  <node id="285" action="modify" visible="true" version="1" lat="25.013548024489715" lon="121.46625657081138"/>
  <node id="286" action="modify" visible="true" version="1" lat="25.014104457923004" lon="121.46589902321392"/>
  <node id="287" action="modify" visible="true" version="1" lat="25.014288940065622" lon="121.46578420446066"/>
  <node id="288" action="modify" visible="true" version="1" lat="25.014378385016265" lon="121.46573013469808"/>
  <node id="292" action="modify" visible="true" version="1" lat="25.01252298333323" lon="121.46684095787946"/>
  <node id="293" action="modify" visible="true" version="1" lat="25.01255604159397" lon="121.46683268537775"/>
  <node id="294" action="modify" visible="true" version="1" lat="25.012579780577976" lon="121.4668238841262"/>
  <node id="295" action="modify" visible="true" version="1" lat="25.01270145863029" lon="121.46676890618807"/>
  <node id="296" action="modify" visible="true" version="1" lat="25.012825613096876" lon="121.46670891169255"/>
  <node id="297" action="modify" visible="true" version="1" lat="25.012952117550057" lon="121.46664384433159"/>
  <node id="298" action="modify" visible="true" version="1" lat="25.013084533490893" lon="121.46657170348168"/>
  <node id="299" action="modify" visible="true" version="1" lat="25.013222711022497" lon="121.46649240210802"/>
  <node id="300" action="modify" visible="true" version="1" lat="25.013377309708915" lon="121.46639947617909"/>
  <node id="301" action="modify" visible="true" version="1" lat="25.013562245868602" lon="121.46628381524961"/>
  <node id="302" action="modify" visible="true" version="1" lat="25.01411862310157" lon="121.4659263032408"/>
  <node id="303" action="modify" visible="true" version="1" lat="25.01430273581642" lon="121.4658117140532"/>
  <node id="306" action="modify" visible="true" version="1" lat="25.01445741584988" lon="121.46560894580098"/>
  <node id="307" action="modify" visible="true" version="1" lat="25.014464541521765" lon="121.46560429781833"/>
  <node id="308" action="modify" visible="true" version="1" lat="25.014471863511858" lon="121.46563604474122"/>
  <node id="309" action="modify" visible="true" version="1" lat="25.01447903956582" lon="121.46563136403469"/>
  <node id="313" action="modify" visible="true" version="1" lat="25.014486361649478" lon="121.46566311089647"/>
  <node id="314" action="modify" visible="true" version="1" lat="25.014493537608203" lon="121.46565843025103"/>
  <node id="317" action="modify" visible="true" version="1" lat="25.014508035648873" lon="121.46568549646734"/>
  <node id="320" action="modify" visible="true" version="1" lat="25.014552437751995" lon="121.46546934233737"/>
  <node id="321" action="modify" visible="true" version="1" lat="25.014543590964315" lon="121.46547830659019"/>
  <node id="322" action="modify" visible="true" version="1" lat="25.014534820149724" lon="121.46548713774796"/>
  <node id="323" action="modify" visible="true" version="1" lat="25.014533679503483" lon="121.46544569904191"/>
  <node id="324" action="modify" visible="true" version="1" lat="25.014524340085128" lon="121.46545512789254"/>
  <node id="325" action="modify" visible="true" version="1" lat="25.014514924692314" lon="121.46546468983821"/>
  <node id="329" action="modify" visible="true" version="1" lat="25.01460164283916" lon="121.4655534443532"/>
  <node id="330" action="modify" visible="true" version="1" lat="25.01461209863997" lon="121.46554703442091"/>
  <node id="331" action="modify" visible="true" version="1" lat="25.01461550718773" lon="121.46558091189677"/>
  <node id="332" action="modify" visible="true" version="1" lat="25.01462680138656" lon="121.46557395307909"/>
  <node id="336" action="modify" visible="true" version="1" lat="25.014942475614145" lon="121.46497685707659"/>
  <node id="337" action="modify" visible="true" version="1" lat="25.014861849438585" lon="121.46506046339958"/>
  <node id="338" action="modify" visible="true" version="1" lat="25.014828130759373" lon="121.46509912957612"/>
  <node id="339" action="modify" visible="true" version="1" lat="25.014799269977647" lon="121.46513665330886"/>
  <node id="340" action="modify" visible="true" version="1" lat="25.014770270131873" lon="121.46517945534264"/>
  <node id="341" action="modify" visible="true" version="1" lat="25.014734065374597" lon="121.46523940361939"/>
  <node id="342" action="modify" visible="true" version="1" lat="25.014689886763527" lon="121.46531614923487"/>
  <node id="343" action="modify" visible="true" version="1" lat="25.014923062293246" lon="121.46495385638846"/>
  <node id="344" action="modify" visible="true" version="1" lat="25.01484130825718" lon="121.46503867518143"/>
  <node id="345" action="modify" visible="true" version="1" lat="25.01480639714912" lon="121.46507879878608"/>
  <node id="346" action="modify" visible="true" version="1" lat="25.014776443728444" lon="121.46511783702961"/>
  <node id="347" action="modify" visible="true" version="1" lat="25.014746560253595" lon="121.4651620203615"/>
  <node id="348" action="modify" visible="true" version="1" lat="25.014710013657243" lon="121.46522254843364"/>
  <node id="349" action="modify" visible="true" version="1" lat="25.014666269834464" lon="121.46529858223805"/>
  <node id="353" action="modify" visible="true" version="1" lat="25.014646333994907" lon="121.46537425938024"/>
  <node id="354" action="modify" visible="true" version="1" lat="25.01463415516234" lon="121.46538660763358"/>
  <node id="355" action="modify" visible="true" version="1" lat="25.01462182164965" lon="121.46539908356083"/>
  <node id="356" action="modify" visible="true" version="1" lat="25.014626762310915" lon="121.46535141469381"/>
  <node id="357" action="modify" visible="true" version="1" lat="25.014614881886892" lon="121.46536345162568"/>
  <node id="358" action="modify" visible="true" version="1" lat="25.014603156140666" lon="121.46537536088358"/>
  <node id="362" action="modify" visible="true" version="1" lat="25.0146405548075" lon="121.46570146176768"/>
  <node id="363" action="modify" visible="true" version="1" lat="25.014617878702794" lon="121.46572049787729"/>
  <node id="367" action="modify" visible="true" version="1" lat="25.014634998129527" lon="121.46551467795655"/>
  <node id="368" action="modify" visible="true" version="1" lat="25.014634933188205" lon="121.46551461146382"/>
  <node id="369" action="modify" visible="true" version="1" lat="25.01463486824689" lon="121.4655145449711"/>
  <node id="370" action="modify" visible="true" version="1" lat="25.014634803305572" lon="121.46551447847837"/>
  <node id="371" action="modify" visible="true" version="1" lat="25.014634738364254" lon="121.46551441198567"/>
  <node id="372" action="modify" visible="true" version="1" lat="25.01463467342294" lon="121.46551434549292"/>
  <node id="373" action="modify" visible="true" version="1" lat="25.01463460848162" lon="121.46551427900022"/>
  <node id="374" action="modify" visible="true" version="1" lat="25.014634543540303" lon="121.46551421250749"/>
  <node id="375" action="modify" visible="true" version="1" lat="25.014634478598985" lon="121.46551414601475"/>
  <node id="376" action="modify" visible="true" version="1" lat="25.014634413657667" lon="121.46551407952204"/>
  <node id="377" action="modify" visible="true" version="1" lat="25.014634348716356" lon="121.46551401302933"/>
  <node id="378" action="modify" visible="true" version="1" lat="25.01463428377503" lon="121.4655139465366"/>
  <node id="379" action="modify" visible="true" version="1" lat="25.014634218833717" lon="121.46551388004387"/>
  <node id="380" action="modify" visible="true" version="1" lat="25.0146341538924" lon="121.46551381355115"/>
  <node id="381" action="modify" visible="true" version="1" lat="25.01463408895108" lon="121.46551374705845"/>
  <node id="382" action="modify" visible="true" version="1" lat="25.014634024009766" lon="121.46551368056569"/>
  <node id="383" action="modify" visible="true" version="1" lat="25.014633959068444" lon="121.46551361407299"/>
  <node id="384" action="modify" visible="true" version="1" lat="25.01463389412713" lon="121.46551354758027"/>
  <node id="385" action="modify" visible="true" version="1" lat="25.01463382918581" lon="121.46551348108754"/>
  <node id="386" action="modify" visible="true" version="1" lat="25.01463376424449" lon="121.46551341459481"/>
  <node id="387" action="modify" visible="true" version="1" lat="25.01463369930317" lon="121.4655133481021"/>
  <node id="388" action="modify" visible="true" version="1" lat="25.014633634361857" lon="121.46551328160939"/>
  <node id="389" action="modify" visible="true" version="1" lat="25.01463356942054" lon="121.46551321511666"/>
  <node id="390" action="modify" visible="true" version="1" lat="25.01463350447922" lon="121.46551314862393"/>
  <node id="391" action="modify" visible="true" version="1" lat="25.0146334395379" lon="121.46551308213122"/>
  <node id="392" action="modify" visible="true" version="1" lat="25.014633374596585" lon="121.46551301563848"/>
  <node id="393" action="modify" visible="true" version="1" lat="25.01463330965527" lon="121.46551294914578"/>
  <node id="394" action="modify" visible="true" version="1" lat="25.01463324471395" lon="121.46551288265304"/>
  <node id="395" action="modify" visible="true" version="1" lat="25.01463317977263" lon="121.46551281616033"/>
  <node id="396" action="modify" visible="true" version="1" lat="25.014633114831312" lon="121.4655127496676"/>
  <node id="397" action="modify" visible="true" version="1" lat="25.014633049889994" lon="121.4655126831749"/>
  <node id="398" action="modify" visible="true" version="1" lat="25.01463298494868" lon="121.46551261668216"/>
  <node id="399" action="modify" visible="true" version="1" lat="25.014632920007354" lon="121.46551255018944"/>
  <node id="400" action="modify" visible="true" version="1" lat="25.01463285506604" lon="121.46551248369674"/>
  <node id="401" action="modify" visible="true" version="1" lat="25.014632790124725" lon="121.46551241720401"/>
  <node id="402" action="modify" visible="true" version="1" lat="25.014632725183404" lon="121.46551235071125"/>
  <node id="403" action="modify" visible="true" version="1" lat="25.014632660242086" lon="121.46551228421856"/>
  <node id="404" action="modify" visible="true" version="1" lat="25.014632595300764" lon="121.46551221772583"/>
  <node id="405" action="modify" visible="true" version="1" lat="25.01463253035945" lon="121.4655121512331"/>
  <node id="406" action="modify" visible="true" version="1" lat="25.014632465418128" lon="121.46551208474037"/>
  <node id="407" action="modify" visible="true" version="1" lat="25.014632400476813" lon="121.46551201824768"/>
  <node id="408" action="modify" visible="true" version="1" lat="25.014632335535495" lon="121.46551195175495"/>
  <node id="409" action="modify" visible="true" version="1" lat="25.014632270594177" lon="121.46551188526222"/>
  <node id="410" action="modify" visible="true" version="1" lat="25.01463220565286" lon="121.46551181876951"/>
  <node id="411" action="modify" visible="true" version="1" lat="25.014632140711537" lon="121.4655117522768"/>
  <node id="412" action="modify" visible="true" version="1" lat="25.01463207577022" lon="121.46551168578404"/>
  <node id="413" action="modify" visible="true" version="1" lat="25.0146320108289" lon="121.46551161929133"/>
  <node id="414" action="modify" visible="true" version="1" lat="25.01463194588758" lon="121.4655115527986"/>
  <node id="415" action="modify" visible="true" version="1" lat="25.014631880946265" lon="121.46551148630589"/>
  <node id="416" action="modify" visible="true" version="1" lat="25.014631816004943" lon="121.46551141981315"/>
  <node id="417" action="modify" visible="true" version="1" lat="25.014654817257547" lon="121.46549210665881"/>
  <node id="418" action="modify" visible="true" version="1" lat="25.014654753156478" lon="121.46549204096942"/>
  <node id="419" action="modify" visible="true" version="1" lat="25.0146546890554" lon="121.46549197528006"/>
  <node id="420" action="modify" visible="true" version="1" lat="25.014654624954332" lon="121.46549190959065"/>
  <node id="421" action="modify" visible="true" version="1" lat="25.01465456085325" lon="121.46549184390129"/>
  <node id="422" action="modify" visible="true" version="1" lat="25.01465449675218" lon="121.4654917782119"/>
  <node id="423" action="modify" visible="true" version="1" lat="25.014654432651106" lon="121.46549171252252"/>
  <node id="424" action="modify" visible="true" version="1" lat="25.01465436855003" lon="121.46549164683313"/>
  <node id="425" action="modify" visible="true" version="1" lat="25.014654304448953" lon="121.46549158114377"/>
  <node id="426" action="modify" visible="true" version="1" lat="25.01465424034788" lon="121.46549151545436"/>
  <node id="427" action="modify" visible="true" version="1" lat="25.014654176246808" lon="121.465491449765"/>
  <node id="428" action="modify" visible="true" version="1" lat="25.014654112145735" lon="121.46549138407562"/>
  <node id="429" action="modify" visible="true" version="1" lat="25.014654048044655" lon="121.46549131838623"/>
  <node id="430" action="modify" visible="true" version="1" lat="25.014653983943585" lon="121.46549125269684"/>
  <node id="431" action="modify" visible="true" version="1" lat="25.01465391984251" lon="121.46549118700746"/>
  <node id="432" action="modify" visible="true" version="1" lat="25.014653855741436" lon="121.46549112131807"/>
  <node id="433" action="modify" visible="true" version="1" lat="25.014653791640363" lon="121.4654910556287"/>
  <node id="434" action="modify" visible="true" version="1" lat="25.01465372753928" lon="121.46549098993933"/>
  <node id="435" action="modify" visible="true" version="1" lat="25.01465366343821" lon="121.46549092424993"/>
  <node id="436" action="modify" visible="true" version="1" lat="25.014653599337137" lon="121.46549085856057"/>
  <node id="437" action="modify" visible="true" version="1" lat="25.01465353523606" lon="121.46549079287117"/>
  <node id="438" action="modify" visible="true" version="1" lat="25.014653471134988" lon="121.46549072718177"/>
  <node id="439" action="modify" visible="true" version="1" lat="25.01465340703391" lon="121.46549066149241"/>
  <node id="440" action="modify" visible="true" version="1" lat="25.01465334293283" lon="121.46549059580303"/>
  <node id="441" action="modify" visible="true" version="1" lat="25.014653278831762" lon="121.46549053011364"/>
  <node id="442" action="modify" visible="true" version="1" lat="25.014653214730686" lon="121.46549046442426"/>
  <node id="443" action="modify" visible="true" version="1" lat="25.014653150629613" lon="121.46549039873487"/>
  <node id="444" action="modify" visible="true" version="1" lat="25.014653086528536" lon="121.46549033304551"/>
  <node id="445" action="modify" visible="true" version="1" lat="25.01465302242746" lon="121.46549026735613"/>
  <node id="446" action="modify" visible="true" version="1" lat="25.01465295832639" lon="121.46549020166674"/>
  <node id="447" action="modify" visible="true" version="1" lat="25.01465289422531" lon="121.46549013597735"/>
  <node id="448" action="modify" visible="true" version="1" lat="25.01465283012423" lon="121.46549007028797"/>
  <node id="449" action="modify" visible="true" version="1" lat="25.014652766023165" lon="121.46549000459858"/>
  <node id="450" action="modify" visible="true" version="1" lat="25.014652701922085" lon="121.46548993890922"/>
  <node id="451" action="modify" visible="true" version="1" lat="25.01465263782101" lon="121.46548987321984"/>
  <node id="452" action="modify" visible="true" version="1" lat="25.014652573719935" lon="121.46548980753045"/>
  <node id="453" action="modify" visible="true" version="1" lat="25.01465250961886" lon="121.46548974184107"/>
  <node id="454" action="modify" visible="true" version="1" lat="25.014652445517786" lon="121.46548967615168"/>
  <node id="455" action="modify" visible="true" version="1" lat="25.014652381416703" lon="121.46548961046228"/>
  <node id="456" action="modify" visible="true" version="1" lat="25.014652317315633" lon="121.46548954477291"/>
  <node id="457" action="modify" visible="true" version="1" lat="25.014652253214557" lon="121.46548947908354"/>
  <node id="458" action="modify" visible="true" version="1" lat="25.014652189113484" lon="121.46548941339415"/>
  <node id="459" action="modify" visible="true" version="1" lat="25.01465212501241" lon="121.46548934770478"/>
  <node id="460" action="modify" visible="true" version="1" lat="25.014652060911327" lon="121.46548928201541"/>
  <node id="461" action="modify" visible="true" version="1" lat="25.014651996810255" lon="121.46548921632602"/>
  <node id="462" action="modify" visible="true" version="1" lat="25.01465193270918" lon="121.46548915063661"/>
  <node id="463" action="modify" visible="true" version="1" lat="25.014651868608105" lon="121.46548908494725"/>
  <node id="464" action="modify" visible="true" version="1" lat="25.01465180450703" lon="121.46548901925786"/>
  <node id="465" action="modify" visible="true" version="1" lat="25.01465174040595" lon="121.46548895356848"/>
  <node id="466" action="modify" visible="true" version="1" lat="25.01465167630488" lon="121.46548888787912"/>
  <node id="470" action="modify" visible="true" version="1" lat="25.014631108920696" lon="121.46551059596636"/>
  <node id="471" action="modify" visible="true" version="1" lat="25.01463039966378" lon="121.46550977415401"/>
  <node id="472" action="modify" visible="true" version="1" lat="25.01462968834687" lon="121.46550895426662"/>
  <node id="473" action="modify" visible="true" version="1" lat="25.014628975082616" lon="121.46550813619463"/>
  <node id="474" action="modify" visible="true" version="1" lat="25.01462825998371" lon="121.46550731982859"/>
  <node id="475" action="modify" visible="true" version="1" lat="25.014627543162824" lon="121.46550650505884"/>
  <node id="476" action="modify" visible="true" version="1" lat="25.01462682473262" lon="121.4655056917761"/>
  <node id="477" action="modify" visible="true" version="1" lat="25.01462610480577" lon="121.46550487987062"/>
  <node id="478" action="modify" visible="true" version="1" lat="25.014625383494945" lon="121.46550406923298"/>
  <node id="479" action="modify" visible="true" version="1" lat="25.014624660912805" lon="121.46550325975367"/>
  <node id="480" action="modify" visible="true" version="1" lat="25.014623937172036" lon="121.46550245132313"/>
  <node id="481" action="modify" visible="true" version="1" lat="25.014623212385303" lon="121.46550164383193"/>
  <node id="482" action="modify" visible="true" version="1" lat="25.014622486665274" lon="121.46550083717044"/>
  <node id="483" action="modify" visible="true" version="1" lat="25.014621760124623" lon="121.4655000312292"/>
  <node id="484" action="modify" visible="true" version="1" lat="25.014621032876025" lon="121.46549922589871"/>
  <node id="485" action="modify" visible="true" version="1" lat="25.014620305032143" lon="121.46549842106943"/>
  <node id="486" action="modify" visible="true" version="1" lat="25.01461957670564" lon="121.46549761663181"/>
  <node id="487" action="modify" visible="true" version="1" lat="25.014618848009196" lon="121.4654968124763"/>
  <node id="488" action="modify" visible="true" version="1" lat="25.014618119055477" lon="121.4654960084935"/>
  <node id="489" action="modify" visible="true" version="1" lat="25.01461738995716" lon="121.46549520457384"/>
  <node id="490" action="modify" visible="true" version="1" lat="25.014616660826917" lon="121.46549440060778"/>
  <node id="491" action="modify" visible="true" version="1" lat="25.01461593177742" lon="121.46549359648583"/>
  <node id="492" action="modify" visible="true" version="1" lat="25.01461520292132" lon="121.46549279209846"/>
  <node id="493" action="modify" visible="true" version="1" lat="25.01461447437131" lon="121.46549198733611"/>
  <node id="494" action="modify" visible="true" version="1" lat="25.014613746240045" lon="121.46549118208931"/>
  <node id="495" action="modify" visible="true" version="1" lat="25.0146130186402" lon="121.46549037624855"/>
  <node id="496" action="modify" visible="true" version="1" lat="25.014612291684465" lon="121.46548956970429"/>
  <node id="497" action="modify" visible="true" version="1" lat="25.014611565485477" lon="121.465488762347"/>
  <node id="498" action="modify" visible="true" version="1" lat="25.01461084015592" lon="121.46548795406714"/>
  <node id="499" action="modify" visible="true" version="1" lat="25.014610115808473" lon="121.46548714475529"/>
  <node id="500" action="modify" visible="true" version="1" lat="25.014609392555794" lon="121.46548633430186"/>
  <node id="501" action="modify" visible="true" version="1" lat="25.01460867051056" lon="121.46548552259728"/>
  <node id="502" action="modify" visible="true" version="1" lat="25.01460794978545" lon="121.46548470953216"/>
  <node id="503" action="modify" visible="true" version="1" lat="25.014607230493123" lon="121.4654838949969"/>
  <node id="504" action="modify" visible="true" version="1" lat="25.01460651274625" lon="121.46548307888193"/>
  <node id="505" action="modify" visible="true" version="1" lat="25.014605796657502" lon="121.46548226107787"/>
  <node id="506" action="modify" visible="true" version="1" lat="25.01460508233955" lon="121.4654814414751"/>
  <node id="507" action="modify" visible="true" version="1" lat="25.014604369905072" lon="121.46548061996414"/>
  <node id="508" action="modify" visible="true" version="1" lat="25.014603659466726" lon="121.46547979643546"/>
  <node id="509" action="modify" visible="true" version="1" lat="25.014602951137192" lon="121.46547897077951"/>
  <node id="510" action="modify" visible="true" version="1" lat="25.01460224502914" lon="121.46547814288684"/>
  <node id="511" action="modify" visible="true" version="1" lat="25.014601541255225" lon="121.46547731264789"/>
  <node id="512" action="modify" visible="true" version="1" lat="25.014600839928136" lon="121.46547647995313"/>
  <node id="513" action="modify" visible="true" version="1" lat="25.014600141160546" lon="121.46547564469309"/>
  <node id="514" action="modify" visible="true" version="1" lat="25.01459944506511" lon="121.4654748067582"/>
  <node id="515" action="modify" visible="true" version="1" lat="25.014598751754505" lon="121.46547396603894"/>
  <node id="516" action="modify" visible="true" version="1" lat="25.014598061341406" lon="121.46547312242582"/>
  <node id="517" action="modify" visible="true" version="1" lat="25.014597373938475" lon="121.46547227580932"/>
  <node id="518" action="modify" visible="true" version="1" lat="25.014596689658386" lon="121.46547142607993"/>
  <node id="519" action="modify" visible="true" version="1" lat="25.014650906098606" lon="121.46548815357585"/>
  <node id="520" action="modify" visible="true" version="1" lat="25.014650140830927" lon="121.46548741414857"/>
  <node id="521" action="modify" visible="true" version="1" lat="25.014649380360062" lon="121.46548666974407"/>
  <node id="522" action="modify" visible="true" version="1" lat="25.014648624544165" lon="121.46548592050893"/>
  <node id="523" action="modify" visible="true" version="1" lat="25.014647873241465" lon="121.46548516658996"/>
  <node id="524" action="modify" visible="true" version="1" lat="25.01464712631014" lon="121.46548440813392"/>
  <node id="525" action="modify" visible="true" version="1" lat="25.014646383608408" lon="121.46548364528752"/>
  <node id="526" action="modify" visible="true" version="1" lat="25.01464564499444" lon="121.46548287819743"/>
  <node id="527" action="modify" visible="true" version="1" lat="25.014644910326446" lon="121.46548210701037"/>
  <node id="528" action="modify" visible="true" version="1" lat="25.014644179462618" lon="121.46548133187314"/>
  <node id="529" action="modify" visible="true" version="1" lat="25.014643452261165" lon="121.4654805529324"/>
  <node id="530" action="modify" visible="true" version="1" lat="25.01464272858026" lon="121.46547977033494"/>
  <node id="531" action="modify" visible="true" version="1" lat="25.014642008278127" lon="121.46547898422745"/>
  <node id="532" action="modify" visible="true" version="1" lat="25.01464129121295" lon="121.46547819475664"/>
  <node id="533" action="modify" visible="true" version="1" lat="25.014640577242915" lon="121.46547740206927"/>
  <node id="534" action="modify" visible="true" version="1" lat="25.01463986622623" lon="121.46547660631201"/>
  <node id="535" action="modify" visible="true" version="1" lat="25.014639158021087" lon="121.46547580763158"/>
  <node id="536" action="modify" visible="true" version="1" lat="25.01463845248568" lon="121.4654750061748"/>
  <node id="537" action="modify" visible="true" version="1" lat="25.01463774947822" lon="121.46547420208832"/>
  <node id="538" action="modify" visible="true" version="1" lat="25.014637048856883" lon="121.46547339551886"/>
  <node id="539" action="modify" visible="true" version="1" lat="25.014636350479876" lon="121.4654725866132"/>
  <node id="540" action="modify" visible="true" version="1" lat="25.014635654205403" lon="121.46547177551801"/>
  <node id="541" action="modify" visible="true" version="1" lat="25.014634959891648" lon="121.46547096238005"/>
  <node id="542" action="modify" visible="true" version="1" lat="25.01463426739682" lon="121.46547014734601"/>
  <node id="543" action="modify" visible="true" version="1" lat="25.014633576579097" lon="121.46546933056266"/>
  <node id="544" action="modify" visible="true" version="1" lat="25.01463288729669" lon="121.4654685121767"/>
  <node id="545" action="modify" visible="true" version="1" lat="25.014632199407785" lon="121.46546769233484"/>
  <node id="546" action="modify" visible="true" version="1" lat="25.014631512770585" lon="121.4654668711838"/>
  <node id="547" action="modify" visible="true" version="1" lat="25.014630827243288" lon="121.46546604887038"/>
  <node id="548" action="modify" visible="true" version="1" lat="25.01463014268409" lon="121.46546522554121"/>
  <node id="549" action="modify" visible="true" version="1" lat="25.014629458951184" lon="121.46546440134308"/>
  <node id="550" action="modify" visible="true" version="1" lat="25.01462877590276" lon="121.46546357642264"/>
  <node id="551" action="modify" visible="true" version="1" lat="25.01462809339704" lon="121.46546275092672"/>
  <node id="552" action="modify" visible="true" version="1" lat="25.014627411292192" lon="121.46546192500199"/>
  <node id="553" action="modify" visible="true" version="1" lat="25.014626729446416" lon="121.46546109879512"/>
  <node id="554" action="modify" visible="true" version="1" lat="25.014626047717925" lon="121.46546027245292"/>
  <node id="555" action="modify" visible="true" version="1" lat="25.014625365964907" lon="121.4654594461221"/>
  <node id="556" action="modify" visible="true" version="1" lat="25.014624684045558" lon="121.46545861994937"/>
  <node id="557" action="modify" visible="true" version="1" lat="25.014624001818067" lon="121.46545779408143"/>
  <node id="558" action="modify" visible="true" version="1" lat="25.014623319140636" lon="121.46545696866502"/>
  <node id="559" action="modify" visible="true" version="1" lat="25.01462263587147" lon="121.4654561438469"/>
  <node id="560" action="modify" visible="true" version="1" lat="25.014621951868744" lon="121.46545531977375"/>
  <node id="561" action="modify" visible="true" version="1" lat="25.014621266990673" lon="121.46545449659233"/>
  <node id="562" action="modify" visible="true" version="1" lat="25.014620581095453" lon="121.46545367444934"/>
  <node id="563" action="modify" visible="true" version="1" lat="25.01461989404127" lon="121.46545285349153"/>
  <node id="564" action="modify" visible="true" version="1" lat="25.014619205686333" lon="121.46545203386556"/>
  <node id="565" action="modify" visible="true" version="1" lat="25.01461851588883" lon="121.46545121571825"/>
  <node id="566" action="modify" visible="true" version="1" lat="25.014617824506956" lon="121.46545039919626"/>
  <node id="567" action="modify" visible="true" version="1" lat="25.01461713139891" lon="121.46544958444633"/>
  <node id="571" action="modify" visible="true" version="1" lat="25.014733063749155" lon="121.46543373965281"/>
  <node id="572" action="modify" visible="true" version="1" lat="25.01475513789926" lon="121.46545361866647"/>
  <node id="576" action="modify" visible="true" version="1" lat="25.014741573425884" lon="121.46563241124285"/>
  <node id="577" action="modify" visible="true" version="1" lat="25.01471834329998" lon="121.46560617473163"/>
  <node id="578" action="modify" visible="true" version="1" lat="25.01469481403096" lon="121.46557957277737"/>
  <node id="579" action="modify" visible="true" version="1" lat="25.014762159922103" lon="121.46561067764603"/>
  <node id="580" action="modify" visible="true" version="1" lat="25.014738723388017" lon="121.46558420304612"/>
  <node id="581" action="modify" visible="true" version="1" lat="25.014715585988114" lon="121.46555809388926"/>
  <node id="585" action="modify" visible="true" version="1" lat="25.01446154484758" lon="121.46559085598787"/>
  <node id="586" action="modify" visible="true" version="1" lat="25.01446146877224" lon="121.46559091441539"/>
  <node id="587" action="modify" visible="true" version="1" lat="25.014461392696898" lon="121.46559097284289"/>
  <node id="588" action="modify" visible="true" version="1" lat="25.01446131662156" lon="121.46559103127042"/>
  <node id="589" action="modify" visible="true" version="1" lat="25.014461240546215" lon="121.46559108969792"/>
  <node id="590" action="modify" visible="true" version="1" lat="25.01446116447088" lon="121.46559114812545"/>
  <node id="591" action="modify" visible="true" version="1" lat="25.01446108839554" lon="121.46559120655296"/>
  <node id="592" action="modify" visible="true" version="1" lat="25.014461012320194" lon="121.46559126498047"/>
  <node id="593" action="modify" visible="true" version="1" lat="25.01446093624486" lon="121.46559132340798"/>
  <node id="594" action="modify" visible="true" version="1" lat="25.014460860169514" lon="121.46559138183551"/>
  <node id="595" action="modify" visible="true" version="1" lat="25.01446078409417" lon="121.46559144026304"/>
  <node id="596" action="modify" visible="true" version="1" lat="25.014460708018834" lon="121.46559149869054"/>
  <node id="597" action="modify" visible="true" version="1" lat="25.014460631943486" lon="121.46559155711807"/>
  <node id="598" action="modify" visible="true" version="1" lat="25.01446055586815" lon="121.46559161554556"/>
  <node id="599" action="modify" visible="true" version="1" lat="25.014460479792813" lon="121.4655916739731"/>
  <node id="600" action="modify" visible="true" version="1" lat="25.014460403717468" lon="121.4655917324006"/>
  <node id="601" action="modify" visible="true" version="1" lat="25.01446032764213" lon="121.46559179082813"/>
  <node id="602" action="modify" visible="true" version="1" lat="25.01446025156678" lon="121.46559184925563"/>
  <node id="603" action="modify" visible="true" version="1" lat="25.014460175491443" lon="121.46559190768315"/>
  <node id="604" action="modify" visible="true" version="1" lat="25.014460099416105" lon="121.46559196611068"/>
  <node id="605" action="modify" visible="true" version="1" lat="25.01446002334076" lon="121.46559202453818"/>
  <node id="606" action="modify" visible="true" version="1" lat="25.014459947265422" lon="121.46559208296571"/>
  <node id="607" action="modify" visible="true" version="1" lat="25.014459871190077" lon="121.46559214139322"/>
  <node id="608" action="modify" visible="true" version="1" lat="25.01445979511474" lon="121.46559219982075"/>
  <node id="609" action="modify" visible="true" version="1" lat="25.014459719039394" lon="121.46559225824824"/>
  <node id="610" action="modify" visible="true" version="1" lat="25.01445964296406" lon="121.46559231667577"/>
  <node id="611" action="modify" visible="true" version="1" lat="25.01445956688871" lon="121.46559237510327"/>
  <node id="612" action="modify" visible="true" version="1" lat="25.014459490813373" lon="121.4655924335308"/>
  <node id="613" action="modify" visible="true" version="1" lat="25.01445941473803" lon="121.46559249195833"/>
  <node id="614" action="modify" visible="true" version="1" lat="25.014459338662682" lon="121.46559255038584"/>
  <node id="615" action="modify" visible="true" version="1" lat="25.014459262587344" lon="121.46559260881335"/>
  <node id="616" action="modify" visible="true" version="1" lat="25.014459186512006" lon="121.46559266724086"/>
  <node id="617" action="modify" visible="true" version="1" lat="25.01445911043666" lon="121.46559272566839"/>
  <node id="618" action="modify" visible="true" version="1" lat="25.014459034361316" lon="121.46559278409589"/>
  <node id="619" action="modify" visible="true" version="1" lat="25.014458958285978" lon="121.46559284252342"/>
  <node id="620" action="modify" visible="true" version="1" lat="25.014458882210633" lon="121.46559290095092"/>
  <node id="621" action="modify" visible="true" version="1" lat="25.01445880613529" lon="121.46559295937844"/>
  <node id="622" action="modify" visible="true" version="1" lat="25.01445873005995" lon="121.46559301780597"/>
  <node id="623" action="modify" visible="true" version="1" lat="25.01445865398461" lon="121.46559307623347"/>
  <node id="624" action="modify" visible="true" version="1" lat="25.014458577909267" lon="121.465593134661"/>
  <node id="625" action="modify" visible="true" version="1" lat="25.014458501833925" lon="121.46559319308851"/>
  <node id="626" action="modify" visible="true" version="1" lat="25.01445842575858" lon="121.46559325151603"/>
  <node id="627" action="modify" visible="true" version="1" lat="25.014458349683245" lon="121.46559330994353"/>
  <node id="628" action="modify" visible="true" version="1" lat="25.014458273607897" lon="121.46559336837106"/>
  <node id="629" action="modify" visible="true" version="1" lat="25.01445819753255" lon="121.46559342679856"/>
  <node id="630" action="modify" visible="true" version="1" lat="25.014458121457217" lon="121.4655934852261"/>
  <node id="631" action="modify" visible="true" version="1" lat="25.01445804538187" lon="121.46559354365361"/>
  <node id="632" action="modify" visible="true" version="1" lat="25.014457969306523" lon="121.46559360208111"/>
  <node id="633" action="modify" visible="true" version="1" lat="25.014457893231185" lon="121.46559366050865"/>
  <node id="634" action="modify" visible="true" version="1" lat="25.014445064550706" lon="121.46556521142182"/>
  <node id="635" action="modify" visible="true" version="1" lat="25.014444999200254" lon="121.46556526165041"/>
  <node id="636" action="modify" visible="true" version="1" lat="25.014444933849802" lon="121.46556531187903"/>
  <node id="637" action="modify" visible="true" version="1" lat="25.01444486849935" lon="121.46556536210763"/>
  <node id="638" action="modify" visible="true" version="1" lat="25.014444803148894" lon="121.46556541233622"/>
  <node id="639" action="modify" visible="true" version="1" lat="25.01444473779844" lon="121.46556546256483"/>
  <node id="640" action="modify" visible="true" version="1" lat="25.014444672447986" lon="121.46556551279342"/>
  <node id="641" action="modify" visible="true" version="1" lat="25.014444607097534" lon="121.46556556302204"/>
  <node id="642" action="modify" visible="true" version="1" lat="25.01444454174708" lon="121.46556561325063"/>
  <node id="643" action="modify" visible="true" version="1" lat="25.014444476396623" lon="121.46556566347923"/>
  <node id="644" action="modify" visible="true" version="1" lat="25.014444411046167" lon="121.46556571370785"/>
  <node id="645" action="modify" visible="true" version="1" lat="25.014444345695715" lon="121.46556576393644"/>
  <node id="646" action="modify" visible="true" version="1" lat="25.014444280345263" lon="121.46556581416502"/>
  <node id="647" action="modify" visible="true" version="1" lat="25.014444214994807" lon="121.46556586439361"/>
  <node id="648" action="modify" visible="true" version="1" lat="25.01444414964435" lon="121.4655659146222"/>
  <node id="649" action="modify" visible="true" version="1" lat="25.014444084293903" lon="121.46556596485082"/>
  <node id="650" action="modify" visible="true" version="1" lat="25.01444401894345" lon="121.46556601507942"/>
  <node id="651" action="modify" visible="true" version="1" lat="25.014443953592995" lon="121.46556606530804"/>
  <node id="652" action="modify" visible="true" version="1" lat="25.01444388824254" lon="121.46556611553663"/>
  <node id="653" action="modify" visible="true" version="1" lat="25.01444382289208" lon="121.46556616576522"/>
  <node id="654" action="modify" visible="true" version="1" lat="25.014443757541628" lon="121.46556621599383"/>
  <node id="655" action="modify" visible="true" version="1" lat="25.014443692191172" lon="121.46556626622242"/>
  <node id="656" action="modify" visible="true" version="1" lat="25.014443626840716" lon="121.46556631645102"/>
  <node id="657" action="modify" visible="true" version="1" lat="25.014443561490264" lon="121.46556636667964"/>
  <node id="658" action="modify" visible="true" version="1" lat="25.01444349613981" lon="121.46556641690823"/>
  <node id="659" action="modify" visible="true" version="1" lat="25.014443430789356" lon="121.46556646713684"/>
  <node id="660" action="modify" visible="true" version="1" lat="25.0144433654389" lon="121.46556651736543"/>
  <node id="661" action="modify" visible="true" version="1" lat="25.01444330008844" lon="121.46556656759402"/>
  <node id="662" action="modify" visible="true" version="1" lat="25.014443234737993" lon="121.46556661782265"/>
  <node id="663" action="modify" visible="true" version="1" lat="25.014443169387537" lon="121.46556666805124"/>
  <node id="664" action="modify" visible="true" version="1" lat="25.01444310403708" lon="121.46556671827983"/>
  <node id="665" action="modify" visible="true" version="1" lat="25.014443038686625" lon="121.46556676850845"/>
  <node id="666" action="modify" visible="true" version="1" lat="25.014442973336173" lon="121.46556681873703"/>
  <node id="667" action="modify" visible="true" version="1" lat="25.014442907985718" lon="121.46556686896565"/>
  <node id="668" action="modify" visible="true" version="1" lat="25.01444284263526" lon="121.46556691919425"/>
  <node id="669" action="modify" visible="true" version="1" lat="25.01444277728481" lon="121.46556696942284"/>
  <node id="670" action="modify" visible="true" version="1" lat="25.01444271193435" lon="121.46556701965146"/>
  <node id="671" action="modify" visible="true" version="1" lat="25.014442646583895" lon="121.46556706988002"/>
  <node id="672" action="modify" visible="true" version="1" lat="25.014442581233446" lon="121.46556712010864"/>
  <node id="673" action="modify" visible="true" version="1" lat="25.01444251588299" lon="121.46556717033724"/>
  <node id="674" action="modify" visible="true" version="1" lat="25.014442450532535" lon="121.46556722056584"/>
  <node id="675" action="modify" visible="true" version="1" lat="25.01444238518208" lon="121.46556727079444"/>
  <node id="676" action="modify" visible="true" version="1" lat="25.014442319831627" lon="121.46556732102303"/>
  <node id="677" action="modify" visible="true" version="1" lat="25.014442254481164" lon="121.46556737125165"/>
  <node id="678" action="modify" visible="true" version="1" lat="25.014442189130715" lon="121.46556742148024"/>
  <node id="679" action="modify" visible="true" version="1" lat="25.014442123780256" lon="121.46556747170884"/>
  <node id="680" action="modify" visible="true" version="1" lat="25.0144420584298" lon="121.46556752193744"/>
  <node id="681" action="modify" visible="true" version="1" lat="25.01444199307935" lon="121.46556757216604"/>
  <node id="682" action="modify" visible="true" version="1" lat="25.014441927728893" lon="121.46556762239466"/>
  <node id="686" action="modify" visible="true" version="1" lat="25.014428885042136" lon="121.46553932901578"/>
  <node id="687" action="modify" visible="true" version="1" lat="25.014428817731414" lon="121.46553938079545"/>
  <node id="688" action="modify" visible="true" version="1" lat="25.01442875042069" lon="121.46553943257513"/>
  <node id="689" action="modify" visible="true" version="1" lat="25.01442868310996" lon="121.4655394843548"/>
  <node id="690" action="modify" visible="true" version="1" lat="25.01442861579924" lon="121.4655395361345"/>
  <node id="691" action="modify" visible="true" version="1" lat="25.014428548488514" lon="121.46553958791418"/>
  <node id="692" action="modify" visible="true" version="1" lat="25.01442848117779" lon="121.46553963969386"/>
  <node id="693" action="modify" visible="true" version="1" lat="25.014428413867066" lon="121.46553969147352"/>
  <node id="694" action="modify" visible="true" version="1" lat="25.01442834655634" lon="121.4655397432532"/>
  <node id="695" action="modify" visible="true" version="1" lat="25.014428279245614" lon="121.4655397950329"/>
  <node id="696" action="modify" visible="true" version="1" lat="25.014428211934888" lon="121.46553984681258"/>
  <node id="697" action="modify" visible="true" version="1" lat="25.01442814462417" lon="121.46553989859227"/>
  <node id="698" action="modify" visible="true" version="1" lat="25.01442807731344" lon="121.46553995037195"/>
  <node id="699" action="modify" visible="true" version="1" lat="25.014428010002714" lon="121.46554000215163"/>
  <node id="700" action="modify" visible="true" version="1" lat="25.014427942691988" lon="121.46554005393129"/>
  <node id="701" action="modify" visible="true" version="1" lat="25.014427875381262" lon="121.46554010571097"/>
  <node id="702" action="modify" visible="true" version="1" lat="25.01442780807054" lon="121.46554015749066"/>
  <node id="703" action="modify" visible="true" version="1" lat="25.014427740759814" lon="121.46554020927034"/>
  <node id="704" action="modify" visible="true" version="1" lat="25.014427673449088" lon="121.46554026105002"/>
  <node id="705" action="modify" visible="true" version="1" lat="25.014427606138362" lon="121.46554031282972"/>
  <node id="706" action="modify" visible="true" version="1" lat="25.014427538827636" lon="121.46554036460937"/>
  <node id="707" action="modify" visible="true" version="1" lat="25.014427471516914" lon="121.46554041638906"/>
  <node id="708" action="modify" visible="true" version="1" lat="25.014427404206184" lon="121.46554046816874"/>
  <node id="709" action="modify" visible="true" version="1" lat="25.014427336895462" lon="121.46554051994843"/>
  <node id="710" action="modify" visible="true" version="1" lat="25.014427269584733" lon="121.46554057172811"/>
  <node id="711" action="modify" visible="true" version="1" lat="25.014427202274007" lon="121.46554062350779"/>
  <node id="712" action="modify" visible="true" version="1" lat="25.014427134963285" lon="121.46554067528749"/>
  <node id="713" action="modify" visible="true" version="1" lat="25.01442706765256" lon="121.46554072706716"/>
  <node id="714" action="modify" visible="true" version="1" lat="25.014427000341833" lon="121.46554077884686"/>
  <node id="715" action="modify" visible="true" version="1" lat="25.014426933031107" lon="121.46554083062654"/>
  <node id="716" action="modify" visible="true" version="1" lat="25.01442686572038" lon="121.46554088240619"/>
  <node id="717" action="modify" visible="true" version="1" lat="25.014426798409655" lon="121.46554093418588"/>
  <node id="718" action="modify" visible="true" version="1" lat="25.01442673109893" lon="121.46554098596556"/>
  <node id="719" action="modify" visible="true" version="1" lat="25.0144266637882" lon="121.46554103774525"/>
  <node id="720" action="modify" visible="true" version="1" lat="25.014426596477477" lon="121.46554108952493"/>
  <node id="721" action="modify" visible="true" version="1" lat="25.01442652916675" lon="121.46554114130461"/>
  <node id="722" action="modify" visible="true" version="1" lat="25.014426461856026" lon="121.46554119308428"/>
  <node id="723" action="modify" visible="true" version="1" lat="25.0144263945453" lon="121.46554124486396"/>
  <node id="724" action="modify" visible="true" version="1" lat="25.01442632723457" lon="121.46554129664365"/>
  <node id="725" action="modify" visible="true" version="1" lat="25.014426259923848" lon="121.46554134842333"/>
  <node id="726" action="modify" visible="true" version="1" lat="25.014426192613122" lon="121.46554140020302"/>
  <node id="727" action="modify" visible="true" version="1" lat="25.014426125302393" lon="121.4655414519827"/>
  <node id="728" action="modify" visible="true" version="1" lat="25.014426057991667" lon="121.46554150376237"/>
  <node id="729" action="modify" visible="true" version="1" lat="25.014425990680945" lon="121.46554155554205"/>
  <node id="730" action="modify" visible="true" version="1" lat="25.014425923370215" lon="121.46554160732173"/>
  <node id="731" action="modify" visible="true" version="1" lat="25.014425856059493" lon="121.46554165910142"/>
  <node id="732" action="modify" visible="true" version="1" lat="25.01442578874877" lon="121.4655417108811"/>
  <node id="733" action="modify" visible="true" version="1" lat="25.014425721438037" lon="121.46554176266078"/>
  <node id="734" action="modify" visible="true" version="1" lat="25.014425654127308" lon="121.46554181444044"/>
  <node id="737" action="modify" visible="true" version="1" lat="25.014412462284245" lon="121.4655136381369"/>
  <node id="738" action="modify" visible="true" version="1" lat="25.01441239738568" lon="121.46551368800161"/>
  <node id="739" action="modify" visible="true" version="1" lat="25.014412332487115" lon="121.46551373786629"/>
  <node id="740" action="modify" visible="true" version="1" lat="25.014412267588554" lon="121.46551378773103"/>
  <node id="741" action="modify" visible="true" version="1" lat="25.01441220268999" lon="121.46551383759574"/>
  <node id="742" action="modify" visible="true" version="1" lat="25.014412137791425" lon="121.46551388746042"/>
  <node id="743" action="modify" visible="true" version="1" lat="25.014412072892863" lon="121.46551393732513"/>
  <node id="744" action="modify" visible="true" version="1" lat="25.0144120079943" lon="121.46551398718984"/>
  <node id="745" action="modify" visible="true" version="1" lat="25.014411943095734" lon="121.46551403705456"/>
  <node id="746" action="modify" visible="true" version="1" lat="25.014411878197166" lon="121.46551408691927"/>
  <node id="747" action="modify" visible="true" version="1" lat="25.014411813298604" lon="121.46551413678398"/>
  <node id="748" action="modify" visible="true" version="1" lat="25.014411748400043" lon="121.46551418664866"/>
  <node id="749" action="modify" visible="true" version="1" lat="25.014411683501475" lon="121.4655142365134"/>
  <node id="750" action="modify" visible="true" version="1" lat="25.01441161860291" lon="121.46551428637811"/>
  <node id="751" action="modify" visible="true" version="1" lat="25.014411553704345" lon="121.46551433624279"/>
  <node id="752" action="modify" visible="true" version="1" lat="25.014411488805784" lon="121.4655143861075"/>
  <node id="753" action="modify" visible="true" version="1" lat="25.014411423907223" lon="121.46551443597224"/>
  <node id="754" action="modify" visible="true" version="1" lat="25.014411359008655" lon="121.46551448583692"/>
  <node id="755" action="modify" visible="true" version="1" lat="25.01441129411009" lon="121.46551453570164"/>
  <node id="756" action="modify" visible="true" version="1" lat="25.014411229211525" lon="121.46551458556635"/>
  <node id="757" action="modify" visible="true" version="1" lat="25.01441116431296" lon="121.46551463543106"/>
  <node id="758" action="modify" visible="true" version="1" lat="25.0144110994144" lon="121.46551468529577"/>
  <node id="759" action="modify" visible="true" version="1" lat="25.01441103451583" lon="121.46551473516048"/>
  <node id="760" action="modify" visible="true" version="1" lat="25.014410969617266" lon="121.46551478502516"/>
  <node id="761" action="modify" visible="true" version="1" lat="25.014410904718705" lon="121.46551483488987"/>
  <node id="762" action="modify" visible="true" version="1" lat="25.014410839820144" lon="121.46551488475461"/>
  <node id="763" action="modify" visible="true" version="1" lat="25.014410774921576" lon="121.46551493461929"/>
  <node id="764" action="modify" visible="true" version="1" lat="25.01441071002301" lon="121.46551498448402"/>
  <node id="765" action="modify" visible="true" version="1" lat="25.014410645124446" lon="121.46551503434873"/>
  <node id="766" action="modify" visible="true" version="1" lat="25.014410580225878" lon="121.46551508421344"/>
  <node id="767" action="modify" visible="true" version="1" lat="25.014410515327317" lon="121.46551513407815"/>
  <node id="768" action="modify" visible="true" version="1" lat="25.014410450428755" lon="121.46551518394286"/>
  <node id="769" action="modify" visible="true" version="1" lat="25.014410385530187" lon="121.46551523380754"/>
  <node id="770" action="modify" visible="true" version="1" lat="25.01441032063162" lon="121.46551528367225"/>
  <node id="771" action="modify" visible="true" version="1" lat="25.014410255733058" lon="121.46551533353698"/>
  <node id="772" action="modify" visible="true" version="1" lat="25.01441019083449" lon="121.46551538340167"/>
  <node id="773" action="modify" visible="true" version="1" lat="25.014410125935928" lon="121.46551543326638"/>
  <node id="774" action="modify" visible="true" version="1" lat="25.01441006103736" lon="121.4655154831311"/>
  <node id="775" action="modify" visible="true" version="1" lat="25.0144099961388" lon="121.46551553299581"/>
  <node id="776" action="modify" visible="true" version="1" lat="25.01440993124023" lon="121.46551558286052"/>
  <node id="777" action="modify" visible="true" version="1" lat="25.01440986634167" lon="121.46551563272523"/>
  <node id="778" action="modify" visible="true" version="1" lat="25.0144098014431" lon="121.46551568258994"/>
  <node id="779" action="modify" visible="true" version="1" lat="25.014409736544536" lon="121.46551573245462"/>
  <node id="780" action="modify" visible="true" version="1" lat="25.01440967164597" lon="121.46551578231936"/>
  <node id="781" action="modify" visible="true" version="1" lat="25.014409606747403" lon="121.46551583218404"/>
  <node id="782" action="modify" visible="true" version="1" lat="25.014409541848842" lon="121.46551588204875"/>
  <node id="783" action="modify" visible="true" version="1" lat="25.014409476950277" lon="121.46551593191346"/>
  <node id="784" action="modify" visible="true" version="1" lat="25.014409412051712" lon="121.46551598177818"/>
  <node id="785" action="modify" visible="true" version="1" lat="25.014409347153144" lon="121.46551603164289"/>
  <node id="788" action="modify" visible="true" version="1" lat="25.014418919156448" lon="121.46538159831374"/>
  <node id="789" action="modify" visible="true" version="1" lat="25.014396628226102" lon="121.4654011806263"/>
  <node id="793" action="modify" visible="true" version="1" lat="25.01446108291548" lon="121.46544299753909"/>
  <node id="794" action="modify" visible="true" version="1" lat="25.014462246166275" lon="121.46544503076981"/>
  <node id="795" action="modify" visible="true" version="1" lat="25.014463340121914" lon="121.46544711485821"/>
  <node id="796" action="modify" visible="true" version="1" lat="25.014464361447786" lon="121.4654492462424"/>
  <node id="797" action="modify" visible="true" version="1" lat="25.014465306809225" lon="121.46545142136021"/>
  <node id="798" action="modify" visible="true" version="1" lat="25.014466172871618" lon="121.46545363664963"/>
  <node id="799" action="modify" visible="true" version="1" lat="25.014466956300303" lon="121.46545588854863"/>
  <node id="800" action="modify" visible="true" version="1" lat="25.014467653760665" lon="121.46545817349516"/>
  <node id="801" action="modify" visible="true" version="1" lat="25.01446826191804" lon="121.4654604879272"/>
  <node id="802" action="modify" visible="true" version="1" lat="25.01446877743782" lon="121.46546282828277"/>
  <node id="803" action="modify" visible="true" version="1" lat="25.014469196985342" lon="121.46546519099977"/>
  <node id="804" action="modify" visible="true" version="1" lat="25.014469517225972" lon="121.46546757251612"/>
  <node id="805" action="modify" visible="true" version="1" lat="25.014469735119786" lon="121.46546996909166"/>
  <node id="806" action="modify" visible="true" version="1" lat="25.014469849929853" lon="121.46547237559355"/>
  <node id="807" action="modify" visible="true" version="1" lat="25.01446986200242" lon="121.46547478623393"/>
  <node id="808" action="modify" visible="true" version="1" lat="25.014469771690067" lon="121.4654771952212"/>
  <node id="809" action="modify" visible="true" version="1" lat="25.01446957934533" lon="121.46547959676377"/>
  <node id="810" action="modify" visible="true" version="1" lat="25.014469285320793" lon="121.46548198507001"/>
  <node id="811" action="modify" visible="true" version="1" lat="25.014468890229555" lon="121.46548435451216"/>
  <node id="812" action="modify" visible="true" version="1" lat="25.014468396832978" lon="121.46548670081435"/>
  <node id="813" action="modify" visible="true" version="1" lat="25.014467808949693" lon="121.46548902036585"/>
  <node id="814" action="modify" visible="true" version="1" lat="25.01446713040573" lon="121.46549130956068"/>
  <node id="815" action="modify" visible="true" version="1" lat="25.014466365027136" lon="121.46549356479274"/>
  <node id="816" action="modify" visible="true" version="1" lat="25.014465516640144" lon="121.4654957824566"/>
  <node id="817" action="modify" visible="true" version="1" lat="25.01446458939975" lon="121.4654979597836"/>
  <node id="818" action="modify" visible="true" version="1" lat="25.014463588450734" lon="121.46550009652482"/>
  <node id="819" action="modify" visible="true" version="1" lat="25.01446251912331" lon="121.46550219290334"/>
  <node id="820" action="modify" visible="true" version="1" lat="25.014461386747747" lon="121.46550424914247"/>
  <node id="821" action="modify" visible="true" version="1" lat="25.014460196654316" lon="121.4655062654654"/>
  <node id="822" action="modify" visible="true" version="1" lat="25.01445895406116" lon="121.46550824211985"/>
  <node id="823" action="modify" visible="true" version="1" lat="25.014457662759884" lon="121.46551017966542"/>
  <node id="824" action="modify" visible="true" version="1" lat="25.014456325559358" lon="121.46551207887666"/>
  <node id="825" action="modify" visible="true" version="1" lat="25.01445494524901" lon="121.46551394053218"/>
  <node id="826" action="modify" visible="true" version="1" lat="25.014453524618304" lon="121.46551576541074"/>
  <node id="827" action="modify" visible="true" version="1" lat="25.014452066456688" lon="121.46551755429103"/>
  <node id="828" action="modify" visible="true" version="1" lat="25.01445057355361" lon="121.46551930795178"/>
  <node id="829" action="modify" visible="true" version="1" lat="25.01444904869642" lon="121.46552102717217"/>
  <node id="830" action="modify" visible="true" version="1" lat="25.01444749429904" lon="121.46552271280245"/>
  <node id="831" action="modify" visible="true" version="1" lat="25.014445911975145" lon="121.46552436584575"/>
  <node id="832" action="modify" visible="true" version="1" lat="25.014444303235013" lon="121.4655259873249"/>
  <node id="833" action="modify" visible="true" version="1" lat="25.01444266958896" lon="121.46552757826275"/>
  <node id="834" action="modify" visible="true" version="1" lat="25.014441012547262" lon="121.46552913968208"/>
  <node id="835" action="modify" visible="true" version="1" lat="25.014439333620217" lon="121.46553067260572"/>
  <node id="836" action="modify" visible="true" version="1" lat="25.014437634318128" lon="121.46553217805648"/>
  <node id="837" action="modify" visible="true" version="1" lat="25.01443591615127" lon="121.46553365705721"/>
  <node id="838" action="modify" visible="true" version="1" lat="25.01443418062996" lon="121.46553511063068"/>
  <node id="839" action="modify" visible="true" version="1" lat="25.014432429264463" lon="121.4655365397997"/>
  <node id="840" action="modify" visible="true" version="1" lat="25.014430663565086" lon="121.46553794558712"/>
  <node id="841" action="modify" visible="true" version="1" lat="25.014437275809048" lon="121.46545983907184"/>
  <node id="842" action="modify" visible="true" version="1" lat="25.01443807519788" lon="121.46546096926008"/>
  <node id="843" action="modify" visible="true" version="1" lat="25.014438790483943" lon="121.46546215757661"/>
  <node id="844" action="modify" visible="true" version="1" lat="25.014439422222335" lon="121.46546339772895"/>
  <node id="845" action="modify" visible="true" version="1" lat="25.01443997096816" lon="121.46546468342459"/>
  <node id="846" action="modify" visible="true" version="1" lat="25.014440437276512" lon="121.46546600837098"/>
  <node id="847" action="modify" visible="true" version="1" lat="25.014440821702507" lon="121.46546736627567"/>
  <node id="848" action="modify" visible="true" version="1" lat="25.01444112480125" lon="121.46546875084611"/>
  <node id="849" action="modify" visible="true" version="1" lat="25.01444134712783" lon="121.46547015578976"/>
  <node id="850" action="modify" visible="true" version="1" lat="25.014441489237345" lon="121.46547157481415"/>
  <node id="851" action="modify" visible="true" version="1" lat="25.014441551684936" lon="121.46547300162683"/>
  <node id="852" action="modify" visible="true" version="1" lat="25.014441535025668" lon="121.46547442993521"/>
  <node id="853" action="modify" visible="true" version="1" lat="25.014441439814647" lon="121.4654758534468"/>
  <node id="854" action="modify" visible="true" version="1" lat="25.014441266606983" lon="121.46547726586911"/>
  <node id="855" action="modify" visible="true" version="1" lat="25.014441015957782" lon="121.46547866090958"/>
  <node id="856" action="modify" visible="true" version="1" lat="25.014440688422134" lon="121.46548003227572"/>
  <node id="857" action="modify" visible="true" version="1" lat="25.014440284733954" lon="121.46548137385285"/>
  <node id="858" action="modify" visible="true" version="1" lat="25.014439809657084" lon="121.46548268353344"/>
  <node id="859" action="modify" visible="true" version="1" lat="25.014439271939796" lon="121.46548396317188"/>
  <node id="860" action="modify" visible="true" version="1" lat="25.01443868050009" lon="121.46548521479131"/>
  <node id="861" action="modify" visible="true" version="1" lat="25.01443804425598" lon="121.46548644041494"/>
  <node id="862" action="modify" visible="true" version="1" lat="25.014437372019678" lon="121.46548764204582"/>
  <node id="863" action="modify" visible="true" version="1" lat="25.01443666942319" lon="121.46548882108388"/>
  <node id="864" action="modify" visible="true" version="1" lat="25.014435938437572" lon="121.4654899782345"/>
  <node id="865" action="modify" visible="true" version="1" lat="25.014435180831352" lon="121.46549111416465"/>
  <node id="866" action="modify" visible="true" version="1" lat="25.01443439837308" lon="121.46549222954133"/>
  <node id="867" action="modify" visible="true" version="1" lat="25.014433592831292" lon="121.46549332503153"/>
  <node id="868" action="modify" visible="true" version="1" lat="25.014432765974536" lon="121.46549440130224"/>
  <node id="869" action="modify" visible="true" version="1" lat="25.014431919571344" lon="121.46549545902047"/>
  <node id="870" action="modify" visible="true" version="1" lat="25.01443105539028" lon="121.46549649885321"/>
  <node id="871" action="modify" visible="true" version="1" lat="25.014430175165423" lon="121.46549752146426"/>
  <node id="872" action="modify" visible="true" version="1" lat="25.01442928006603" lon="121.46549852746506"/>
  <node id="873" action="modify" visible="true" version="1" lat="25.01442837079978" lon="121.46549951742425"/>
  <node id="874" action="modify" visible="true" version="1" lat="25.014427448060847" lon="121.46550049190931"/>
  <node id="875" action="modify" visible="true" version="1" lat="25.01442651254339" lon="121.46550145148765"/>
  <node id="876" action="modify" visible="true" version="1" lat="25.014425564941565" lon="121.46550239672669"/>
  <node id="877" action="modify" visible="true" version="1" lat="25.014424605949547" lon="121.46550332819389"/>
  <node id="878" action="modify" visible="true" version="1" lat="25.014423636261476" lon="121.46550424645662"/>
  <node id="879" action="modify" visible="true" version="1" lat="25.014422656571533" lon="121.46550515208233"/>
  <node id="880" action="modify" visible="true" version="1" lat="25.014421667573863" lon="121.46550604563843"/>
  <node id="881" action="modify" visible="true" version="1" lat="25.014420669962643" lon="121.4655069276924"/>
  <node id="882" action="modify" visible="true" version="1" lat="25.01441966443203" lon="121.46550779881163"/>
  <node id="883" action="modify" visible="true" version="1" lat="25.014418651676177" lon="121.46550865956348"/>
  <node id="884" action="modify" visible="true" version="1" lat="25.014417632389268" lon="121.46550951051549"/>
  <node id="885" action="modify" visible="true" version="1" lat="25.01441660726543" lon="121.46551035223499"/>
  <node id="886" action="modify" visible="true" version="1" lat="25.01441557699885" lon="121.46551118528949"/>
  <node id="887" action="modify" visible="true" version="1" lat="25.014414542283685" lon="121.46551201024631"/>
  <node id="888" action="modify" visible="true" version="1" lat="25.014413503814097" lon="121.46551282767298"/>
  <node id="892" action="modify" visible="true" version="1" lat="25.0144964998226" lon="121.46549404256312"/>
  <node id="893" action="modify" visible="true" version="1" lat="25.014528415976656" lon="121.46553732269233"/>
  <node id="894" action="modify" visible="true" version="1" lat="25.014474404544004" lon="121.46551389303565"/>
  <node id="895" action="modify" visible="true" version="1" lat="25.01450598402231" lon="121.46555667730767"/>
  <node id="899" action="modify" visible="true" version="1" lat="25.014536120592414" lon="121.46539558414882"/>
  <node id="900" action="modify" visible="true" version="1" lat="25.014517173236243" lon="121.46537003997564"/>
  <node id="901" action="modify" visible="true" version="1" lat="25.014557268820372" lon="121.46537458472122"/>
  <node id="902" action="modify" visible="true" version="1" lat="25.014539243672473" lon="121.46535015588861"/>
  <node id="906" action="modify" visible="true" version="1" lat="25.014528460606066" lon="121.46553738213908"/>
  <node id="907" action="modify" visible="true" version="1" lat="25.014528505235468" lon="121.46553744158584"/>
  <node id="908" action="modify" visible="true" version="1" lat="25.014528549864878" lon="121.46553750103259"/>
  <node id="909" action="modify" visible="true" version="1" lat="25.01452859449428" lon="121.46553756047935"/>
  <node id="910" action="modify" visible="true" version="1" lat="25.01452863912369" lon="121.46553761992607"/>
  <node id="911" action="modify" visible="true" version="1" lat="25.014528683753092" lon="121.46553767937286"/>
  <node id="912" action="modify" visible="true" version="1" lat="25.014528728382494" lon="121.46553773881958"/>
  <node id="913" action="modify" visible="true" version="1" lat="25.014528773011904" lon="121.46553779826634"/>
  <node id="914" action="modify" visible="true" version="1" lat="25.014528817641306" lon="121.46553785771309"/>
  <node id="915" action="modify" visible="true" version="1" lat="25.01452886227072" lon="121.46553791715985"/>
  <node id="916" action="modify" visible="true" version="1" lat="25.01452890690012" lon="121.4655379766066"/>
  <node id="917" action="modify" visible="true" version="1" lat="25.014528951529527" lon="121.46553803605336"/>
  <node id="918" action="modify" visible="true" version="1" lat="25.014528996158926" lon="121.46553809550012"/>
  <node id="919" action="modify" visible="true" version="1" lat="25.01452904078834" lon="121.46553815494687"/>
  <node id="920" action="modify" visible="true" version="1" lat="25.014529085417745" lon="121.4655382143936"/>
  <node id="921" action="modify" visible="true" version="1" lat="25.014529130047148" lon="121.46553827384038"/>
  <node id="922" action="modify" visible="true" version="1" lat="25.01452917467656" lon="121.46553833328711"/>
  <node id="923" action="modify" visible="true" version="1" lat="25.01452921930596" lon="121.46553839273389"/>
  <node id="924" action="modify" visible="true" version="1" lat="25.014529263935366" lon="121.46553845218062"/>
  <node id="925" action="modify" visible="true" version="1" lat="25.01452930856477" lon="121.4655385116274"/>
  <node id="926" action="modify" visible="true" version="1" lat="25.014529353194177" lon="121.46553857107413"/>
  <node id="927" action="modify" visible="true" version="1" lat="25.014529397823583" lon="121.46553863052088"/>
  <node id="928" action="modify" visible="true" version="1" lat="25.01452944245299" lon="121.46553868996764"/>
  <node id="929" action="modify" visible="true" version="1" lat="25.014529487082395" lon="121.46553874941439"/>
  <node id="930" action="modify" visible="true" version="1" lat="25.0145295317118" lon="121.46553880886115"/>
  <node id="931" action="modify" visible="true" version="1" lat="25.014529576341204" lon="121.4655388683079"/>
  <node id="932" action="modify" visible="true" version="1" lat="25.01452962097061" lon="121.46553892775466"/>
  <node id="933" action="modify" visible="true" version="1" lat="25.014529665600016" lon="121.46553898720141"/>
  <node id="934" action="modify" visible="true" version="1" lat="25.01452971022942" lon="121.46553904664815"/>
  <node id="935" action="modify" visible="true" version="1" lat="25.014529754858827" lon="121.46553910609491"/>
  <node id="936" action="modify" visible="true" version="1" lat="25.014529799488226" lon="121.46553916554166"/>
  <node id="937" action="modify" visible="true" version="1" lat="25.014529844117636" lon="121.46553922498842"/>
  <node id="938" action="modify" visible="true" version="1" lat="25.014529888747038" lon="121.46553928443517"/>
  <node id="939" action="modify" visible="true" version="1" lat="25.014529933376444" lon="121.46553934388193"/>
  <node id="940" action="modify" visible="true" version="1" lat="25.014529978005854" lon="121.46553940332868"/>
  <node id="941" action="modify" visible="true" version="1" lat="25.014530022635263" lon="121.46553946277544"/>
  <node id="942" action="modify" visible="true" version="1" lat="25.014530067264662" lon="121.46553952222219"/>
  <node id="943" action="modify" visible="true" version="1" lat="25.01453011189407" lon="121.46553958166892"/>
  <node id="944" action="modify" visible="true" version="1" lat="25.014530156523474" lon="121.4655396411157"/>
  <node id="945" action="modify" visible="true" version="1" lat="25.01453020115288" lon="121.46553970056243"/>
  <node id="946" action="modify" visible="true" version="1" lat="25.014530245782286" lon="121.46553976000921"/>
  <node id="947" action="modify" visible="true" version="1" lat="25.01453029041169" lon="121.46553981945594"/>
  <node id="948" action="modify" visible="true" version="1" lat="25.014530335041094" lon="121.46553987890269"/>
  <node id="949" action="modify" visible="true" version="1" lat="25.014530379670497" lon="121.46553993834945"/>
  <node id="950" action="modify" visible="true" version="1" lat="25.014530424299902" lon="121.4655399977962"/>
  <node id="951" action="modify" visible="true" version="1" lat="25.01453046892931" lon="121.46554005724296"/>
  <node id="952" action="modify" visible="true" version="1" lat="25.014530513558718" lon="121.46554011668971"/>
  <node id="953" action="modify" visible="true" version="1" lat="25.01453055818812" lon="121.46554017613647"/>
  <node id="954" action="modify" visible="true" version="1" lat="25.014530602817523" lon="121.46554023558323"/>
  <node id="955" action="modify" visible="true" version="1" lat="25.01450604519087" lon="121.46555675858306"/>
  <node id="956" action="modify" visible="true" version="1" lat="25.014506106359427" lon="121.46555683985845"/>
  <node id="957" action="modify" visible="true" version="1" lat="25.014506167527983" lon="121.46555692113387"/>
  <node id="958" action="modify" visible="true" version="1" lat="25.014506228696543" lon="121.46555700240924"/>
  <node id="959" action="modify" visible="true" version="1" lat="25.014506289865103" lon="121.46555708368463"/>
  <node id="960" action="modify" visible="true" version="1" lat="25.014506351033663" lon="121.46555716496002"/>
  <node id="961" action="modify" visible="true" version="1" lat="25.01450641220222" lon="121.46555724623543"/>
  <node id="962" action="modify" visible="true" version="1" lat="25.01450647337078" lon="121.46555732751084"/>
  <node id="963" action="modify" visible="true" version="1" lat="25.014506534539333" lon="121.4655574087862"/>
  <node id="964" action="modify" visible="true" version="1" lat="25.014506595707893" lon="121.46555749006161"/>
  <node id="965" action="modify" visible="true" version="1" lat="25.014506656876446" lon="121.465557571337"/>
  <node id="966" action="modify" visible="true" version="1" lat="25.014506718045006" lon="121.4655576526124"/>
  <node id="967" action="modify" visible="true" version="1" lat="25.014506779213566" lon="121.46555773388776"/>
  <node id="968" action="modify" visible="true" version="1" lat="25.014506840382126" lon="121.46555781516318"/>
  <node id="969" action="modify" visible="true" version="1" lat="25.014506901550682" lon="121.46555789643858"/>
  <node id="970" action="modify" visible="true" version="1" lat="25.01450696271924" lon="121.46555797771397"/>
  <node id="971" action="modify" visible="true" version="1" lat="25.0145070238878" lon="121.46555805898936"/>
  <node id="972" action="modify" visible="true" version="1" lat="25.014507085056355" lon="121.46555814026475"/>
  <node id="973" action="modify" visible="true" version="1" lat="25.014507146224915" lon="121.46555822154016"/>
  <node id="974" action="modify" visible="true" version="1" lat="25.01450720739347" lon="121.46555830281554"/>
  <node id="975" action="modify" visible="true" version="1" lat="25.014507268562028" lon="121.46555838409093"/>
  <node id="976" action="modify" visible="true" version="1" lat="25.01450732973059" lon="121.46555846536634"/>
  <node id="977" action="modify" visible="true" version="1" lat="25.014507390899148" lon="121.46555854664173"/>
  <node id="978" action="modify" visible="true" version="1" lat="25.01450745206771" lon="121.4655586279171"/>
  <node id="979" action="modify" visible="true" version="1" lat="25.014507513236257" lon="121.46555870919249"/>
  <node id="980" action="modify" visible="true" version="1" lat="25.014507574404817" lon="121.46555879046791"/>
  <node id="981" action="modify" visible="true" version="1" lat="25.014507635573374" lon="121.4655588717433"/>
  <node id="982" action="modify" visible="true" version="1" lat="25.014507696741934" lon="121.46555895301867"/>
  <node id="983" action="modify" visible="true" version="1" lat="25.014507757910486" lon="121.46555903429409"/>
  <node id="984" action="modify" visible="true" version="1" lat="25.01450781907905" lon="121.46555911556948"/>
  <node id="985" action="modify" visible="true" version="1" lat="25.014507880247606" lon="121.46555919684486"/>
  <node id="986" action="modify" visible="true" version="1" lat="25.014507941416166" lon="121.46555927812024"/>
  <node id="987" action="modify" visible="true" version="1" lat="25.01450800258472" lon="121.46555935939566"/>
  <node id="988" action="modify" visible="true" version="1" lat="25.01450806375328" lon="121.46555944067104"/>
  <node id="989" action="modify" visible="true" version="1" lat="25.01450812492184" lon="121.46555952194643"/>
  <node id="990" action="modify" visible="true" version="1" lat="25.014508186090392" lon="121.46555960322183"/>
  <node id="991" action="modify" visible="true" version="1" lat="25.014508247258952" lon="121.46555968449722"/>
  <node id="992" action="modify" visible="true" version="1" lat="25.01450830842751" lon="121.46555976577264"/>
  <node id="993" action="modify" visible="true" version="1" lat="25.01450836959607" lon="121.465559847048"/>
  <node id="994" action="modify" visible="true" version="1" lat="25.014508430764625" lon="121.4655599283234"/>
  <node id="995" action="modify" visible="true" version="1" lat="25.01450849193318" lon="121.46556000959879"/>
  <node id="996" action="modify" visible="true" version="1" lat="25.014508553101734" lon="121.4655600908742"/>
  <node id="997" action="modify" visible="true" version="1" lat="25.014508614270294" lon="121.46556017214958"/>
  <node id="998" action="modify" visible="true" version="1" lat="25.01450867543885" lon="121.46556025342497"/>
  <node id="999" action="modify" visible="true" version="1" lat="25.014508736607407" lon="121.46556033470038"/>
  <node id="1000" action="modify" visible="true" version="1" lat="25.01450879777596" lon="121.46556041597577"/>
  <node id="1001" action="modify" visible="true" version="1" lat="25.01450885894452" lon="121.46556049725115"/>
  <node id="1002" action="modify" visible="true" version="1" lat="25.014508920113073" lon="121.46556057852654"/>
  <node id="1003" action="modify" visible="true" version="1" lat="25.014508981281637" lon="121.46556065980195"/>
  <node id="1007" action="modify" visible="true" version="1" lat="25.01422004950274" lon="121.46493240076394"/>
  <node id="1008" action="modify" visible="true" version="1" lat="25.01412768166075" lon="121.46480066129034"/>
  <node id="1009" action="modify" visible="true" version="1" lat="25.01400207697951" lon="121.46462931704282"/>
  <node id="1010" action="modify" visible="true" version="1" lat="25.01386134813485" lon="121.46444308308396"/>
  <node id="1011" action="modify" visible="true" version="1" lat="25.013729095943894" lon="121.46427247262132"/>
  <node id="1012" action="modify" visible="true" version="1" lat="25.013409431417415" lon="121.46387025006547"/>
  <node id="1013" action="modify" visible="true" version="1" lat="25.013155897291842" lon="121.46356120794582"/>
  <node id="1014" action="modify" visible="true" version="1" lat="25.01424258363331" lon="121.46491316034506"/>
  <node id="1015" action="modify" visible="true" version="1" lat="25.014149833204495" lon="121.46478088724093"/>
  <node id="1016" action="modify" visible="true" version="1" lat="25.014023959284867" lon="121.46460918122735"/>
  <node id="1017" action="modify" visible="true" version="1" lat="25.013882999416214" lon="121.46442264538939"/>
  <node id="1018" action="modify" visible="true" version="1" lat="25.01375051708097" lon="121.46425174168685"/>
  <node id="1019" action="modify" visible="true" version="1" lat="25.013430553637484" lon="121.46384914887886"/>
  <node id="1020" action="modify" visible="true" version="1" lat="25.01317726487845" lon="121.46354041372695"/>
  <node id="1024" action="modify" visible="true" version="1" lat="25.01452702681481" lon="121.46549619369594"/>
  <node id="1025" action="modify" visible="true" version="1" lat="25.01452313164138" lon="121.46550231242347"/>
  <node id="1026" action="modify" visible="true" version="1" lat="25.01452056349855" lon="121.46550833133143"/>
  <node id="1027" action="modify" visible="true" version="1" lat="25.01451944867598" lon="121.46551458220969"/>
  <node id="1028" action="modify" visible="true" version="1" lat="25.014520143786076" lon="121.46552139811782"/>
  <node id="1029" action="modify" visible="true" version="1" lat="25.01452287842433" lon="121.46552862192233"/>
  <node id="1030" action="modify" visible="true" version="1" lat="25.014502996827567" lon="121.46547930073964"/>
  <node id="1031" action="modify" visible="true" version="1" lat="25.01449646191325" lon="121.46549124905363"/>
  <node id="1032" action="modify" visible="true" version="1" lat="25.014492208277563" lon="121.4655052554874"/>
  <node id="1033" action="modify" visible="true" version="1" lat="25.01449142811739" lon="121.46552027743334"/>
  <node id="1034" action="modify" visible="true" version="1" lat="25.01449424519648" lon="121.46553450391357"/>
  <node id="1035" action="modify" visible="true" version="1" lat="25.014499605668288" lon="121.46554676000497"/>
  <node id="1039" action="modify" visible="true" version="1" lat="25.014498932783965" lon="121.46552099856737"/>
  <node id="1040" action="modify" visible="true" version="1" lat="25.014455721420884" lon="121.4655569280678"/>
  <node id="1041" action="modify" visible="true" version="1" lat="25.0144817837423" lon="121.4654958904635"/>
  <node id="1042" action="modify" visible="true" version="1" lat="25.014439314985022" lon="121.46553122279387"/>
  <node id="1046" action="modify" visible="true" version="1" lat="25.01452508967848" lon="121.46549850804504"/>
  <node id="1047" action="modify" visible="true" version="1" lat="25.014513507205088" lon="121.46551667596466"/>
  <node id="1048" action="modify" visible="true" version="1" lat="25.014490605118958" lon="121.46555766064535"/>
  <node id="1049" action="modify" visible="true" version="1" lat="25.01447875978685" lon="121.46557406226155"/>
  <node id="1050" action="modify" visible="true" version="1" lat="25.014465198328434" lon="121.46558789807472"/>
  <node id="1051" action="modify" visible="true" version="1" lat="25.01450176497082" lon="121.46548045140857"/>
  <node id="1052" action="modify" visible="true" version="1" lat="25.01448922410698" lon="121.46550022965714"/>
  <node id="1053" action="modify" visible="true" version="1" lat="25.014468164269427" lon="121.46553828798478"/>
  <node id="1054" action="modify" visible="true" version="1" lat="25.01445930572739" lon="121.46555109105836"/>
  <node id="1055" action="modify" visible="true" version="1" lat="25.014448332437624" lon="121.46556255748547"/>
  <node id="1059" action="modify" visible="true" version="1" lat="25.01461296317317" lon="121.46554654776584"/>
  <node id="1060" action="modify" visible="true" version="1" lat="25.014613812940446" lon="121.46554605900188"/>
  <node id="1061" action="modify" visible="true" version="1" lat="25.01461464850595" lon="121.46554556774556"/>
  <node id="1062" action="modify" visible="true" version="1" lat="25.014615470433778" lon="121.4655450736132"/>
  <node id="1063" action="modify" visible="true" version="1" lat="25.014616279288074" lon="121.46554457622118"/>
  <node id="1064" action="modify" visible="true" version="1" lat="25.01461707563297" lon="121.46554407518602"/>
  <node id="1065" action="modify" visible="true" version="1" lat="25.014617860032587" lon="121.46554357012413"/>
  <node id="1066" action="modify" visible="true" version="1" lat="25.014618633051043" lon="121.46554306065184"/>
  <node id="1067" action="modify" visible="true" version="1" lat="25.01461939525248" lon="121.46554254638559"/>
  <node id="1068" action="modify" visible="true" version="1" lat="25.014620147201015" lon="121.46554202694185"/>
  <node id="1069" action="modify" visible="true" version="1" lat="25.01462088946079" lon="121.465541501937"/>
  <node id="1070" action="modify" visible="true" version="1" lat="25.014621622595918" lon="121.46554097098745"/>
  <node id="1071" action="modify" visible="true" version="1" lat="25.01462234717054" lon="121.46554043370965"/>
  <node id="1072" action="modify" visible="true" version="1" lat="25.01462306374877" lon="121.46553988971996"/>
  <node id="1073" action="modify" visible="true" version="1" lat="25.01462377289474" lon="121.46553933863487"/>
  <node id="1074" action="modify" visible="true" version="1" lat="25.014624475172578" lon="121.4655387800707"/>
  <node id="1075" action="modify" visible="true" version="1" lat="25.014625171146406" lon="121.46553821364392"/>
  <node id="1076" action="modify" visible="true" version="1" lat="25.01462586138036" lon="121.46553763897096"/>
  <node id="1077" action="modify" visible="true" version="1" lat="25.014626546438564" lon="121.4655370556682"/>
  <node id="1078" action="modify" visible="true" version="1" lat="25.014627226885136" lon="121.46553646335207"/>
  <node id="1079" action="modify" visible="true" version="1" lat="25.014627903284225" lon="121.46553586163895"/>
  <node id="1080" action="modify" visible="true" version="1" lat="25.014628576199936" lon="121.4655352501454"/>
  <node id="1081" action="modify" visible="true" version="1" lat="25.014629246196407" lon="121.46553462848763"/>
  <node id="1082" action="modify" visible="true" version="1" lat="25.014629913837755" lon="121.46553399628216"/>
  <node id="1083" action="modify" visible="true" version="1" lat="25.014630579688124" lon="121.4655333531454"/>
  <node id="1084" action="modify" visible="true" version="1" lat="25.01463124431163" lon="121.46553269869379"/>
  <node id="1085" action="modify" visible="true" version="1" lat="25.014631908272403" lon="121.46553203254368"/>
  <node id="1086" action="modify" visible="true" version="1" lat="25.014632572134573" lon="121.46553135431154"/>
  <node id="1087" action="modify" visible="true" version="1" lat="25.01463323646226" lon="121.46553066361379"/>
  <node id="1088" action="modify" visible="true" version="1" lat="25.014633901819593" lon="121.46552996006677"/>
  <node id="1089" action="modify" visible="true" version="1" lat="25.0146345687707" lon="121.46552924328695"/>
  <node id="1090" action="modify" visible="true" version="1" lat="25.014635237879713" lon="121.46552851289078"/>
  <node id="1091" action="modify" visible="true" version="1" lat="25.014635909295652" lon="121.46552776852906"/>
  <node id="1092" action="modify" visible="true" version="1" lat="25.014636574896453" lon="121.46552701053922"/>
  <node id="1093" action="modify" visible="true" version="1" lat="25.01463721894135" lon="121.46552623989096"/>
  <node id="1094" action="modify" visible="true" version="1" lat="25.014637825405185" lon="121.4655254575777"/>
  <node id="1095" action="modify" visible="true" version="1" lat="25.014638378262863" lon="121.46552466459266"/>
  <node id="1096" action="modify" visible="true" version="1" lat="25.01463886148926" lon="121.46552386192931"/>
  <node id="1097" action="modify" visible="true" version="1" lat="25.014639259059233" lon="121.46552305058093"/>
  <node id="1098" action="modify" visible="true" version="1" lat="25.01463955494768" lon="121.46552223154085"/>
  <node id="1099" action="modify" visible="true" version="1" lat="25.01463973312948" lon="121.46552140580246"/>
  <node id="1100" action="modify" visible="true" version="1" lat="25.014639777579507" lon="121.46552057435906"/>
  <node id="1101" action="modify" visible="true" version="1" lat="25.01463967227263" lon="121.46551973820401"/>
  <node id="1102" action="modify" visible="true" version="1" lat="25.01463940118373" lon="121.46551889833071"/>
  <node id="1103" action="modify" visible="true" version="1" lat="25.014638948287693" lon="121.46551805573242"/>
  <node id="1104" action="modify" visible="true" version="1" lat="25.014638297559376" lon="121.46551721140253"/>
  <node id="1105" action="modify" visible="true" version="1" lat="25.014637432973657" lon="121.46551636633434"/>
  <node id="1106" action="modify" visible="true" version="1" lat="25.01463633850542" lon="121.46551552152123"/>
  <node id="1107" action="modify" visible="true" version="1" lat="25.014628432748015" lon="121.46557286233359"/>
  <node id="1108" action="modify" visible="true" version="1" lat="25.01463007427046" lon="121.4655717609388"/>
  <node id="1109" action="modify" visible="true" version="1" lat="25.01463172272107" lon="121.46557064692924"/>
  <node id="1110" action="modify" visible="true" version="1" lat="25.014633374867053" lon="121.46556951833969"/>
  <node id="1111" action="modify" visible="true" version="1" lat="25.01463502747555" lon="121.46556837320475"/>
  <node id="1112" action="modify" visible="true" version="1" lat="25.014636677313785" lon="121.46556720955907"/>
  <node id="1113" action="modify" visible="true" version="1" lat="25.014638321148936" lon="121.46556602543741"/>
  <node id="1114" action="modify" visible="true" version="1" lat="25.01463995574818" lon="121.46556481887436"/>
  <node id="1115" action="modify" visible="true" version="1" lat="25.014641577878702" lon="121.46556358790458"/>
  <node id="1116" action="modify" visible="true" version="1" lat="25.01464318430769" lon="121.46556233056272"/>
  <node id="1117" action="modify" visible="true" version="1" lat="25.01464477180234" lon="121.46556104488356"/>
  <node id="1118" action="modify" visible="true" version="1" lat="25.014646337129836" lon="121.46555972890165"/>
  <node id="1119" action="modify" visible="true" version="1" lat="25.01464787705735" lon="121.4655583806517"/>
  <node id="1120" action="modify" visible="true" version="1" lat="25.014649388352073" lon="121.4655569981684"/>
  <node id="1121" action="modify" visible="true" version="1" lat="25.014650867781214" lon="121.46555557948638"/>
  <node id="1122" action="modify" visible="true" version="1" lat="25.014652312111927" lon="121.46555412264031"/>
  <node id="1123" action="modify" visible="true" version="1" lat="25.014653718111422" lon="121.46555262566487"/>
  <node id="1124" action="modify" visible="true" version="1" lat="25.01465508254688" lon="121.46555108659469"/>
  <node id="1125" action="modify" visible="true" version="1" lat="25.014656402185476" lon="121.46554950346449"/>
  <node id="1126" action="modify" visible="true" version="1" lat="25.01465767379442" lon="121.46554787430894"/>
  <node id="1127" action="modify" visible="true" version="1" lat="25.014658894140887" lon="121.46554619716265"/>
  <node id="1128" action="modify" visible="true" version="1" lat="25.01466005942829" lon="121.4655444704358"/>
  <node id="1129" action="modify" visible="true" version="1" lat="25.014661163668233" lon="121.46554269399844"/>
  <node id="1130" action="modify" visible="true" version="1" lat="25.014662200339714" lon="121.46554086807538"/>
  <node id="1131" action="modify" visible="true" version="1" lat="25.014663162921472" lon="121.46553899289509"/>
  <node id="1132" action="modify" visible="true" version="1" lat="25.014664044850175" lon="121.46553706938323"/>
  <node id="1133" action="modify" visible="true" version="1" lat="25.014664839471582" lon="121.46553509996947"/>
  <node id="1134" action="modify" visible="true" version="1" lat="25.014665540119626" lon="121.46553308727965"/>
  <node id="1135" action="modify" visible="true" version="1" lat="25.014666140128217" lon="121.46553103393936"/>
  <node id="1136" action="modify" visible="true" version="1" lat="25.014666633043415" lon="121.46552894346695"/>
  <node id="1137" action="modify" visible="true" version="1" lat="25.014667013350053" lon="121.4655268233303"/>
  <node id="1138" action="modify" visible="true" version="1" lat="25.014667275792522" lon="121.46552468208958"/>
  <node id="1139" action="modify" visible="true" version="1" lat="25.014667415115255" lon="121.46552252830504"/>
  <node id="1140" action="modify" visible="true" version="1" lat="25.01466742606616" lon="121.46552037053665"/>
  <node id="1141" action="modify" visible="true" version="1" lat="25.01466730601064" lon="121.46551821715846"/>
  <node id="1142" action="modify" visible="true" version="1" lat="25.014667059582603" lon="121.46551607602856"/>
  <node id="1143" action="modify" visible="true" version="1" lat="25.01466669266734" lon="121.46551395491612"/>
  <node id="1144" action="modify" visible="true" version="1" lat="25.01466621115018" lon="121.46551186159022"/>
  <node id="1145" action="modify" visible="true" version="1" lat="25.014665620849506" lon="121.46550980368144"/>
  <node id="1146" action="modify" visible="true" version="1" lat="25.01466492674702" lon="121.46550778708655"/>
  <node id="1147" action="modify" visible="true" version="1" lat="25.014664133255373" lon="121.4655058165232"/>
  <node id="1148" action="modify" visible="true" version="1" lat="25.014663244776294" lon="121.46550389668649"/>
  <node id="1149" action="modify" visible="true" version="1" lat="25.01466226574385" lon="121.46550203220592"/>
  <node id="1150" action="modify" visible="true" version="1" lat="25.014661201429362" lon="121.46550022601153"/>
  <node id="1151" action="modify" visible="true" version="1" lat="25.014660057997435" lon="121.46549847922037"/>
  <node id="1152" action="modify" visible="true" version="1" lat="25.014658841656153" lon="121.46549679286086"/>
  <node id="1153" action="modify" visible="true" version="1" lat="25.014657558613678" lon="121.46549516796173"/>
  <node id="1154" action="modify" visible="true" version="1" lat="25.01465621507811" lon="121.46549360555153"/>
  <node id="1158" action="modify" visible="true" version="1" lat="25.014642783192066" lon="121.4655264861023"/>
  <node id="1159" action="modify" visible="true" version="1" lat="25.014668375442053" lon="121.46550588838514"/>
  <node id="1160" action="modify" visible="true" version="1" lat="25.01468934018004" lon="121.4654853085136"/>
  <node id="1161" action="modify" visible="true" version="1" lat="25.014659619860687" lon="121.46555185032251"/>
  <node id="1162" action="modify" visible="true" version="1" lat="25.01468733150548" lon="121.46552936108273"/>
  <node id="1163" action="modify" visible="true" version="1" lat="25.014709526548803" lon="121.4655074969064"/>
  <node id="1167" action="modify" visible="true" version="1" lat="25.014672093454347" lon="121.46534351692968"/>
  <node id="1168" action="modify" visible="true" version="1" lat="25.014655088687316" lon="121.46536486309182"/>
  <node id="1169" action="modify" visible="true" version="1" lat="25.01465066148204" lon="121.4653227998393"/>
  <node id="1170" action="modify" visible="true" version="1" lat="25.014635218594307" lon="121.46534232972684"/>
  <node id="1174" action="modify" visible="true" version="1" lat="25.014620330666574" lon="121.46540053771193"/>
  <node id="1175" action="modify" visible="true" version="1" lat="25.01461881320061" lon="121.4654019682967"/>
  <node id="1176" action="modify" visible="true" version="1" lat="25.014617269239867" lon="121.46540337185935"/>
  <node id="1177" action="modify" visible="true" version="1" lat="25.014615698772477" lon="121.46540474494425"/>
  <node id="1178" action="modify" visible="true" version="1" lat="25.014614101786517" lon="121.46540608409545"/>
  <node id="1179" action="modify" visible="true" version="1" lat="25.014612478270127" lon="121.46540738585732"/>
  <node id="1180" action="modify" visible="true" version="1" lat="25.014610828211378" lon="121.465408646774"/>
  <node id="1181" action="modify" visible="true" version="1" lat="25.0146091515984" lon="121.46540986338968"/>
  <node id="1182" action="modify" visible="true" version="1" lat="25.014607448419312" lon="121.46541103224868"/>
  <node id="1183" action="modify" visible="true" version="1" lat="25.01460571866219" lon="121.46541214989517"/>
  <node id="1184" action="modify" visible="true" version="1" lat="25.014603962315174" lon="121.46541321287336"/>
  <node id="1185" action="modify" visible="true" version="1" lat="25.01460217936635" lon="121.46541421772753"/>
  <node id="1186" action="modify" visible="true" version="1" lat="25.01460036980384" lon="121.46541516100183"/>
  <node id="1187" action="modify" visible="true" version="1" lat="25.014598533615754" lon="121.46541603924055"/>
  <node id="1188" action="modify" visible="true" version="1" lat="25.01459667079169" lon="121.46541684898803"/>
  <node id="1189" action="modify" visible="true" version="1" lat="25.01459478195816" lon="121.46541758685612"/>
  <node id="1190" action="modify" visible="true" version="1" lat="25.01459286936236" lon="121.46541824962836"/>
  <node id="1191" action="modify" visible="true" version="1" lat="25.014590935505545" lon="121.46541883411513"/>
  <node id="1192" action="modify" visible="true" version="1" lat="25.014588982888977" lon="121.46541933712689"/>
  <node id="1193" action="modify" visible="true" version="1" lat="25.0145870140139" lon="121.46541975547407"/>
  <node id="1194" action="modify" visible="true" version="1" lat="25.014585031381568" lon="121.46542008596707"/>
  <node id="1195" action="modify" visible="true" version="1" lat="25.014583037535967" lon="121.46542032550254"/>
  <node id="1196" action="modify" visible="true" version="1" lat="25.0145810357131" lon="121.46542047237321"/>
  <node id="1197" action="modify" visible="true" version="1" lat="25.01457902970984" lon="121.46542052600337"/>
  <node id="1198" action="modify" visible="true" version="1" lat="25.014577023339196" lon="121.4654204858498"/>
  <node id="1199" action="modify" visible="true" version="1" lat="25.014575020414192" lon="121.46542035136945"/>
  <node id="1200" action="modify" visible="true" version="1" lat="25.01457302474786" lon="121.46542012201908"/>
  <node id="1201" action="modify" visible="true" version="1" lat="25.014571040153207" lon="121.46541979725558"/>
  <node id="1202" action="modify" visible="true" version="1" lat="25.014569070395307" lon="121.46541937682991"/>
  <node id="1203" action="modify" visible="true" version="1" lat="25.014567118913995" lon="121.46541886248814"/>
  <node id="1204" action="modify" visible="true" version="1" lat="25.014565189014014" lon="121.46541825680481"/>
  <node id="1205" action="modify" visible="true" version="1" lat="25.014563283999646" lon="121.46541756235726"/>
  <node id="1206" action="modify" visible="true" version="1" lat="25.014561407175215" lon="121.46541678172288"/>
  <node id="1207" action="modify" visible="true" version="1" lat="25.014559561845015" lon="121.465415917479"/>
  <node id="1208" action="modify" visible="true" version="1" lat="25.014557751292774" lon="121.46541497221344"/>
  <node id="1209" action="modify" visible="true" version="1" lat="25.01455597747453" lon="121.46541394919055"/>
  <node id="1210" action="modify" visible="true" version="1" lat="25.014554240233235" lon="121.4654128527515"/>
  <node id="1211" action="modify" visible="true" version="1" lat="25.01455253922341" lon="121.46541168733341"/>
  <node id="1212" action="modify" visible="true" version="1" lat="25.01455087409962" lon="121.46541045737355"/>
  <node id="1213" action="modify" visible="true" version="1" lat="25.01454924451639" lon="121.46540916730895"/>
  <node id="1214" action="modify" visible="true" version="1" lat="25.014547650128282" lon="121.46540782157687"/>
  <node id="1215" action="modify" visible="true" version="1" lat="25.014546090589818" lon="121.46540642461443"/>
  <node id="1216" action="modify" visible="true" version="1" lat="25.014544565555546" lon="121.4654049808588"/>
  <node id="1217" action="modify" visible="true" version="1" lat="25.01454307468002" lon="121.46540349474714"/>
  <node id="1218" action="modify" visible="true" version="1" lat="25.01454161761777" lon="121.46540197071657"/>
  <node id="1219" action="modify" visible="true" version="1" lat="25.014540194023333" lon="121.46540041320429"/>
  <node id="1220" action="modify" visible="true" version="1" lat="25.01453880355127" lon="121.46539882664749"/>
  <node id="1221" action="modify" visible="true" version="1" lat="25.01453744585612" lon="121.46539721548329"/>
  <node id="1222" action="modify" visible="true" version="1" lat="25.014602318155088" lon="121.46537617226012"/>
  <node id="1223" action="modify" visible="true" version="1" lat="25.014601478071537" lon="121.46537697646849"/>
  <node id="1224" action="modify" visible="true" version="1" lat="25.014600634656457" lon="121.46537777204796"/>
  <node id="1225" action="modify" visible="true" version="1" lat="25.014599786676317" lon="121.4653785575381"/>
  <node id="1226" action="modify" visible="true" version="1" lat="25.014598932897577" lon="121.4653793314783"/>
  <node id="1227" action="modify" visible="true" version="1" lat="25.014598072086713" lon="121.46538009240807"/>
  <node id="1228" action="modify" visible="true" version="1" lat="25.014597203010165" lon="121.46538083886685"/>
  <node id="1229" action="modify" visible="true" version="1" lat="25.014596324434397" lon="121.46538156939408"/>
  <node id="1230" action="modify" visible="true" version="1" lat="25.014595435125887" lon="121.46538228252922"/>
  <node id="1231" action="modify" visible="true" version="1" lat="25.014594533851078" lon="121.46538297681177"/>
  <node id="1232" action="modify" visible="true" version="1" lat="25.014593619376434" lon="121.46538365078109"/>
  <node id="1233" action="modify" visible="true" version="1" lat="25.014592690468422" lon="121.4653843029768"/>
  <node id="1234" action="modify" visible="true" version="1" lat="25.014591745893497" lon="121.46538493193816"/>
  <node id="1235" action="modify" visible="true" version="1" lat="25.01459078441813" lon="121.46538553620478"/>
  <node id="1236" action="modify" visible="true" version="1" lat="25.014589804808754" lon="121.465386114316"/>
  <node id="1237" action="modify" visible="true" version="1" lat="25.01458880584496" lon="121.46538666479287"/>
  <node id="1238" action="modify" visible="true" version="1" lat="25.014587787426365" lon="121.465387184571"/>
  <node id="1239" action="modify" visible="true" version="1" lat="25.014586751414207" lon="121.46538766781013"/>
  <node id="1240" action="modify" visible="true" version="1" lat="25.014585699867826" lon="121.46538810838949"/>
  <node id="1241" action="modify" visible="true" version="1" lat="25.014584634846596" lon="121.46538850018824"/>
  <node id="1242" action="modify" visible="true" version="1" lat="25.014583558409882" lon="121.46538883708567"/>
  <node id="1243" action="modify" visible="true" version="1" lat="25.014582472617064" lon="121.46538911296098"/>
  <node id="1244" action="modify" visible="true" version="1" lat="25.01458137952749" lon="121.46538932169332"/>
  <node id="1245" action="modify" visible="true" version="1" lat="25.01458028120053" lon="121.465389457162"/>
  <node id="1246" action="modify" visible="true" version="1" lat="25.014579179695538" lon="121.4653895132462"/>
  <node id="1247" action="modify" visible="true" version="1" lat="25.014578077101152" lon="121.4653894839853"/>
  <node id="1248" action="modify" visible="true" version="1" lat="25.0145769764782" lon="121.46538936874289"/>
  <node id="1249" action="modify" visible="true" version="1" lat="25.014575882062694" lon="121.46538917331793"/>
  <node id="1250" action="modify" visible="true" version="1" lat="25.014574798160947" lon="121.46538890389454"/>
  <node id="1251" action="modify" visible="true" version="1" lat="25.0145737290793" lon="121.46538856665681"/>
  <node id="1252" action="modify" visible="true" version="1" lat="25.014572679119453" lon="121.46538816778595"/>
  <node id="1253" action="modify" visible="true" version="1" lat="25.014571651316825" lon="121.46538771267636"/>
  <node id="1254" action="modify" visible="true" version="1" lat="25.01457064572351" lon="121.46538720486897"/>
  <node id="1255" action="modify" visible="true" version="1" lat="25.01456966196218" lon="121.46538664763789"/>
  <node id="1256" action="modify" visible="true" version="1" lat="25.014568699655563" lon="121.46538604425716"/>
  <node id="1257" action="modify" visible="true" version="1" lat="25.01456775842634" lon="121.465385398001"/>
  <node id="1258" action="modify" visible="true" version="1" lat="25.01456683789723" lon="121.46538471214343"/>
  <node id="1259" action="modify" visible="true" version="1" lat="25.01456593769094" lon="121.46538398995858"/>
  <node id="1260" action="modify" visible="true" version="1" lat="25.01456505743016" lon="121.46538323472062"/>
  <node id="1261" action="modify" visible="true" version="1" lat="25.01456419673759" lon="121.46538244970357"/>
  <node id="1262" action="modify" visible="true" version="1" lat="25.014563355235943" lon="121.46538163818158"/>
  <node id="1263" action="modify" visible="true" version="1" lat="25.01456253254793" lon="121.4653808034288"/>
  <node id="1264" action="modify" visible="true" version="1" lat="25.014561728296236" lon="121.46537994871926"/>
  <node id="1265" action="modify" visible="true" version="1" lat="25.014560942103586" lon="121.46537907732714"/>
  <node id="1266" action="modify" visible="true" version="1" lat="25.014560173592653" lon="121.4653781925265"/>
  <node id="1267" action="modify" visible="true" version="1" lat="25.014559422386167" lon="121.46537729759149"/>
  <node id="1268" action="modify" visible="true" version="1" lat="25.01455868810683" lon="121.4653763957962"/>
  <node id="1269" action="modify" visible="true" version="1" lat="25.014557970377318" lon="121.46537549041473"/>
  <node id="1273" action="modify" visible="true" version="1" lat="25.014587405030937" lon="121.46543395490671"/>
  <node id="1274" action="modify" visible="true" version="1" lat="25.01456814250174" lon="121.46541078800514"/>
  <node id="1278" action="modify" visible="true" version="1" lat="25.014595946288154" lon="121.46547060181038"/>
  <node id="1279" action="modify" visible="true" version="1" lat="25.014595201728785" lon="121.46546977701095"/>
  <node id="1280" action="modify" visible="true" version="1" lat="25.014594454306902" lon="121.46546895430059"/>
  <node id="1281" action="modify" visible="true" version="1" lat="25.014593702349213" lon="121.46546813629857"/>
  <node id="1282" action="modify" visible="true" version="1" lat="25.01459294418234" lon="121.4654673256238"/>
  <node id="1283" action="modify" visible="true" version="1" lat="25.014592178132954" lon="121.46546652489563"/>
  <node id="1284" action="modify" visible="true" version="1" lat="25.01459140252773" lon="121.46546573673308"/>
  <node id="1285" action="modify" visible="true" version="1" lat="25.014590615693294" lon="121.46546496375525"/>
  <node id="1286" action="modify" visible="true" version="1" lat="25.014589815956324" lon="121.46546420858118"/>
  <node id="1287" action="modify" visible="true" version="1" lat="25.014589001643483" lon="121.46546347383016"/>
  <node id="1288" action="modify" visible="true" version="1" lat="25.014588171081417" lon="121.46546276212128"/>
  <node id="1289" action="modify" visible="true" version="1" lat="25.014587322596796" lon="121.46546207607352"/>
  <node id="1290" action="modify" visible="true" version="1" lat="25.01458645451627" lon="121.46546141830613"/>
  <node id="1291" action="modify" visible="true" version="1" lat="25.0145855651665" lon="121.46546079143818"/>
  <node id="1292" action="modify" visible="true" version="1" lat="25.01458465287415" lon="121.46546019808882"/>
  <node id="1293" action="modify" visible="true" version="1" lat="25.014583715972154" lon="121.46545964087908"/>
  <node id="1294" action="modify" visible="true" version="1" lat="25.014582754124323" lon="121.4654591228524"/>
  <node id="1295" action="modify" visible="true" version="1" lat="25.014581769963684" lon="121.4654586479939"/>
  <node id="1296" action="modify" visible="true" version="1" lat="25.014580766524993" lon="121.46545822041628"/>
  <node id="1297" action="modify" visible="true" version="1" lat="25.014579746842987" lon="121.46545784423229"/>
  <node id="1298" action="modify" visible="true" version="1" lat="25.014578713952403" lon="121.46545752355449"/>
  <node id="1299" action="modify" visible="true" version="1" lat="25.014577670888016" lon="121.46545726249573"/>
  <node id="1300" action="modify" visible="true" version="1" lat="25.014576620684558" lon="121.46545706516852"/>
  <node id="1301" action="modify" visible="true" version="1" lat="25.014575566376777" lon="121.46545693568565"/>
  <node id="1302" action="modify" visible="true" version="1" lat="25.014574510999417" lon="121.46545687815974"/>
  <node id="1303" action="modify" visible="true" version="1" lat="25.014573457587243" lon="121.46545689670347"/>
  <node id="1304" action="modify" visible="true" version="1" lat="25.014572409087396" lon="121.46545699474295"/>
  <node id="1305" action="modify" visible="true" version="1" lat="25.014571367552453" lon="121.46545716869156"/>
  <node id="1306" action="modify" visible="true" version="1" lat="25.014570334511507" lon="121.46545741085957"/>
  <node id="1307" action="modify" visible="true" version="1" lat="25.014569311487115" lon="121.46545771350567"/>
  <node id="1308" action="modify" visible="true" version="1" lat="25.014568300001805" lon="121.46545806888841"/>
  <node id="1309" action="modify" visible="true" version="1" lat="25.014567301578097" lon="121.46545846926632"/>
  <node id="1310" action="modify" visible="true" version="1" lat="25.01456631771276" lon="121.46545890698665"/>
  <node id="1311" action="modify" visible="true" version="1" lat="25.014565349092553" lon="121.46545937717696"/>
  <node id="1312" action="modify" visible="true" version="1" lat="25.014564395451483" lon="121.4654598782357"/>
  <node id="1313" action="modify" visible="true" version="1" lat="25.014563456468945" lon="121.46546040874887"/>
  <node id="1314" action="modify" visible="true" version="1" lat="25.01456253182435" lon="121.46546096730223"/>
  <node id="1315" action="modify" visible="true" version="1" lat="25.014561621197092" lon="121.46546155248173"/>
  <node id="1316" action="modify" visible="true" version="1" lat="25.01456072426659" lon="121.46546216287318"/>
  <node id="1317" action="modify" visible="true" version="1" lat="25.01455984071224" lon="121.46546279706244"/>
  <node id="1318" action="modify" visible="true" version="1" lat="25.014558970213457" lon="121.46546345363544"/>
  <node id="1319" action="modify" visible="true" version="1" lat="25.01455811244963" lon="121.46546413117801"/>
  <node id="1320" action="modify" visible="true" version="1" lat="25.014557267100184" lon="121.46546482827604"/>
  <node id="1321" action="modify" visible="true" version="1" lat="25.01455643384452" lon="121.46546554351538"/>
  <node id="1322" action="modify" visible="true" version="1" lat="25.01455561236202" lon="121.46546627548193"/>
  <node id="1323" action="modify" visible="true" version="1" lat="25.014554802332118" lon="121.46546702276154"/>
  <node id="1324" action="modify" visible="true" version="1" lat="25.01455400343421" lon="121.46546778394003"/>
  <node id="1325" action="modify" visible="true" version="1" lat="25.0145532153477" lon="121.46546855760339"/>
  <node id="1326" action="modify" visible="true" version="1" lat="25.01461581060193" lon="121.46544804709426"/>
  <node id="1327" action="modify" visible="true" version="1" lat="25.01461445693063" lon="121.4654465343649"/>
  <node id="1328" action="modify" visible="true" version="1" lat="25.01461307069723" lon="121.46544504946684"/>
  <node id="1329" action="modify" visible="true" version="1" lat="25.014611652213944" lon="121.4654435956087"/>
  <node id="1330" action="modify" visible="true" version="1" lat="25.014610201793012" lon="121.46544217599912"/>
  <node id="1331" action="modify" visible="true" version="1" lat="25.01460871974667" lon="121.46544079384681"/>
  <node id="1332" action="modify" visible="true" version="1" lat="25.01460720638714" lon="121.46543945236033"/>
  <node id="1333" action="modify" visible="true" version="1" lat="25.014605662026653" lon="121.46543815474834"/>
  <node id="1334" action="modify" visible="true" version="1" lat="25.01460408697745" lon="121.46543690421947"/>
  <node id="1335" action="modify" visible="true" version="1" lat="25.014602481551734" lon="121.4654357039824"/>
  <node id="1336" action="modify" visible="true" version="1" lat="25.01460084606175" lon="121.46543455724571"/>
  <node id="1337" action="modify" visible="true" version="1" lat="25.014599180819747" lon="121.46543346721809"/>
  <node id="1338" action="modify" visible="true" version="1" lat="25.014597486137923" lon="121.46543243710816"/>
  <node id="1339" action="modify" visible="true" version="1" lat="25.01459576232852" lon="121.46543147012453"/>
  <node id="1340" action="modify" visible="true" version="1" lat="25.014594009703778" lon="121.4654305694759"/>
  <node id="1341" action="modify" visible="true" version="1" lat="25.014592228575903" lon="121.46542973837086"/>
  <node id="1342" action="modify" visible="true" version="1" lat="25.01459041940809" lon="121.46542897996797"/>
  <node id="1343" action="modify" visible="true" version="1" lat="25.014588584193405" lon="121.4654282969175"/>
  <node id="1344" action="modify" visible="true" version="1" lat="25.01458672581484" lon="121.46542769157432"/>
  <node id="1345" action="modify" visible="true" version="1" lat="25.01458484716635" lon="121.46542716628959"/>
  <node id="1346" action="modify" visible="true" version="1" lat="25.014582951141918" lon="121.46542672341442"/>
  <node id="1347" action="modify" visible="true" version="1" lat="25.014581040635523" lon="121.46542636529996"/>
  <node id="1348" action="modify" visible="true" version="1" lat="25.014579118541146" lon="121.46542609429737"/>
  <node id="1349" action="modify" visible="true" version="1" lat="25.01457718777342" lon="121.46542591264352"/>
  <node id="1350" action="modify" visible="true" version="1" lat="25.014575251552902" lon="121.46542582088354"/>
  <node id="1351" action="modify" visible="true" version="1" lat="25.0145733133339" lon="121.46542581826955"/>
  <node id="1352" action="modify" visible="true" version="1" lat="25.014571376576704" lon="121.46542590402095"/>
  <node id="1353" action="modify" visible="true" version="1" lat="25.01456944474156" lon="121.46542607735708"/>
  <node id="1354" action="modify" visible="true" version="1" lat="25.014567521288736" lon="121.46542633749733"/>
  <node id="1355" action="modify" visible="true" version="1" lat="25.01456560967849" lon="121.46542668366112"/>
  <node id="1356" action="modify" visible="true" version="1" lat="25.014563713314878" lon="121.4654271149796"/>
  <node id="1357" action="modify" visible="true" version="1" lat="25.014561834640034" lon="121.4654276290734"/>
  <node id="1358" action="modify" visible="true" version="1" lat="25.014559975288417" lon="121.46542822229489"/>
  <node id="1359" action="modify" visible="true" version="1" lat="25.01455813686942" lon="121.46542889095733"/>
  <node id="1360" action="modify" visible="true" version="1" lat="25.01455632099244" lon="121.46542963137361"/>
  <node id="1361" action="modify" visible="true" version="1" lat="25.01455452926687" lon="121.46543043985689"/>
  <node id="1362" action="modify" visible="true" version="1" lat="25.01455276330211" lon="121.4654313127203"/>
  <node id="1363" action="modify" visible="true" version="1" lat="25.014551024406362" lon="121.4654322464204"/>
  <node id="1364" action="modify" visible="true" version="1" lat="25.014549312767432" lon="121.46543323794809"/>
  <node id="1365" action="modify" visible="true" version="1" lat="25.014547628312595" lon="121.46543428441836"/>
  <node id="1366" action="modify" visible="true" version="1" lat="25.01454597096911" lon="121.46543538294618"/>
  <node id="1367" action="modify" visible="true" version="1" lat="25.014544340664266" lon="121.46543653064658"/>
  <node id="1368" action="modify" visible="true" version="1" lat="25.01454273732534" lon="121.46543772463455"/>
  <node id="1369" action="modify" visible="true" version="1" lat="25.014541160879602" lon="121.46543896202513"/>
  <node id="1370" action="modify" visible="true" version="1" lat="25.014539611254328" lon="121.46544023993324"/>
  <node id="1371" action="modify" visible="true" version="1" lat="25.01453808837681" lon="121.46544155547402"/>
  <node id="1372" action="modify" visible="true" version="1" lat="25.014536592174313" lon="121.46544290576237"/>
  <node id="1373" action="modify" visible="true" version="1" lat="25.01453512257411" lon="121.46544428791333"/>
  <node id="1377" action="modify" visible="true" version="1" lat="25.014541241645645" lon="121.46540227757781"/>
  <node id="1378" action="modify" visible="true" version="1" lat="25.01456294985422" lon="121.46538191370614"/>
  <node id="1382" action="modify" visible="true" version="1" lat="25.01478712953861" lon="121.46568995845794"/>
  <node id="1383" action="modify" visible="true" version="1" lat="25.01475836442369" lon="121.46565219243054"/>
  <node id="1384" action="modify" visible="true" version="1" lat="25.014809215494292" lon="121.46567010154203"/>
  <node id="1385" action="modify" visible="true" version="1" lat="25.014779157329116" lon="121.46563069692243"/>
  <node id="1389" action="modify" visible="true" version="1" lat="25.0146836639368" lon="121.46556451907585"/>
  <node id="1390" action="modify" visible="true" version="1" lat="25.014677635581826" lon="121.46555262343517"/>
  <node id="1391" action="modify" visible="true" version="1" lat="25.014673677355045" lon="121.46553885689256"/>
  <node id="1392" action="modify" visible="true" version="1" lat="25.01467292166601" lon="121.46552404532203"/>
  <node id="1393" action="modify" visible="true" version="1" lat="25.014675695585655" lon="121.46550976218383"/>
  <node id="1394" action="modify" visible="true" version="1" lat="25.01468109416901" lon="121.46549751678114"/>
  <node id="1395" action="modify" visible="true" version="1" lat="25.0146877798231" lon="121.46548742525438"/>
  <node id="1396" action="modify" visible="true" version="1" lat="25.014708233503377" lon="121.46554859937508"/>
  <node id="1397" action="modify" visible="true" version="1" lat="25.01470449941448" lon="121.46554214765403"/>
  <node id="1398" action="modify" visible="true" version="1" lat="25.014702040901152" lon="121.46553587646973"/>
  <node id="1399" action="modify" visible="true" version="1" lat="25.01470097287256" lon="121.46552955350573"/>
  <node id="1400" action="modify" visible="true" version="1" lat="25.01470157137789" lon="121.46552292260877"/>
  <node id="1401" action="modify" visible="true" version="1" lat="25.01470424150412" lon="121.4655158492061"/>
  <node id="1402" action="modify" visible="true" version="1" lat="25.01470880670893" lon="121.46550864180288"/>
  <node id="1406" action="modify" visible="true" version="1" lat="25.0146408399752" lon="121.46552072052091"/>
  <node id="1407" action="modify" visible="true" version="1" lat="25.014660305152823" lon="121.4654977608195"/>
  <node id="1411" action="modify" visible="true" version="1" lat="25.01454117179154" lon="121.46555251343416"/>
  <node id="1412" action="modify" visible="true" version="1" lat="25.01454981460676" lon="121.46555988872049"/>
  <node id="1413" action="modify" visible="true" version="1" lat="25.014559563543813" lon="121.46556498700896"/>
  <node id="1414" action="modify" visible="true" version="1" lat="25.0145659569045" lon="121.46556658949976"/>
  <node id="1415" action="modify" visible="true" version="1" lat="25.014572618756258" lon="121.46556675709041"/>
  <node id="1416" action="modify" visible="true" version="1" lat="25.01457902382118" lon="121.46556561944635"/>
  <node id="1417" action="modify" visible="true" version="1" lat="25.01452445018936" lon="121.46557797019197"/>
  <node id="1418" action="modify" visible="true" version="1" lat="25.01453849366738" lon="121.46558874127294"/>
  <node id="1419" action="modify" visible="true" version="1" lat="25.014554422697536" lon="121.46559591201677"/>
  <node id="1420" action="modify" visible="true" version="1" lat="25.014566392803182" lon="121.46559802685492"/>
  <node id="1421" action="modify" visible="true" version="1" lat="25.014578400165032" lon="121.46559754404178"/>
  <node id="1422" action="modify" visible="true" version="1" lat="25.014590289946746" lon="121.46559449811207"/>
  <node id="1426" action="modify" visible="true" version="1" lat="25.014563822066062" lon="121.46558735889909"/>
  <node id="1427" action="modify" visible="true" version="1" lat="25.01454081698662" lon="121.46560590813735"/>
  <node id="1431" action="modify" visible="true" version="1" lat="25.01435100220494" lon="121.46567498979296"/>
  <node id="1432" action="modify" visible="true" version="1" lat="25.0144438285069" lon="121.46561773314637"/>
  <node id="1433" action="modify" visible="true" version="1" lat="25.014364808228965" lon="121.4657024927779"/>
  <node id="1434" action="modify" visible="true" version="1" lat="25.014458234948094" lon="121.46564485886068"/>
  <node id="1440" action="modify" visible="true" version="1" lat="25.01462680138656" lon="121.46557395307909">
    <tag k="ele" v="5"/>
  </node>
  <node id="1442" action="modify" visible="true" version="1" lat="25.01462761543975" lon="121.46557485139436">
    <tag k="ele" v="5"/>
  </node>
  <node id="1441" action="modify" visible="true" version="1" lat="25.01462598733336" lon="121.46557305476381">
    <tag k="ele" v="5"/>
  </node>
  <node id="1444" action="modify" visible="true" version="1" lat="25.014715585988114" lon="121.46555809388926">
    <tag k="ele" v="5"/>
  </node>
  <node id="1446" action="modify" visible="true" version="1" lat="25.01471640004072" lon="121.46555899220454">
    <tag k="ele" v="5"/>
  </node>
  <node id="1445" action="modify" visible="true" version="1" lat="25.01471477193551" lon="121.46555719557398">
    <tag k="ele" v="5"/>
  </node>
  <node id="1448" action="modify" visible="true" version="1" lat="25.01461713139891" lon="121.46544958444633">
    <tag k="ele" v="5"/>
  </node>
  <node id="1450" action="modify" visible="true" version="1" lat="25.014617945452166" lon="121.46545048276161">
    <tag k="ele" v="5"/>
  </node>
  <node id="1449" action="modify" visible="true" version="1" lat="25.01461631734565" lon="121.46544868613105">
    <tag k="ele" v="5"/>
  </node>
  <node id="1452" action="modify" visible="true" version="1" lat="25.015673827751815" lon="121.46403425456032">
    <tag k="ele" v="5"/>
  </node>
  <node id="1454" action="modify" visible="true" version="1" lat="25.015674641798057" lon="121.4640351528756">
    <tag k="ele" v="5"/>
  </node>
  <node id="1453" action="modify" visible="true" version="1" lat="25.01567301370556" lon="121.46403335624504">
    <tag k="ele" v="5"/>
  </node>
  <node id="1456" action="modify" visible="true" version="1" lat="25.014514924692314" lon="121.46546468983821">
    <tag k="ele" v="5"/>
  </node>
  <node id="1458" action="modify" visible="true" version="1" lat="25.014515738746248" lon="121.46546558815349">
    <tag k="ele" v="5"/>
  </node>
  <node id="1457" action="modify" visible="true" version="1" lat="25.014514110638373" lon="121.46546379152294">
    <tag k="ele" v="5"/>
  </node>
  <way id="7" action="modify" visible="true" version="1">
    <nd ref="1"/>
    <nd ref="2"/>
    <nd ref="3"/>
  </way>
  <way id="8" action="modify" visible="true" version="1">
    <nd ref="4"/>
    <nd ref="5"/>
    <nd ref="6"/>
  </way>
  <way id="22" action="modify" visible="true" version="1">
    <nd ref="10"/>
    <nd ref="11"/>
    <nd ref="12"/>
    <nd ref="13"/>
    <nd ref="14"/>
    <nd ref="15"/>
  </way>
  <way id="23" action="modify" visible="true" version="1">
    <nd ref="16"/>
    <nd ref="17"/>
    <nd ref="18"/>
    <nd ref="19"/>
    <nd ref="20"/>
    <nd ref="21"/>
  </way>
  <way id="29" action="modify" visible="true" version="1">
    <nd ref="25"/>
    <nd ref="26"/>
    <nd ref="15"/>
  </way>
  <way id="30" action="modify" visible="true" version="1">
    <nd ref="27"/>
    <nd ref="28"/>
    <nd ref="21"/>
  </way>
  <way id="132" action="modify" visible="true" version="1">
    <nd ref="32"/>
    <nd ref="33"/>
    <nd ref="34"/>
    <nd ref="35"/>
    <nd ref="36"/>
    <nd ref="37"/>
    <nd ref="38"/>
    <nd ref="39"/>
    <nd ref="40"/>
    <nd ref="41"/>
    <nd ref="42"/>
    <nd ref="43"/>
    <nd ref="44"/>
    <nd ref="45"/>
    <nd ref="46"/>
    <nd ref="47"/>
    <nd ref="48"/>
    <nd ref="49"/>
    <nd ref="50"/>
    <nd ref="51"/>
    <nd ref="52"/>
    <nd ref="53"/>
    <nd ref="54"/>
    <nd ref="55"/>
    <nd ref="56"/>
    <nd ref="57"/>
    <nd ref="58"/>
    <nd ref="59"/>
    <nd ref="60"/>
    <nd ref="61"/>
    <nd ref="62"/>
    <nd ref="63"/>
    <nd ref="64"/>
    <nd ref="65"/>
    <nd ref="66"/>
    <nd ref="67"/>
    <nd ref="68"/>
    <nd ref="69"/>
    <nd ref="70"/>
    <nd ref="71"/>
    <nd ref="72"/>
    <nd ref="73"/>
    <nd ref="74"/>
    <nd ref="75"/>
    <nd ref="76"/>
    <nd ref="77"/>
    <nd ref="78"/>
    <nd ref="79"/>
    <nd ref="80"/>
    <nd ref="81"/>
  </way>
  <way id="133" action="modify" visible="true" version="1">
    <nd ref="82"/>
    <nd ref="83"/>
    <nd ref="84"/>
    <nd ref="85"/>
    <nd ref="86"/>
    <nd ref="87"/>
    <nd ref="88"/>
    <nd ref="89"/>
    <nd ref="90"/>
    <nd ref="91"/>
    <nd ref="92"/>
    <nd ref="93"/>
    <nd ref="94"/>
    <nd ref="95"/>
    <nd ref="96"/>
    <nd ref="97"/>
    <nd ref="98"/>
    <nd ref="99"/>
    <nd ref="100"/>
    <nd ref="101"/>
    <nd ref="102"/>
    <nd ref="103"/>
    <nd ref="104"/>
    <nd ref="105"/>
    <nd ref="106"/>
    <nd ref="107"/>
    <nd ref="108"/>
    <nd ref="109"/>
    <nd ref="110"/>
    <nd ref="111"/>
    <nd ref="112"/>
    <nd ref="113"/>
    <nd ref="114"/>
    <nd ref="115"/>
    <nd ref="116"/>
    <nd ref="117"/>
    <nd ref="118"/>
    <nd ref="119"/>
    <nd ref="120"/>
    <nd ref="121"/>
    <nd ref="122"/>
    <nd ref="123"/>
    <nd ref="124"/>
    <nd ref="125"/>
    <nd ref="126"/>
    <nd ref="127"/>
    <nd ref="128"/>
    <nd ref="129"/>
    <nd ref="130"/>
    <nd ref="131"/>
  </way>
  <way id="139" action="modify" visible="true" version="1">
    <nd ref="81"/>
    <nd ref="135"/>
    <nd ref="136"/>
  </way>
  <way id="140" action="modify" visible="true" version="1">
    <nd ref="131"/>
    <nd ref="137"/>
    <nd ref="138"/>
  </way>
  <way id="156" action="modify" visible="true" version="1">
    <nd ref="142"/>
    <nd ref="143"/>
    <nd ref="144"/>
    <nd ref="145"/>
    <nd ref="146"/>
    <nd ref="147"/>
    <nd ref="148"/>
  </way>
  <way id="157" action="modify" visible="true" version="1">
    <nd ref="149"/>
    <nd ref="150"/>
    <nd ref="151"/>
    <nd ref="152"/>
    <nd ref="153"/>
    <nd ref="154"/>
    <nd ref="155"/>
  </way>
  <way id="165" action="modify" visible="true" version="1">
    <nd ref="159"/>
    <nd ref="160"/>
    <nd ref="161"/>
  </way>
  <way id="166" action="modify" visible="true" version="1">
    <nd ref="162"/>
    <nd ref="163"/>
    <nd ref="164"/>
  </way>
  <way id="192" action="modify" visible="true" version="1">
    <nd ref="168"/>
    <nd ref="169"/>
    <nd ref="170"/>
    <nd ref="171"/>
    <nd ref="172"/>
    <nd ref="173"/>
    <nd ref="174"/>
    <nd ref="175"/>
    <nd ref="176"/>
    <nd ref="177"/>
    <nd ref="178"/>
    <nd ref="179"/>
  </way>
  <way id="193" action="modify" visible="true" version="1">
    <nd ref="180"/>
    <nd ref="181"/>
    <nd ref="182"/>
    <nd ref="183"/>
    <nd ref="184"/>
    <nd ref="185"/>
    <nd ref="186"/>
    <nd ref="187"/>
    <nd ref="188"/>
    <nd ref="189"/>
    <nd ref="190"/>
    <nd ref="191"/>
  </way>
  <way id="203" action="modify" visible="true" version="1">
    <nd ref="195"/>
    <nd ref="196"/>
    <nd ref="197"/>
    <nd ref="198"/>
  </way>
  <way id="204" action="modify" visible="true" version="1">
    <nd ref="199"/>
    <nd ref="200"/>
    <nd ref="201"/>
    <nd ref="202"/>
  </way>
  <way id="210" action="modify" visible="true" version="1">
    <nd ref="206"/>
    <nd ref="207"/>
    <nd ref="208"/>
    <nd ref="209"/>
  </way>
  <way id="216" action="modify" visible="true" version="1">
    <nd ref="212"/>
    <nd ref="213"/>
    <nd ref="214"/>
    <nd ref="215"/>
  </way>
  <way id="242" action="modify" visible="true" version="1">
    <nd ref="218"/>
    <nd ref="219"/>
    <nd ref="220"/>
    <nd ref="221"/>
    <nd ref="222"/>
    <nd ref="223"/>
    <nd ref="224"/>
    <nd ref="225"/>
    <nd ref="226"/>
    <nd ref="227"/>
    <nd ref="228"/>
    <nd ref="229"/>
  </way>
  <way id="243" action="modify" visible="true" version="1">
    <nd ref="230"/>
    <nd ref="231"/>
    <nd ref="232"/>
    <nd ref="233"/>
    <nd ref="234"/>
    <nd ref="235"/>
    <nd ref="236"/>
    <nd ref="237"/>
    <nd ref="238"/>
    <nd ref="239"/>
    <nd ref="240"/>
    <nd ref="241"/>
  </way>
  <way id="251" action="modify" visible="true" version="1">
    <nd ref="245"/>
    <nd ref="246"/>
    <nd ref="247"/>
  </way>
  <way id="252" action="modify" visible="true" version="1">
    <nd ref="248"/>
    <nd ref="249"/>
    <nd ref="250"/>
  </way>
  <way id="260" action="modify" visible="true" version="1">
    <nd ref="254"/>
    <nd ref="255"/>
    <nd ref="256"/>
  </way>
  <way id="261" action="modify" visible="true" version="1">
    <nd ref="257"/>
    <nd ref="258"/>
    <nd ref="259"/>
  </way>
  <way id="289" action="modify" visible="true" version="1">
    <nd ref="263"/>
    <nd ref="264"/>
    <nd ref="265"/>
    <nd ref="266"/>
    <nd ref="267"/>
    <nd ref="268"/>
    <nd ref="269"/>
    <nd ref="270"/>
    <nd ref="271"/>
    <nd ref="272"/>
    <nd ref="273"/>
    <nd ref="274"/>
    <nd ref="275"/>
  </way>
  <way id="290" action="modify" visible="true" version="1">
    <nd ref="276"/>
    <nd ref="277"/>
    <nd ref="278"/>
    <nd ref="279"/>
    <nd ref="280"/>
    <nd ref="281"/>
    <nd ref="282"/>
    <nd ref="283"/>
    <nd ref="284"/>
    <nd ref="285"/>
    <nd ref="286"/>
    <nd ref="287"/>
    <nd ref="288"/>
  </way>
  <way id="304" action="modify" visible="true" version="1">
    <nd ref="292"/>
    <nd ref="293"/>
    <nd ref="294"/>
    <nd ref="295"/>
    <nd ref="296"/>
    <nd ref="297"/>
    <nd ref="298"/>
    <nd ref="299"/>
    <nd ref="300"/>
    <nd ref="301"/>
    <nd ref="302"/>
    <nd ref="303"/>
    <nd ref="4"/>
  </way>
  <way id="310" action="modify" visible="true" version="1">
    <nd ref="306"/>
    <nd ref="307"/>
    <nd ref="10"/>
  </way>
  <way id="311" action="modify" visible="true" version="1">
    <nd ref="308"/>
    <nd ref="309"/>
    <nd ref="16"/>
  </way>
  <way id="315" action="modify" visible="true" version="1">
    <nd ref="313"/>
    <nd ref="314"/>
    <nd ref="27"/>
  </way>
  <way id="318" action="modify" visible="true" version="1">
    <nd ref="6"/>
    <nd ref="317"/>
    <nd ref="82"/>
  </way>
  <way id="326" action="modify" visible="true" version="1">
    <nd ref="320"/>
    <nd ref="321"/>
    <nd ref="322"/>
  </way>
  <way id="327" action="modify" visible="true" version="1">
    <nd ref="323"/>
    <nd ref="324"/>
    <nd ref="325"/>
  </way>
  <way id="333" action="modify" visible="true" version="1">
    <nd ref="15"/>
    <nd ref="329"/>
    <nd ref="330"/>
  </way>
  <way id="334" action="modify" visible="true" version="1">
    <nd ref="21"/>
    <nd ref="331"/>
    <nd ref="332"/>
  </way>
  <way id="350" action="modify" visible="true" version="1">
    <nd ref="336"/>
    <nd ref="337"/>
    <nd ref="338"/>
    <nd ref="339"/>
    <nd ref="340"/>
    <nd ref="341"/>
    <nd ref="342"/>
  </way>
  <way id="351" action="modify" visible="true" version="1">
    <nd ref="343"/>
    <nd ref="344"/>
    <nd ref="345"/>
    <nd ref="346"/>
    <nd ref="347"/>
    <nd ref="348"/>
    <nd ref="349"/>
  </way>
  <way id="359" action="modify" visible="true" version="1">
    <nd ref="353"/>
    <nd ref="354"/>
    <nd ref="355"/>
  </way>
  <way id="360" action="modify" visible="true" version="1">
    <nd ref="356"/>
    <nd ref="357"/>
    <nd ref="358"/>
  </way>
  <way id="364" action="modify" visible="true" version="1">
    <nd ref="136"/>
    <nd ref="362"/>
    <nd ref="142"/>
  </way>
  <way id="365" action="modify" visible="true" version="1">
    <nd ref="138"/>
    <nd ref="363"/>
    <nd ref="149"/>
  </way>
  <way id="467" action="modify" visible="true" version="1">
    <nd ref="367"/>
    <nd ref="368"/>
    <nd ref="369"/>
    <nd ref="370"/>
    <nd ref="371"/>
    <nd ref="372"/>
    <nd ref="373"/>
    <nd ref="374"/>
    <nd ref="375"/>
    <nd ref="376"/>
    <nd ref="377"/>
    <nd ref="378"/>
    <nd ref="379"/>
    <nd ref="380"/>
    <nd ref="381"/>
    <nd ref="382"/>
    <nd ref="383"/>
    <nd ref="384"/>
    <nd ref="385"/>
    <nd ref="386"/>
    <nd ref="387"/>
    <nd ref="388"/>
    <nd ref="389"/>
    <nd ref="390"/>
    <nd ref="391"/>
    <nd ref="392"/>
    <nd ref="393"/>
    <nd ref="394"/>
    <nd ref="395"/>
    <nd ref="396"/>
    <nd ref="397"/>
    <nd ref="398"/>
    <nd ref="399"/>
    <nd ref="400"/>
    <nd ref="401"/>
    <nd ref="402"/>
    <nd ref="403"/>
    <nd ref="404"/>
    <nd ref="405"/>
    <nd ref="406"/>
    <nd ref="407"/>
    <nd ref="408"/>
    <nd ref="409"/>
    <nd ref="410"/>
    <nd ref="411"/>
    <nd ref="412"/>
    <nd ref="413"/>
    <nd ref="414"/>
    <nd ref="415"/>
    <nd ref="416"/>
  </way>
  <way id="468" action="modify" visible="true" version="1">
    <nd ref="417"/>
    <nd ref="418"/>
    <nd ref="419"/>
    <nd ref="420"/>
    <nd ref="421"/>
    <nd ref="422"/>
    <nd ref="423"/>
    <nd ref="424"/>
    <nd ref="425"/>
    <nd ref="426"/>
    <nd ref="427"/>
    <nd ref="428"/>
    <nd ref="429"/>
    <nd ref="430"/>
    <nd ref="431"/>
    <nd ref="432"/>
    <nd ref="433"/>
    <nd ref="434"/>
    <nd ref="435"/>
    <nd ref="436"/>
    <nd ref="437"/>
    <nd ref="438"/>
    <nd ref="439"/>
    <nd ref="440"/>
    <nd ref="441"/>
    <nd ref="442"/>
    <nd ref="443"/>
    <nd ref="444"/>
    <nd ref="445"/>
    <nd ref="446"/>
    <nd ref="447"/>
    <nd ref="448"/>
    <nd ref="449"/>
    <nd ref="450"/>
    <nd ref="451"/>
    <nd ref="452"/>
    <nd ref="453"/>
    <nd ref="454"/>
    <nd ref="455"/>
    <nd ref="456"/>
    <nd ref="457"/>
    <nd ref="458"/>
    <nd ref="459"/>
    <nd ref="460"/>
    <nd ref="461"/>
    <nd ref="462"/>
    <nd ref="463"/>
    <nd ref="464"/>
    <nd ref="465"/>
    <nd ref="466"/>
  </way>
  <way id="568" action="modify" visible="true" version="1">
    <nd ref="416"/>
    <nd ref="470"/>
    <nd ref="471"/>
    <nd ref="472"/>
    <nd ref="473"/>
    <nd ref="474"/>
    <nd ref="475"/>
    <nd ref="476"/>
    <nd ref="477"/>
    <nd ref="478"/>
    <nd ref="479"/>
    <nd ref="480"/>
    <nd ref="481"/>
    <nd ref="482"/>
    <nd ref="483"/>
    <nd ref="484"/>
    <nd ref="485"/>
    <nd ref="486"/>
    <nd ref="487"/>
    <nd ref="488"/>
    <nd ref="489"/>
    <nd ref="490"/>
    <nd ref="491"/>
    <nd ref="492"/>
    <nd ref="493"/>
    <nd ref="494"/>
    <nd ref="495"/>
    <nd ref="496"/>
    <nd ref="497"/>
    <nd ref="498"/>
    <nd ref="499"/>
    <nd ref="500"/>
    <nd ref="501"/>
    <nd ref="502"/>
    <nd ref="503"/>
    <nd ref="504"/>
    <nd ref="505"/>
    <nd ref="506"/>
    <nd ref="507"/>
    <nd ref="508"/>
    <nd ref="509"/>
    <nd ref="510"/>
    <nd ref="511"/>
    <nd ref="512"/>
    <nd ref="513"/>
    <nd ref="514"/>
    <nd ref="515"/>
    <nd ref="516"/>
    <nd ref="517"/>
    <nd ref="518"/>
  </way>
  <way id="569" action="modify" visible="true" version="1">
    <nd ref="466"/>
    <nd ref="519"/>
    <nd ref="520"/>
    <nd ref="521"/>
    <nd ref="522"/>
    <nd ref="523"/>
    <nd ref="524"/>
    <nd ref="525"/>
    <nd ref="526"/>
    <nd ref="527"/>
    <nd ref="528"/>
    <nd ref="529"/>
    <nd ref="530"/>
    <nd ref="531"/>
    <nd ref="532"/>
    <nd ref="533"/>
    <nd ref="534"/>
    <nd ref="535"/>
    <nd ref="536"/>
    <nd ref="537"/>
    <nd ref="538"/>
    <nd ref="539"/>
    <nd ref="540"/>
    <nd ref="541"/>
    <nd ref="542"/>
    <nd ref="543"/>
    <nd ref="544"/>
    <nd ref="545"/>
    <nd ref="546"/>
    <nd ref="547"/>
    <nd ref="548"/>
    <nd ref="549"/>
    <nd ref="550"/>
    <nd ref="551"/>
    <nd ref="552"/>
    <nd ref="553"/>
    <nd ref="554"/>
    <nd ref="555"/>
    <nd ref="556"/>
    <nd ref="557"/>
    <nd ref="558"/>
    <nd ref="559"/>
    <nd ref="560"/>
    <nd ref="561"/>
    <nd ref="562"/>
    <nd ref="563"/>
    <nd ref="564"/>
    <nd ref="565"/>
    <nd ref="566"/>
    <nd ref="567"/>
  </way>
  <way id="573" action="modify" visible="true" version="1">
    <nd ref="161"/>
    <nd ref="571"/>
    <nd ref="168"/>
  </way>
  <way id="574" action="modify" visible="true" version="1">
    <nd ref="164"/>
    <nd ref="572"/>
    <nd ref="180"/>
  </way>
  <way id="582" action="modify" visible="true" version="1">
    <nd ref="576"/>
    <nd ref="577"/>
    <nd ref="578"/>
  </way>
  <way id="583" action="modify" visible="true" version="1">
    <nd ref="579"/>
    <nd ref="580"/>
    <nd ref="581"/>
  </way>
  <way id="683" action="modify" visible="true" version="1">
    <nd ref="585"/>
    <nd ref="586"/>
    <nd ref="587"/>
    <nd ref="588"/>
    <nd ref="589"/>
    <nd ref="590"/>
    <nd ref="591"/>
    <nd ref="592"/>
    <nd ref="593"/>
    <nd ref="594"/>
    <nd ref="595"/>
    <nd ref="596"/>
    <nd ref="597"/>
    <nd ref="598"/>
    <nd ref="599"/>
    <nd ref="600"/>
    <nd ref="601"/>
    <nd ref="602"/>
    <nd ref="603"/>
    <nd ref="604"/>
    <nd ref="605"/>
    <nd ref="606"/>
    <nd ref="607"/>
    <nd ref="608"/>
    <nd ref="609"/>
    <nd ref="610"/>
    <nd ref="611"/>
    <nd ref="612"/>
    <nd ref="613"/>
    <nd ref="614"/>
    <nd ref="615"/>
    <nd ref="616"/>
    <nd ref="617"/>
    <nd ref="618"/>
    <nd ref="619"/>
    <nd ref="620"/>
    <nd ref="621"/>
    <nd ref="622"/>
    <nd ref="623"/>
    <nd ref="624"/>
    <nd ref="625"/>
    <nd ref="626"/>
    <nd ref="627"/>
    <nd ref="628"/>
    <nd ref="629"/>
    <nd ref="630"/>
    <nd ref="631"/>
    <nd ref="632"/>
    <nd ref="633"/>
    <nd ref="195"/>
  </way>
  <way id="684" action="modify" visible="true" version="1">
    <nd ref="634"/>
    <nd ref="635"/>
    <nd ref="636"/>
    <nd ref="637"/>
    <nd ref="638"/>
    <nd ref="639"/>
    <nd ref="640"/>
    <nd ref="641"/>
    <nd ref="642"/>
    <nd ref="643"/>
    <nd ref="644"/>
    <nd ref="645"/>
    <nd ref="646"/>
    <nd ref="647"/>
    <nd ref="648"/>
    <nd ref="649"/>
    <nd ref="650"/>
    <nd ref="651"/>
    <nd ref="652"/>
    <nd ref="653"/>
    <nd ref="654"/>
    <nd ref="655"/>
    <nd ref="656"/>
    <nd ref="657"/>
    <nd ref="658"/>
    <nd ref="659"/>
    <nd ref="660"/>
    <nd ref="661"/>
    <nd ref="662"/>
    <nd ref="663"/>
    <nd ref="664"/>
    <nd ref="665"/>
    <nd ref="666"/>
    <nd ref="667"/>
    <nd ref="668"/>
    <nd ref="669"/>
    <nd ref="670"/>
    <nd ref="671"/>
    <nd ref="672"/>
    <nd ref="673"/>
    <nd ref="674"/>
    <nd ref="675"/>
    <nd ref="676"/>
    <nd ref="677"/>
    <nd ref="678"/>
    <nd ref="679"/>
    <nd ref="680"/>
    <nd ref="681"/>
    <nd ref="682"/>
    <nd ref="199"/>
  </way>
  <way id="735" action="modify" visible="true" version="1">
    <nd ref="686"/>
    <nd ref="687"/>
    <nd ref="688"/>
    <nd ref="689"/>
    <nd ref="690"/>
    <nd ref="691"/>
    <nd ref="692"/>
    <nd ref="693"/>
    <nd ref="694"/>
    <nd ref="695"/>
    <nd ref="696"/>
    <nd ref="697"/>
    <nd ref="698"/>
    <nd ref="699"/>
    <nd ref="700"/>
    <nd ref="701"/>
    <nd ref="702"/>
    <nd ref="703"/>
    <nd ref="704"/>
    <nd ref="705"/>
    <nd ref="706"/>
    <nd ref="707"/>
    <nd ref="708"/>
    <nd ref="709"/>
    <nd ref="710"/>
    <nd ref="711"/>
    <nd ref="712"/>
    <nd ref="713"/>
    <nd ref="714"/>
    <nd ref="715"/>
    <nd ref="716"/>
    <nd ref="717"/>
    <nd ref="718"/>
    <nd ref="719"/>
    <nd ref="720"/>
    <nd ref="721"/>
    <nd ref="722"/>
    <nd ref="723"/>
    <nd ref="724"/>
    <nd ref="725"/>
    <nd ref="726"/>
    <nd ref="727"/>
    <nd ref="728"/>
    <nd ref="729"/>
    <nd ref="730"/>
    <nd ref="731"/>
    <nd ref="732"/>
    <nd ref="733"/>
    <nd ref="734"/>
    <nd ref="206"/>
  </way>
  <way id="786" action="modify" visible="true" version="1">
    <nd ref="737"/>
    <nd ref="738"/>
    <nd ref="739"/>
    <nd ref="740"/>
    <nd ref="741"/>
    <nd ref="742"/>
    <nd ref="743"/>
    <nd ref="744"/>
    <nd ref="745"/>
    <nd ref="746"/>
    <nd ref="747"/>
    <nd ref="748"/>
    <nd ref="749"/>
    <nd ref="750"/>
    <nd ref="751"/>
    <nd ref="752"/>
    <nd ref="753"/>
    <nd ref="754"/>
    <nd ref="755"/>
    <nd ref="756"/>
    <nd ref="757"/>
    <nd ref="758"/>
    <nd ref="759"/>
    <nd ref="760"/>
    <nd ref="761"/>
    <nd ref="762"/>
    <nd ref="763"/>
    <nd ref="764"/>
    <nd ref="765"/>
    <nd ref="766"/>
    <nd ref="767"/>
    <nd ref="768"/>
    <nd ref="769"/>
    <nd ref="770"/>
    <nd ref="771"/>
    <nd ref="772"/>
    <nd ref="773"/>
    <nd ref="774"/>
    <nd ref="775"/>
    <nd ref="776"/>
    <nd ref="777"/>
    <nd ref="778"/>
    <nd ref="779"/>
    <nd ref="780"/>
    <nd ref="781"/>
    <nd ref="782"/>
    <nd ref="783"/>
    <nd ref="784"/>
    <nd ref="785"/>
    <nd ref="212"/>
  </way>
  <way id="790" action="modify" visible="true" version="1">
    <nd ref="229"/>
    <nd ref="788"/>
    <nd ref="245"/>
  </way>
  <way id="791" action="modify" visible="true" version="1">
    <nd ref="241"/>
    <nd ref="789"/>
    <nd ref="248"/>
  </way>
  <way id="889" action="modify" visible="true" version="1">
    <nd ref="247"/>
    <nd ref="793"/>
    <nd ref="794"/>
    <nd ref="795"/>
    <nd ref="796"/>
    <nd ref="797"/>
    <nd ref="798"/>
    <nd ref="799"/>
    <nd ref="800"/>
    <nd ref="801"/>
    <nd ref="802"/>
    <nd ref="803"/>
    <nd ref="804"/>
    <nd ref="805"/>
    <nd ref="806"/>
    <nd ref="807"/>
    <nd ref="808"/>
    <nd ref="809"/>
    <nd ref="810"/>
    <nd ref="811"/>
    <nd ref="812"/>
    <nd ref="813"/>
    <nd ref="814"/>
    <nd ref="815"/>
    <nd ref="816"/>
    <nd ref="817"/>
    <nd ref="818"/>
    <nd ref="819"/>
    <nd ref="820"/>
    <nd ref="821"/>
    <nd ref="822"/>
    <nd ref="823"/>
    <nd ref="824"/>
    <nd ref="825"/>
    <nd ref="826"/>
    <nd ref="827"/>
    <nd ref="828"/>
    <nd ref="829"/>
    <nd ref="830"/>
    <nd ref="831"/>
    <nd ref="832"/>
    <nd ref="833"/>
    <nd ref="834"/>
    <nd ref="835"/>
    <nd ref="836"/>
    <nd ref="837"/>
    <nd ref="838"/>
    <nd ref="839"/>
    <nd ref="840"/>
    <nd ref="686"/>
  </way>
  <way id="890" action="modify" visible="true" version="1">
    <nd ref="250"/>
    <nd ref="841"/>
    <nd ref="842"/>
    <nd ref="843"/>
    <nd ref="844"/>
    <nd ref="845"/>
    <nd ref="846"/>
    <nd ref="847"/>
    <nd ref="848"/>
    <nd ref="849"/>
    <nd ref="850"/>
    <nd ref="851"/>
    <nd ref="852"/>
    <nd ref="853"/>
    <nd ref="854"/>
    <nd ref="855"/>
    <nd ref="856"/>
    <nd ref="857"/>
    <nd ref="858"/>
    <nd ref="859"/>
    <nd ref="860"/>
    <nd ref="861"/>
    <nd ref="862"/>
    <nd ref="863"/>
    <nd ref="864"/>
    <nd ref="865"/>
    <nd ref="866"/>
    <nd ref="867"/>
    <nd ref="868"/>
    <nd ref="869"/>
    <nd ref="870"/>
    <nd ref="871"/>
    <nd ref="872"/>
    <nd ref="873"/>
    <nd ref="874"/>
    <nd ref="875"/>
    <nd ref="876"/>
    <nd ref="877"/>
    <nd ref="878"/>
    <nd ref="879"/>
    <nd ref="880"/>
    <nd ref="881"/>
    <nd ref="882"/>
    <nd ref="883"/>
    <nd ref="884"/>
    <nd ref="885"/>
    <nd ref="886"/>
    <nd ref="887"/>
    <nd ref="888"/>
    <nd ref="737"/>
  </way>
  <way id="896" action="modify" visible="true" version="1">
    <nd ref="247"/>
    <nd ref="892"/>
    <nd ref="893"/>
  </way>
  <way id="897" action="modify" visible="true" version="1">
    <nd ref="250"/>
    <nd ref="894"/>
    <nd ref="895"/>
  </way>
  <way id="903" action="modify" visible="true" version="1">
    <nd ref="899"/>
    <nd ref="900"/>
    <nd ref="254"/>
  </way>
  <way id="904" action="modify" visible="true" version="1">
    <nd ref="901"/>
    <nd ref="902"/>
    <nd ref="257"/>
  </way>
  <way id="1004" action="modify" visible="true" version="1">
    <nd ref="893"/>
    <nd ref="906"/>
    <nd ref="907"/>
    <nd ref="908"/>
    <nd ref="909"/>
    <nd ref="910"/>
    <nd ref="911"/>
    <nd ref="912"/>
    <nd ref="913"/>
    <nd ref="914"/>
    <nd ref="915"/>
    <nd ref="916"/>
    <nd ref="917"/>
    <nd ref="918"/>
    <nd ref="919"/>
    <nd ref="920"/>
    <nd ref="921"/>
    <nd ref="922"/>
    <nd ref="923"/>
    <nd ref="924"/>
    <nd ref="925"/>
    <nd ref="926"/>
    <nd ref="927"/>
    <nd ref="928"/>
    <nd ref="929"/>
    <nd ref="930"/>
    <nd ref="931"/>
    <nd ref="932"/>
    <nd ref="933"/>
    <nd ref="934"/>
    <nd ref="935"/>
    <nd ref="936"/>
    <nd ref="937"/>
    <nd ref="938"/>
    <nd ref="939"/>
    <nd ref="940"/>
    <nd ref="941"/>
    <nd ref="942"/>
    <nd ref="943"/>
    <nd ref="944"/>
    <nd ref="945"/>
    <nd ref="946"/>
    <nd ref="947"/>
    <nd ref="948"/>
    <nd ref="949"/>
    <nd ref="950"/>
    <nd ref="951"/>
    <nd ref="952"/>
    <nd ref="953"/>
    <nd ref="954"/>
  </way>
  <way id="1005" action="modify" visible="true" version="1">
    <nd ref="895"/>
    <nd ref="955"/>
    <nd ref="956"/>
    <nd ref="957"/>
    <nd ref="958"/>
    <nd ref="959"/>
    <nd ref="960"/>
    <nd ref="961"/>
    <nd ref="962"/>
    <nd ref="963"/>
    <nd ref="964"/>
    <nd ref="965"/>
    <nd ref="966"/>
    <nd ref="967"/>
    <nd ref="968"/>
    <nd ref="969"/>
    <nd ref="970"/>
    <nd ref="971"/>
    <nd ref="972"/>
    <nd ref="973"/>
    <nd ref="974"/>
    <nd ref="975"/>
    <nd ref="976"/>
    <nd ref="977"/>
    <nd ref="978"/>
    <nd ref="979"/>
    <nd ref="980"/>
    <nd ref="981"/>
    <nd ref="982"/>
    <nd ref="983"/>
    <nd ref="984"/>
    <nd ref="985"/>
    <nd ref="986"/>
    <nd ref="987"/>
    <nd ref="988"/>
    <nd ref="989"/>
    <nd ref="990"/>
    <nd ref="991"/>
    <nd ref="992"/>
    <nd ref="993"/>
    <nd ref="994"/>
    <nd ref="995"/>
    <nd ref="996"/>
    <nd ref="997"/>
    <nd ref="998"/>
    <nd ref="999"/>
    <nd ref="1000"/>
    <nd ref="1001"/>
    <nd ref="1002"/>
    <nd ref="1003"/>
  </way>
  <way id="1021" action="modify" visible="true" version="1">
    <nd ref="256"/>
    <nd ref="1007"/>
    <nd ref="1008"/>
    <nd ref="1009"/>
    <nd ref="1010"/>
    <nd ref="1011"/>
    <nd ref="1012"/>
    <nd ref="1013"/>
  </way>
  <way id="1022" action="modify" visible="true" version="1">
    <nd ref="259"/>
    <nd ref="1014"/>
    <nd ref="1015"/>
    <nd ref="1016"/>
    <nd ref="1017"/>
    <nd ref="1018"/>
    <nd ref="1019"/>
    <nd ref="1020"/>
  </way>
  <way id="1036" action="modify" visible="true" version="1">
    <nd ref="322"/>
    <nd ref="1024"/>
    <nd ref="1025"/>
    <nd ref="1026"/>
    <nd ref="1027"/>
    <nd ref="1028"/>
    <nd ref="1029"/>
    <nd ref="893"/>
  </way>
  <way id="1037" action="modify" visible="true" version="1">
    <nd ref="325"/>
    <nd ref="1030"/>
    <nd ref="1031"/>
    <nd ref="1032"/>
    <nd ref="1033"/>
    <nd ref="1034"/>
    <nd ref="1035"/>
    <nd ref="895"/>
  </way>
  <way id="1043" action="modify" visible="true" version="1">
    <nd ref="322"/>
    <nd ref="1039"/>
    <nd ref="1040"/>
    <nd ref="634"/>
  </way>
  <way id="1044" action="modify" visible="true" version="1">
    <nd ref="325"/>
    <nd ref="1041"/>
    <nd ref="1042"/>
    <nd ref="686"/>
  </way>
  <way id="1056" action="modify" visible="true" version="1">
    <nd ref="322"/>
    <nd ref="1046"/>
    <nd ref="1047"/>
    <nd ref="1048"/>
    <nd ref="1049"/>
    <nd ref="1050"/>
    <nd ref="585"/>
  </way>
  <way id="1057" action="modify" visible="true" version="1">
    <nd ref="325"/>
    <nd ref="1051"/>
    <nd ref="1052"/>
    <nd ref="1053"/>
    <nd ref="1054"/>
    <nd ref="1055"/>
    <nd ref="634"/>
  </way>
  <way id="1155" action="modify" visible="true" version="1">
    <nd ref="330"/>
    <nd ref="1059"/>
    <nd ref="1060"/>
    <nd ref="1061"/>
    <nd ref="1062"/>
    <nd ref="1063"/>
    <nd ref="1064"/>
    <nd ref="1065"/>
    <nd ref="1066"/>
    <nd ref="1067"/>
    <nd ref="1068"/>
    <nd ref="1069"/>
    <nd ref="1070"/>
    <nd ref="1071"/>
    <nd ref="1072"/>
    <nd ref="1073"/>
    <nd ref="1074"/>
    <nd ref="1075"/>
    <nd ref="1076"/>
    <nd ref="1077"/>
    <nd ref="1078"/>
    <nd ref="1079"/>
    <nd ref="1080"/>
    <nd ref="1081"/>
    <nd ref="1082"/>
    <nd ref="1083"/>
    <nd ref="1084"/>
    <nd ref="1085"/>
    <nd ref="1086"/>
    <nd ref="1087"/>
    <nd ref="1088"/>
    <nd ref="1089"/>
    <nd ref="1090"/>
    <nd ref="1091"/>
    <nd ref="1092"/>
    <nd ref="1093"/>
    <nd ref="1094"/>
    <nd ref="1095"/>
    <nd ref="1096"/>
    <nd ref="1097"/>
    <nd ref="1098"/>
    <nd ref="1099"/>
    <nd ref="1100"/>
    <nd ref="1101"/>
    <nd ref="1102"/>
    <nd ref="1103"/>
    <nd ref="1104"/>
    <nd ref="1105"/>
    <nd ref="1106"/>
    <nd ref="367"/>
  </way>
  <way id="1156" action="modify" visible="true" version="1">
    <nd ref="332"/>
    <nd ref="1107"/>
    <nd ref="1108"/>
    <nd ref="1109"/>
    <nd ref="1110"/>
    <nd ref="1111"/>
    <nd ref="1112"/>
    <nd ref="1113"/>
    <nd ref="1114"/>
    <nd ref="1115"/>
    <nd ref="1116"/>
    <nd ref="1117"/>
    <nd ref="1118"/>
    <nd ref="1119"/>
    <nd ref="1120"/>
    <nd ref="1121"/>
    <nd ref="1122"/>
    <nd ref="1123"/>
    <nd ref="1124"/>
    <nd ref="1125"/>
    <nd ref="1126"/>
    <nd ref="1127"/>
    <nd ref="1128"/>
    <nd ref="1129"/>
    <nd ref="1130"/>
    <nd ref="1131"/>
    <nd ref="1132"/>
    <nd ref="1133"/>
    <nd ref="1134"/>
    <nd ref="1135"/>
    <nd ref="1136"/>
    <nd ref="1137"/>
    <nd ref="1138"/>
    <nd ref="1139"/>
    <nd ref="1140"/>
    <nd ref="1141"/>
    <nd ref="1142"/>
    <nd ref="1143"/>
    <nd ref="1144"/>
    <nd ref="1145"/>
    <nd ref="1146"/>
    <nd ref="1147"/>
    <nd ref="1148"/>
    <nd ref="1149"/>
    <nd ref="1150"/>
    <nd ref="1151"/>
    <nd ref="1152"/>
    <nd ref="1153"/>
    <nd ref="1154"/>
    <nd ref="417"/>
  </way>
  <way id="1164" action="modify" visible="true" version="1">
    <nd ref="330"/>
    <nd ref="1158"/>
    <nd ref="1159"/>
    <nd ref="1160"/>
    <nd ref="159"/>
  </way>
  <way id="1165" action="modify" visible="true" version="1">
    <nd ref="332"/>
    <nd ref="1161"/>
    <nd ref="1162"/>
    <nd ref="1163"/>
    <nd ref="162"/>
  </way>
  <way id="1171" action="modify" visible="true" version="1">
    <nd ref="342"/>
    <nd ref="1167"/>
    <nd ref="1168"/>
    <nd ref="353"/>
  </way>
  <way id="1172" action="modify" visible="true" version="1">
    <nd ref="349"/>
    <nd ref="1169"/>
    <nd ref="1170"/>
    <nd ref="356"/>
  </way>
  <way id="1270" action="modify" visible="true" version="1">
    <nd ref="355"/>
    <nd ref="1174"/>
    <nd ref="1175"/>
    <nd ref="1176"/>
    <nd ref="1177"/>
    <nd ref="1178"/>
    <nd ref="1179"/>
    <nd ref="1180"/>
    <nd ref="1181"/>
    <nd ref="1182"/>
    <nd ref="1183"/>
    <nd ref="1184"/>
    <nd ref="1185"/>
    <nd ref="1186"/>
    <nd ref="1187"/>
    <nd ref="1188"/>
    <nd ref="1189"/>
    <nd ref="1190"/>
    <nd ref="1191"/>
    <nd ref="1192"/>
    <nd ref="1193"/>
    <nd ref="1194"/>
    <nd ref="1195"/>
    <nd ref="1196"/>
    <nd ref="1197"/>
    <nd ref="1198"/>
    <nd ref="1199"/>
    <nd ref="1200"/>
    <nd ref="1201"/>
    <nd ref="1202"/>
    <nd ref="1203"/>
    <nd ref="1204"/>
    <nd ref="1205"/>
    <nd ref="1206"/>
    <nd ref="1207"/>
    <nd ref="1208"/>
    <nd ref="1209"/>
    <nd ref="1210"/>
    <nd ref="1211"/>
    <nd ref="1212"/>
    <nd ref="1213"/>
    <nd ref="1214"/>
    <nd ref="1215"/>
    <nd ref="1216"/>
    <nd ref="1217"/>
    <nd ref="1218"/>
    <nd ref="1219"/>
    <nd ref="1220"/>
    <nd ref="1221"/>
    <nd ref="899"/>
  </way>
  <way id="1271" action="modify" visible="true" version="1">
    <nd ref="358"/>
    <nd ref="1222"/>
    <nd ref="1223"/>
    <nd ref="1224"/>
    <nd ref="1225"/>
    <nd ref="1226"/>
    <nd ref="1227"/>
    <nd ref="1228"/>
    <nd ref="1229"/>
    <nd ref="1230"/>
    <nd ref="1231"/>
    <nd ref="1232"/>
    <nd ref="1233"/>
    <nd ref="1234"/>
    <nd ref="1235"/>
    <nd ref="1236"/>
    <nd ref="1237"/>
    <nd ref="1238"/>
    <nd ref="1239"/>
    <nd ref="1240"/>
    <nd ref="1241"/>
    <nd ref="1242"/>
    <nd ref="1243"/>
    <nd ref="1244"/>
    <nd ref="1245"/>
    <nd ref="1246"/>
    <nd ref="1247"/>
    <nd ref="1248"/>
    <nd ref="1249"/>
    <nd ref="1250"/>
    <nd ref="1251"/>
    <nd ref="1252"/>
    <nd ref="1253"/>
    <nd ref="1254"/>
    <nd ref="1255"/>
    <nd ref="1256"/>
    <nd ref="1257"/>
    <nd ref="1258"/>
    <nd ref="1259"/>
    <nd ref="1260"/>
    <nd ref="1261"/>
    <nd ref="1262"/>
    <nd ref="1263"/>
    <nd ref="1264"/>
    <nd ref="1265"/>
    <nd ref="1266"/>
    <nd ref="1267"/>
    <nd ref="1268"/>
    <nd ref="1269"/>
    <nd ref="901"/>
  </way>
  <way id="1275" action="modify" visible="true" version="1">
    <nd ref="355"/>
    <nd ref="1273"/>
    <nd ref="320"/>
  </way>
  <way id="1276" action="modify" visible="true" version="1">
    <nd ref="358"/>
    <nd ref="1274"/>
    <nd ref="323"/>
  </way>
  <way id="1374" action="modify" visible="true" version="1">
    <nd ref="518"/>
    <nd ref="1278"/>
    <nd ref="1279"/>
    <nd ref="1280"/>
    <nd ref="1281"/>
    <nd ref="1282"/>
    <nd ref="1283"/>
    <nd ref="1284"/>
    <nd ref="1285"/>
    <nd ref="1286"/>
    <nd ref="1287"/>
    <nd ref="1288"/>
    <nd ref="1289"/>
    <nd ref="1290"/>
    <nd ref="1291"/>
    <nd ref="1292"/>
    <nd ref="1293"/>
    <nd ref="1294"/>
    <nd ref="1295"/>
    <nd ref="1296"/>
    <nd ref="1297"/>
    <nd ref="1298"/>
    <nd ref="1299"/>
    <nd ref="1300"/>
    <nd ref="1301"/>
    <nd ref="1302"/>
    <nd ref="1303"/>
    <nd ref="1304"/>
    <nd ref="1305"/>
    <nd ref="1306"/>
    <nd ref="1307"/>
    <nd ref="1308"/>
    <nd ref="1309"/>
    <nd ref="1310"/>
    <nd ref="1311"/>
    <nd ref="1312"/>
    <nd ref="1313"/>
    <nd ref="1314"/>
    <nd ref="1315"/>
    <nd ref="1316"/>
    <nd ref="1317"/>
    <nd ref="1318"/>
    <nd ref="1319"/>
    <nd ref="1320"/>
    <nd ref="1321"/>
    <nd ref="1322"/>
    <nd ref="1323"/>
    <nd ref="1324"/>
    <nd ref="1325"/>
    <nd ref="320"/>
  </way>
  <way id="1375" action="modify" visible="true" version="1">
    <nd ref="567"/>
    <nd ref="1326"/>
    <nd ref="1327"/>
    <nd ref="1328"/>
    <nd ref="1329"/>
    <nd ref="1330"/>
    <nd ref="1331"/>
    <nd ref="1332"/>
    <nd ref="1333"/>
    <nd ref="1334"/>
    <nd ref="1335"/>
    <nd ref="1336"/>
    <nd ref="1337"/>
    <nd ref="1338"/>
    <nd ref="1339"/>
    <nd ref="1340"/>
    <nd ref="1341"/>
    <nd ref="1342"/>
    <nd ref="1343"/>
    <nd ref="1344"/>
    <nd ref="1345"/>
    <nd ref="1346"/>
    <nd ref="1347"/>
    <nd ref="1348"/>
    <nd ref="1349"/>
    <nd ref="1350"/>
    <nd ref="1351"/>
    <nd ref="1352"/>
    <nd ref="1353"/>
    <nd ref="1354"/>
    <nd ref="1355"/>
    <nd ref="1356"/>
    <nd ref="1357"/>
    <nd ref="1358"/>
    <nd ref="1359"/>
    <nd ref="1360"/>
    <nd ref="1361"/>
    <nd ref="1362"/>
    <nd ref="1363"/>
    <nd ref="1364"/>
    <nd ref="1365"/>
    <nd ref="1366"/>
    <nd ref="1367"/>
    <nd ref="1368"/>
    <nd ref="1369"/>
    <nd ref="1370"/>
    <nd ref="1371"/>
    <nd ref="1372"/>
    <nd ref="1373"/>
    <nd ref="323"/>
  </way>
  <way id="1379" action="modify" visible="true" version="1">
    <nd ref="518"/>
    <nd ref="1377"/>
    <nd ref="899"/>
  </way>
  <way id="1380" action="modify" visible="true" version="1">
    <nd ref="567"/>
    <nd ref="1378"/>
    <nd ref="901"/>
  </way>
  <way id="1386" action="modify" visible="true" version="1">
    <nd ref="1382"/>
    <nd ref="1383"/>
    <nd ref="576"/>
  </way>
  <way id="1387" action="modify" visible="true" version="1">
    <nd ref="1384"/>
    <nd ref="1385"/>
    <nd ref="579"/>
  </way>
  <way id="1403" action="modify" visible="true" version="1">
    <nd ref="578"/>
    <nd ref="1389"/>
    <nd ref="1390"/>
    <nd ref="1391"/>
    <nd ref="1392"/>
    <nd ref="1393"/>
    <nd ref="1394"/>
    <nd ref="1395"/>
    <nd ref="159"/>
  </way>
  <way id="1404" action="modify" visible="true" version="1">
    <nd ref="581"/>
    <nd ref="1396"/>
    <nd ref="1397"/>
    <nd ref="1398"/>
    <nd ref="1399"/>
    <nd ref="1400"/>
    <nd ref="1401"/>
    <nd ref="1402"/>
    <nd ref="162"/>
  </way>
  <way id="1408" action="modify" visible="true" version="1">
    <nd ref="578"/>
    <nd ref="1406"/>
    <nd ref="367"/>
  </way>
  <way id="1409" action="modify" visible="true" version="1">
    <nd ref="581"/>
    <nd ref="1407"/>
    <nd ref="417"/>
  </way>
  <way id="1423" action="modify" visible="true" version="1">
    <nd ref="954"/>
    <nd ref="1411"/>
    <nd ref="1412"/>
    <nd ref="1413"/>
    <nd ref="1414"/>
    <nd ref="1415"/>
    <nd ref="1416"/>
    <nd ref="15"/>
  </way>
  <way id="1424" action="modify" visible="true" version="1">
    <nd ref="1003"/>
    <nd ref="1417"/>
    <nd ref="1418"/>
    <nd ref="1419"/>
    <nd ref="1420"/>
    <nd ref="1421"/>
    <nd ref="1422"/>
    <nd ref="21"/>
  </way>
  <way id="1428" action="modify" visible="true" version="1">
    <nd ref="954"/>
    <nd ref="1426"/>
    <nd ref="81"/>
  </way>
  <way id="1429" action="modify" visible="true" version="1">
    <nd ref="1003"/>
    <nd ref="1427"/>
    <nd ref="131"/>
  </way>
  <way id="1435" action="modify" visible="true" version="1">
    <nd ref="1431"/>
    <nd ref="1432"/>
    <nd ref="306"/>
  </way>
  <way id="1436" action="modify" visible="true" version="1">
    <nd ref="1433"/>
    <nd ref="1434"/>
    <nd ref="308"/>
  </way>
  <way id="1439" action="modify" visible="true" version="1">
    <nd ref="1440"/>
    <nd ref="1442"/>
    <nd ref="1441"/>
    <tag k="subtype" v=""/>
    <tag k="type" v="traffic_light"/>
  </way>
  <way id="1443" action="modify" visible="true" version="1">
    <nd ref="1444"/>
    <nd ref="1446"/>
    <nd ref="1445"/>
    <tag k="subtype" v=""/>
    <tag k="type" v="traffic_light"/>
  </way>
  <way id="1447" action="modify" visible="true" version="1">
    <nd ref="1448"/>
    <nd ref="1450"/>
    <nd ref="1449"/>
    <tag k="subtype" v=""/>
    <tag k="type" v="traffic_light"/>
  </way>
  <way id="1451" action="modify" visible="true" version="1">
    <nd ref="1452"/>
    <nd ref="1454"/>
    <nd ref="1453"/>
    <tag k="subtype" v=""/>
    <tag k="type" v="traffic_light"/>
  </way>
  <way id="1455" action="modify" visible="true" version="1">
    <nd ref="1456"/>
    <nd ref="1458"/>
    <nd ref="1457"/>
    <tag k="subtype" v=""/>
    <tag k="type" v="traffic_light"/>
  </way>
  <way id="1459" action="modify" visible="true" version="1">
    <nd ref="179"/>
    <nd ref="191"/>
  </way>
  <way id="1461" action="modify" visible="true" version="1">
    <nd ref="322"/>
    <nd ref="325"/>
  </way>
  <way id="1463" action="modify" visible="true" version="1">
    <nd ref="330"/>
    <nd ref="332"/>
  </way>
  <way id="1465" action="modify" visible="true" version="1">
    <nd ref="518"/>
    <nd ref="567"/>
  </way>
  <way id="1467" action="modify" visible="true" version="1">
    <nd ref="578"/>
    <nd ref="581"/>
  </way>
  <relation id="9" action="modify" visible="true" version="1">
    <member type="way" ref="8" role="right"/>
    <member type="way" ref="7" role="left"/>
    <tag k="type" v="lanelet"/>
    <tag k="subtype" v="road"/>
    <tag k="location" v="urban"/>
  </relation>
  <relation id="24" action="modify" visible="true" version="1">
    <member type="way" ref="23" role="right"/>
    <member type="way" ref="22" role="left"/>
    <tag k="type" v="lanelet"/>
    <tag k="subtype" v="road"/>
    <tag k="location" v="urban"/>
  </relation>
  <relation id="31" action="modify" visible="true" version="1">
    <member type="way" ref="30" role="right"/>
    <member type="way" ref="29" role="left"/>
    <tag k="type" v="lanelet"/>
    <tag k="subtype" v="road"/>
    <tag k="location" v="urban"/>
  </relation>
  <relation id="134" action="modify" visible="true" version="1">
    <member type="way" ref="133" role="right"/>
    <member type="way" ref="132" role="left"/>
    <tag k="type" v="lanelet"/>
    <tag k="subtype" v="road"/>
    <tag k="location" v="urban"/>
  </relation>
  <relation id="141" action="modify" visible="true" version="1">
    <member type="way" ref="140" role="right"/>
    <member type="way" ref="139" role="left"/>
    <tag k="type" v="lanelet"/>
    <tag k="subtype" v="road"/>
    <tag k="location" v="urban"/>
  </relation>
  <relation id="158" action="modify" visible="true" version="1">
    <member type="way" ref="157" role="right"/>
    <member type="way" ref="156" role="left"/>
    <tag k="type" v="lanelet"/>
    <tag k="subtype" v="road"/>
    <tag k="location" v="urban"/>
  </relation>
  <relation id="167" action="modify" visible="true" version="1">
    <member type="way" ref="166" role="right"/>
    <member type="way" ref="165" role="left"/>
    <tag k="type" v="lanelet"/>
    <tag k="subtype" v="road"/>
    <tag k="location" v="urban"/>
  </relation>
  <relation id="194" action="modify" visible="true" version="1">
    <member type="way" ref="193" role="right"/>
    <member type="way" ref="192" role="left"/>
    <member type="relation" ref="1460" role="regulatory_element"/>
    <tag k="type" v="lanelet"/>
    <tag k="subtype" v="road"/>
    <tag k="location" v="urban"/>
  </relation>
  <relation id="205" action="modify" visible="true" version="1">
    <member type="way" ref="204" role="right"/>
    <member type="way" ref="203" role="left"/>
    <tag k="type" v="lanelet"/>
    <tag k="subtype" v="road"/>
    <tag k="location" v="urban"/>
  </relation>
  <relation id="211" action="modify" visible="true" version="1">
    <member type="way" ref="210" role="right"/>
    <member type="way" ref="204" role="left"/>
    <tag k="type" v="lanelet"/>
    <tag k="subtype" v="road"/>
    <tag k="location" v="urban"/>
  </relation>
  <relation id="217" action="modify" visible="true" version="1">
    <member type="way" ref="216" role="right"/>
    <member type="way" ref="210" role="left"/>
    <tag k="type" v="lanelet"/>
    <tag k="subtype" v="road"/>
    <tag k="location" v="urban"/>
  </relation>
  <relation id="244" action="modify" visible="true" version="1">
    <member type="way" ref="243" role="right"/>
    <member type="way" ref="242" role="left"/>
    <tag k="type" v="lanelet"/>
    <tag k="subtype" v="road"/>
    <tag k="location" v="urban"/>
  </relation>
  <relation id="253" action="modify" visible="true" version="1">
    <member type="way" ref="252" role="right"/>
    <member type="way" ref="251" role="left"/>
    <tag k="type" v="lanelet"/>
    <tag k="subtype" v="road"/>
    <tag k="location" v="urban"/>
  </relation>
  <relation id="262" action="modify" visible="true" version="1">
    <member type="way" ref="261" role="right"/>
    <member type="way" ref="260" role="left"/>
    <tag k="type" v="lanelet"/>
    <tag k="subtype" v="road"/>
    <tag k="location" v="urban"/>
  </relation>
  <relation id="291" action="modify" visible="true" version="1">
    <member type="way" ref="290" role="right"/>
    <member type="way" ref="289" role="left"/>
    <tag k="type" v="lanelet"/>
    <tag k="subtype" v="road"/>
    <tag k="location" v="urban"/>
  </relation>
  <relation id="305" action="modify" visible="true" version="1">
    <member type="way" ref="304" role="right"/>
    <member type="way" ref="290" role="left"/>
    <tag k="type" v="lanelet"/>
    <tag k="subtype" v="road"/>
    <tag k="location" v="urban"/>
  </relation>
  <relation id="312" action="modify" visible="true" version="1">
    <member type="way" ref="311" role="right"/>
    <member type="way" ref="310" role="left"/>
    <tag k="type" v="lanelet"/>
    <tag k="subtype" v="road"/>
    <tag k="location" v="urban"/>
  </relation>
  <relation id="316" action="modify" visible="true" version="1">
    <member type="way" ref="315" role="right"/>
    <member type="way" ref="311" role="left"/>
    <tag k="type" v="lanelet"/>
    <tag k="subtype" v="road"/>
    <tag k="location" v="urban"/>
  </relation>
  <relation id="319" action="modify" visible="true" version="1">
    <member type="way" ref="318" role="right"/>
    <member type="way" ref="315" role="left"/>
    <tag k="type" v="lanelet"/>
    <tag k="subtype" v="road"/>
    <tag k="location" v="urban"/>
  </relation>
  <relation id="328" action="modify" visible="true" version="1">
    <member type="way" ref="327" role="right"/>
    <member type="way" ref="326" role="left"/>
    <member type="relation" ref="1462" role="regulatory_element"/>
    <tag k="type" v="lanelet"/>
    <tag k="subtype" v="road"/>
    <tag k="location" v="urban"/>
  </relation>
  <relation id="335" action="modify" visible="true" version="1">
    <member type="way" ref="334" role="right"/>
    <member type="way" ref="333" role="left"/>
    <member type="relation" ref="1464" role="regulatory_element"/>
    <tag k="type" v="lanelet"/>
    <tag k="subtype" v="road"/>
    <tag k="location" v="urban"/>
  </relation>
  <relation id="352" action="modify" visible="true" version="1">
    <member type="way" ref="351" role="right"/>
    <member type="way" ref="350" role="left"/>
    <tag k="type" v="lanelet"/>
    <tag k="subtype" v="road"/>
    <tag k="location" v="urban"/>
  </relation>
  <relation id="361" action="modify" visible="true" version="1">
    <member type="way" ref="360" role="right"/>
    <member type="way" ref="359" role="left"/>
    <tag k="type" v="lanelet"/>
    <tag k="subtype" v="road"/>
    <tag k="location" v="urban"/>
  </relation>
  <relation id="366" action="modify" visible="true" version="1">
    <member type="way" ref="365" role="right"/>
    <member type="way" ref="364" role="left"/>
    <tag k="type" v="lanelet"/>
    <tag k="subtype" v="road"/>
    <tag k="location" v="urban"/>
  </relation>
  <relation id="469" action="modify" visible="true" version="1">
    <member type="way" ref="468" role="right"/>
    <member type="way" ref="467" role="left"/>
    <tag k="type" v="lanelet"/>
    <tag k="subtype" v="road"/>
    <tag k="location" v="urban"/>
  </relation>
  <relation id="570" action="modify" visible="true" version="1">
    <member type="way" ref="569" role="right"/>
    <member type="way" ref="568" role="left"/>
    <member type="relation" ref="1466" role="regulatory_element"/>
    <tag k="type" v="lanelet"/>
    <tag k="subtype" v="road"/>
    <tag k="location" v="urban"/>
  </relation>
  <relation id="575" action="modify" visible="true" version="1">
    <member type="way" ref="574" role="right"/>
    <member type="way" ref="573" role="left"/>
    <tag k="type" v="lanelet"/>
    <tag k="subtype" v="road"/>
    <tag k="location" v="urban"/>
  </relation>
  <relation id="584" action="modify" visible="true" version="1">
    <member type="way" ref="583" role="right"/>
    <member type="way" ref="582" role="left"/>
    <member type="relation" ref="1468" role="regulatory_element"/>
    <tag k="type" v="lanelet"/>
    <tag k="subtype" v="road"/>
    <tag k="location" v="urban"/>
  </relation>
  <relation id="685" action="modify" visible="true" version="1">
    <member type="way" ref="684" role="right"/>
    <member type="way" ref="683" role="left"/>
    <tag k="type" v="lanelet"/>
    <tag k="subtype" v="road"/>
    <tag k="location" v="urban"/>
  </relation>
  <relation id="736" action="modify" visible="true" version="1">
    <member type="way" ref="735" role="right"/>
    <member type="way" ref="684" role="left"/>
    <tag k="type" v="lanelet"/>
    <tag k="subtype" v="road"/>
    <tag k="location" v="urban"/>
  </relation>
  <relation id="787" action="modify" visible="true" version="1">
    <member type="way" ref="786" role="right"/>
    <member type="way" ref="735" role="left"/>
    <tag k="type" v="lanelet"/>
    <tag k="subtype" v="road"/>
    <tag k="location" v="urban"/>
  </relation>
  <relation id="792" action="modify" visible="true" version="1">
    <member type="way" ref="791" role="right"/>
    <member type="way" ref="790" role="left"/>
    <tag k="type" v="lanelet"/>
    <tag k="subtype" v="road"/>
    <tag k="location" v="urban"/>
  </relation>
  <relation id="891" action="modify" visible="true" version="1">
    <member type="way" ref="890" role="right"/>
    <member type="way" ref="889" role="left"/>
    <tag k="type" v="lanelet"/>
    <tag k="subtype" v="road"/>
    <tag k="location" v="urban"/>
  </relation>
  <relation id="898" action="modify" visible="true" version="1">
    <member type="way" ref="897" role="right"/>
    <member type="way" ref="896" role="left"/>
    <tag k="type" v="lanelet"/>
    <tag k="subtype" v="road"/>
    <tag k="location" v="urban"/>
  </relation>
  <relation id="905" action="modify" visible="true" version="1">
    <member type="way" ref="904" role="right"/>
    <member type="way" ref="903" role="left"/>
    <tag k="type" v="lanelet"/>
    <tag k="subtype" v="road"/>
    <tag k="location" v="urban"/>
  </relation>
  <relation id="1006" action="modify" visible="true" version="1">
    <member type="way" ref="1005" role="right"/>
    <member type="way" ref="1004" role="left"/>
    <tag k="type" v="lanelet"/>
    <tag k="subtype" v="road"/>
    <tag k="location" v="urban"/>
  </relation>
  <relation id="1023" action="modify" visible="true" version="1">
    <member type="way" ref="1022" role="right"/>
    <member type="way" ref="1021" role="left"/>
    <tag k="type" v="lanelet"/>
    <tag k="subtype" v="road"/>
    <tag k="location" v="urban"/>
  </relation>
  <relation id="1038" action="modify" visible="true" version="1">
    <member type="way" ref="1037" role="right"/>
    <member type="way" ref="1036" role="left"/>
    <tag k="type" v="lanelet"/>
    <tag k="subtype" v="road"/>
    <tag k="location" v="urban"/>
  </relation>
  <relation id="1045" action="modify" visible="true" version="1">
    <member type="way" ref="1044" role="right"/>
    <member type="way" ref="1043" role="left"/>
    <tag k="type" v="lanelet"/>
    <tag k="subtype" v="road"/>
    <tag k="location" v="urban"/>
  </relation>
  <relation id="1058" action="modify" visible="true" version="1">
    <member type="way" ref="1057" role="right"/>
    <member type="way" ref="1056" role="left"/>
    <tag k="type" v="lanelet"/>
    <tag k="subtype" v="road"/>
    <tag k="location" v="urban"/>
  </relation>
  <relation id="1157" action="modify" visible="true" version="1">
    <member type="way" ref="1156" role="right"/>
    <member type="way" ref="1155" role="left"/>
    <tag k="type" v="lanelet"/>
    <tag k="subtype" v="road"/>
    <tag k="location" v="urban"/>
  </relation>
  <relation id="1166" action="modify" visible="true" version="1">
    <member type="way" ref="1165" role="right"/>
    <member type="way" ref="1164" role="left"/>
    <tag k="type" v="lanelet"/>
    <tag k="subtype" v="road"/>
    <tag k="location" v="urban"/>
  </relation>
  <relation id="1173" action="modify" visible="true" version="1">
    <member type="way" ref="1172" role="right"/>
    <member type="way" ref="1171" role="left"/>
    <tag k="type" v="lanelet"/>
    <tag k="subtype" v="road"/>
    <tag k="location" v="urban"/>
  </relation>
  <relation id="1272" action="modify" visible="true" version="1">
    <member type="way" ref="1271" role="right"/>
    <member type="way" ref="1270" role="left"/>
    <tag k="type" v="lanelet"/>
    <tag k="subtype" v="road"/>
    <tag k="location" v="urban"/>
  </relation>
  <relation id="1277" action="modify" visible="true" version="1">
    <member type="way" ref="1276" role="right"/>
    <member type="way" ref="1275" role="left"/>
    <tag k="type" v="lanelet"/>
    <tag k="subtype" v="road"/>
    <tag k="location" v="urban"/>
  </relation>
  <relation id="1376" action="modify" visible="true" version="1">
    <member type="way" ref="1375" role="right"/>
    <member type="way" ref="1374" role="left"/>
    <tag k="type" v="lanelet"/>
    <tag k="subtype" v="road"/>
    <tag k="location" v="urban"/>
  </relation>
  <relation id="1381" action="modify" visible="true" version="1">
    <member type="way" ref="1380" role="right"/>
    <member type="way" ref="1379" role="left"/>
    <tag k="type" v="lanelet"/>
    <tag k="subtype" v="road"/>
    <tag k="location" v="urban"/>
  </relation>
  <relation id="1388" action="modify" visible="true" version="1">
    <member type="way" ref="1387" role="right"/>
    <member type="way" ref="1386" role="left"/>
    <tag k="type" v="lanelet"/>
    <tag k="subtype" v="road"/>
    <tag k="location" v="urban"/>
  </relation>
  <relation id="1405" action="modify" visible="true" version="1">
    <member type="way" ref="1404" role="right"/>
    <member type="way" ref="1403" role="left"/>
    <tag k="type" v="lanelet"/>
    <tag k="subtype" v="road"/>
    <tag k="location" v="urban"/>
  </relation>
  <relation id="1410" action="modify" visible="true" version="1">
    <member type="way" ref="1409" role="right"/>
    <member type="way" ref="1408" role="left"/>
    <tag k="type" v="lanelet"/>
    <tag k="subtype" v="road"/>
    <tag k="location" v="urban"/>
  </relation>
  <relation id="1425" action="modify" visible="true" version="1">
    <member type="way" ref="1424" role="right"/>
    <member type="way" ref="1423" role="left"/>
    <tag k="type" v="lanelet"/>
    <tag k="subtype" v="road"/>
    <tag k="location" v="urban"/>
  </relation>
  <relation id="1430" action="modify" visible="true" version="1">
    <member type="way" ref="1429" role="right"/>
    <member type="way" ref="1428" role="left"/>
    <tag k="type" v="lanelet"/>
    <tag k="subtype" v="road"/>
    <tag k="location" v="urban"/>
  </relation>
  <relation id="1437" action="modify" visible="true" version="1">
    <member type="way" ref="1436" role="right"/>
    <member type="way" ref="1435" role="left"/>
    <tag k="type" v="lanelet"/>
    <tag k="subtype" v="road"/>
    <tag k="location" v="urban"/>
  </relation>
  <relation id="1438" action="modify" visible="true" version="1">
    <member type="way" ref="7" role="right"/>
    <member type="way" ref="1436" role="left"/>
    <tag k="type" v="lanelet"/>
    <tag k="subtype" v="road"/>
    <tag k="location" v="urban"/>
  </relation>
  <relation id="1460" action="modify" version="1" visible="true">
    <member type="way" ref="1451" role="refers"/>
    <member type="way" ref="1459" role="ref_line"/>
    <tag k="subtype" v="traffic_light"/>
    <tag k="type" v="regulatory_element"/>
  </relation>
  <relation id="1462" action="modify" version="1" visible="true">
    <member type="way" ref="1455" role="refers"/>
    <member type="way" ref="1461" role="ref_line"/>
    <tag k="subtype" v="traffic_light"/>
    <tag k="type" v="regulatory_element"/>
  </relation>
  <relation id="1464" action="modify" version="1" visible="true">
    <member type="way" ref="1439" role="refers"/>
    <member type="way" ref="1463" role="ref_line"/>
    <tag k="subtype" v="traffic_light"/>
    <tag k="type" v="regulatory_element"/>
  </relation>
  <relation id="1466" action="modify" version="1" visible="true">
    <member type="way" ref="1447" role="refers"/>
    <member type="way" ref="1465" role="ref_line"/>
    <tag k="subtype" v="traffic_light"/>
    <tag k="type" v="regulatory_element"/>
  </relation>
  <relation id="1468" action="modify" version="1" visible="true">
    <member type="way" ref="1443" role="refers"/>
    <member type="way" ref="1467" role="ref_line"/>
    <tag k="subtype" v="traffic_light"/>
    <tag k="type" v="regulatory_element"/>
  </relation>
</osm>
